date,D_F,VIX,Delta_US2Y_abs,Oil_return_abs,ShockScore,is_large_update,is_stress_day,rolling_update_ratio_20d,rolling_stress_ratio_20d
2021-10-13,0.0,18.63999938964844,0.020000000000000018,0.002483201499114074,1.2341607686493248,0,0,0.0,0.0
2021-10-14,0.4293774366378784,16.860000610351562,0.010000000000000009,0.010757384938741232,0.8597690012954933,0,0,0.0,0.0
2021-10-15,0.6116697192192078,16.299999237060547,0.04999999999999999,0.011859069754950546,1.060507762393537,0,0,0.0,0.0
2021-10-18,0.7216931581497192,16.309999465942383,0.030000000000000027,0.0019427356878063406,0.2420828830860636,0,0,0.0,0.0
2021-10-19,0.4258318543434143,15.699999809265137,0.030000000000000027,0.006287767248904785,0.6008712529540917,0,0,0.0,0.0
2021-10-20,0.42493030428886414,15.489999771118164,0.009999999999999953,0.010909460858902875,0.3814065060632132,0,0,0.0,0.0
2021-10-21,0.5622626543045044,15.010000228881836,0.04999999999999999,0.01646972040377115,0.8194300104483,0,0,0.0,0.0
2021-10-22,0.7280667424201965,15.43000030517578,0.02999999999999997,0.01515729872583016,0.573226319788259,0,0,0.0,0.0
2021-10-25,0.7124700546264648,15.239999771118164,0.010000000000000009,0.0,0.4286214444863317,0,0,0.0,0.0
2021-10-26,0.8077433705329895,15.979999542236328,0.0,0.010569534538419134,0.49170670318496207,0,0,0.0,0.0
2021-10-27,0.6459863781929016,16.979999542236328,0.030000000000000027,0.02378927321801605,1.0774521706078497,0,0,0.0,0.0
2021-10-28,0.8539453148841858,16.530000686645508,0.0,0.0018129441767182897,0.5383025769028995,0,0,0.0,0.0
2021-10-29,0.803286612033844,16.260000228881836,0.020000000000000018,0.009135802798019732,0.5668062430641727,0,0,0.0,0.0
2021-11-01,0.8905503153800964,16.40999984741211,0.020000000000000018,0.00572729580185527,0.45828577254415376,1,0,0.07142857142857142,0.0
2021-11-02,0.5641937851905823,16.030000686645508,0.03999999999999998,0.0016670566381833396,0.6108599578253031,0,0,0.06666666666666667,0.0
2021-11-03,0.5772278308868408,15.100000381469728,0.009999999999999953,0.03702556776440247,0.9275812288312841,0,1,0.0625,0.0625
2021-11-04,0.5800332427024841,15.4399995803833,0.06,0.025679410373699696,0.9330720215321661,0,0,0.058823529411764705,0.058823529411764705
2021-11-05,0.8577163219451904,16.479999542236328,0.019999999999999962,0.030737042071998566,0.9233743604638198,1,0,0.1111111111111111,0.05555555555555555
2021-11-08,0.47702279686927795,17.219999313354492,0.06,0.008088324419384563,0.648340359455666,0,0,0.10526315789473684,0.05263157894736842
2021-11-09,0.6822524666786194,17.780000686645508,0.040000000000000036,0.02673571089110105,0.7198304982173737,0,0,0.1,0.05
2021-11-10,0.42686697840690613,18.729999542236328,0.10000000000000003,0.033963083312826825,1.4035945051011538,0,1,0.1,0.1
2021-11-11,0.682772159576416,17.65999984741211,0.0,0.0030688050995824057,0.8424946767110962,0,0,0.1,0.1
2021-11-12,0.8537553548812866,16.290000915527344,0.020000000000000018,0.009853453732612039,0.6054109697209339,0,0,0.1,0.1
2021-11-15,0.7101960182189941,16.489999771118164,0.0,0.0011133339296822697,0.3220212616988963,0,0,0.1,0.1
2021-11-16,0.7840645909309387,16.3700008392334,0.010000000000000009,0.0014847208572588144,0.3634961512193919,0,0,0.1,0.1
2021-11-17,0.5297099947929382,17.110000610351562,0.020000000000000018,0.030168219030816346,0.8310636517781266,0,0,0.1,0.1
2021-11-18,0.7293236255645752,17.59000015258789,0.0,0.008260852906700755,0.4290490737605731,0,0,0.1,0.1
2021-11-19,0.5803402662277222,17.90999984741211,0.0,0.0375262089554429,0.8389990390056834,0,1,0.1,0.15
2021-11-22,0.6206660270690918,19.170000076293945,0.10999999999999999,0.008505141650638315,1.2825611123828455,0,1,0.1,0.2
2021-11-23,0.7630025744438171,19.3799991607666,0.030000000000000027,0.02254523832105626,1.0445643042466863,0,0,0.1,0.2
2021-11-24,0.6934019327163696,18.57999992370605,0.040000000000000036,0.0014022643738220708,0.41214661839303246,0,0,0.1,0.2
2021-11-25,1.043215036392212,18.57999992370605,0.0,0.0,0.1023965368153395,1,0,0.15,0.2
2021-11-26,0.6394708156585693,28.6200008392334,0.14,0.139985179881994,3.2919784319362173,0,1,0.15,0.25
2021-11-29,0.5108470320701599,22.959999084472656,0.010000000000000009,0.026069476951239068,1.1334781219894483,0,0,0.1,0.25
2021-11-30,0.7285590767860413,27.190000534057617,0.010000000000000009,0.05540235037902086,1.4869680134441705,0,1,0.1,0.3
2021-12-01,0.7476843595504761,31.1200008392334,0.040000000000000036,0.00926003748343529,0.8517621214958138,0,1,0.1,0.3
2021-12-02,0.6968482136726379,27.950000762939453,0.06999999999999995,0.014083678040478276,1.0061060346189867,0,1,0.1,0.35
2021-12-03,0.541578471660614,30.670000076293945,0.030000000000000027,0.0036155185499371356,1.0834621409962306,0,1,0.05,0.4
2021-12-06,0.6869478821754456,27.18000030517578,0.050000000000000044,0.04759639747281241,1.3234827159196028,0,1,0.05,0.45
2021-12-07,0.6050274968147278,21.88999938964844,0.04999999999999993,0.03617753821695757,1.2422550064189979,0,1,0.05,0.5
2021-12-08,0.7470893859863281,19.89999961853028,0.019999999999999907,0.004293304160383649,0.7251076579581981,0,0,0.05,0.45
2021-12-09,0.4224797487258911,21.57999992370605,0.019999999999999907,0.019819185201463085,0.8030006371918427,0,0,0.05,0.45
2021-12-10,0.8535817861557007,18.690000534057617,0.029999999999999916,0.010237740696854125,0.6906329282869214,0,0,0.05,0.45
2021-12-13,0.5264833569526672,20.309999465942383,0.010000000000000009,0.005316146485581541,0.6399379569295692,0,0,0.05,0.45
2021-12-14,0.7748671770095825,21.88999938964844,0.010000000000000009,0.007886219462695188,0.6104800958196028,0,0,0.05,0.45
2021-12-15,0.4829743206501007,19.290000915527344,0.019999999999999907,0.001977393068239408,0.7956388666866613,0,0,0.05,0.45
2021-12-16,0.810893714427948,20.56999969482422,0.04999999999999993,0.021082728611518498,1.217030813685764,0,0,0.05,0.45
2021-12-17,0.5150449275970459,21.56999969482422,0.020000000000000018,0.021223872138086186,0.6731489761560213,0,0,0.05,0.4
2021-12-20,0.01773579604923725,22.8700008392334,0.010000000000000009,0.03782170802322238,0.8357750852173929,0,1,0.05,0.4
2021-12-21,0.7842808961868286,21.01000022888184,0.04999999999999993,0.04148422979704236,1.2422125464708966,0,1,0.05,0.45
2021-12-22,0.5260956883430481,18.6299991607666,0.019999999999999907,0.022797753185247238,0.8688902831638684,0,0,0.05,0.45
2021-12-23,0.5302324891090393,17.959999084472656,0.029999999999999916,0.014056850467597748,0.5986971970666833,0,0,0.0,0.45
2021-12-24,0.615578293800354,17.959999084472656,0.0,0.0,0.08971908902705243,0,0,0.0,0.4
2021-12-27,0.5618665218353271,17.68000030517578,0.050000000000000044,0.02383614151683311,0.6876282919594061,0,0,0.0,0.4
2021-12-28,0.8787976503372192,17.540000915527344,0.020000000000000018,0.0054108169469753165,0.2561567997464834,1,0,0.05,0.35
2021-12-29,0.6018015146255493,16.950000762939453,0.010000000000000009,0.007604523314618028,0.4929091726919547,0,0,0.05,0.3
2021-12-30,0.4535060226917267,17.329999923706055,0.020000000000000018,0.005600800287199448,0.42471447058402917,0,0,0.05,0.25
2021-12-31,0.6431536078453064,17.219999313354492,0.0,0.023391326877737484,0.5127508378698565,0,0,0.05,0.2
2022-01-01,0.584075391292572,17.219999313354492,0.0,0.0,0.0,0,0,0.05,0.15
2022-01-03,0.7392203211784363,16.600000381469727,0.050000000000000044,0.011501253639260689,0.9693720749281715,0,0,0.05,0.1
2022-01-04,0.7582739591598511,16.90999984741211,0.010000000000000009,0.011890073238476795,0.6277983517338375,0,0,0.05,0.1
2022-01-05,0.6851685047149658,19.729999542236328,0.05999999999999994,0.011108363136662192,1.1173154153949216,0,0,0.05,0.1
2022-01-06,0.7342820763587952,19.61000061035156,0.050000000000000044,0.020469860184824107,0.8288502770330802,0,0,0.05,0.1
2022-01-07,0.4868837594985962,18.76000022888184,0.010000000000000009,0.007072491673356218,0.6239184269497955,0,0,0.05,0.1
2022-01-10,0.542534589767456,19.39999961853028,0.050000000000000044,0.00852799858316633,0.5096944396710357,0,0,0.05,0.1
2022-01-11,0.7559477686882019,18.40999984741211,0.020000000000000018,0.03750828867967382,1.0423286990559824,0,1,0.05,0.15
2022-01-12,0.7608171701431274,17.6200008392334,0.020000000000000018,0.017332280137976497,0.7944929934191276,0,0,0.05,0.15
2022-01-13,0.7308658361434937,20.309999465942383,0.010000000000000009,0.0063121918290258705,0.8075632641067383,0,0,0.05,0.15
2022-01-14,0.6047748923301697,19.190000534057617,0.07999999999999996,0.020490013259388817,0.9995300812758108,0,1,0.05,0.15
2022-01-17,0.6619709730148315,19.190000534057617,0.0,0.0,0.1862522555923628,0,0,0.05,0.1
2022-01-18,0.7394598722457886,22.790000915527344,0.07000000000000006,0.01902569187968073,1.2562972536021282,0,1,0.05,0.15
2022-01-19,0.5603605508804321,23.850000381469727,0.020000000000000018,0.0177509015490509,0.9746461297479487,0,0,0.05,0.15
2022-01-20,0.6914533972740173,25.59000015258789,0.040000000000000036,0.0006901824544431889,0.8339069920033227,0,0,0.05,0.15
2022-01-21,0.744157075881958,28.850000381469727,0.07000000000000006,0.020461096599159845,1.43128901078921,0,1,0.05,0.2
2022-01-24,0.7079334855079651,29.89999961853028,0.020000000000000018,0.021728392549470676,0.7144782965593985,0,1,0.0,0.25
2022-01-25,0.7671911716461182,31.15999984741211,0.030000000000000027,0.027116704640271827,1.28090336524203,0,1,0.0,0.3
2022-01-26,0.7497045993804932,31.959999084472656,0.10999999999999988,0.02023775378949466,1.059849555788279,0,1,0.0,0.35
2022-01-27,0.5797338485717773,30.489999771118164,0.050000000000000044,0.008507729721423551,1.134628189711169,0,1,0.0,0.4
2022-01-28,0.49223703145980835,27.65999984741211,0.030000000000000027,0.0024217169663280913,1.0614099858123731,0,0,0.0,0.4
2022-01-31,0.9894555807113647,24.82999992370605,0.030000000000000027,0.015202919797498993,0.8083585555708553,1,0,0.05,0.4
2022-02-01,0.8456251621246338,21.959999084472656,0.0,0.0005670022584096657,0.6420064693416938,0,0,0.05,0.4
2022-02-02,0.7770901322364807,22.09000015258789,0.020000000000000018,0.0006800996329197062,0.6373968429448477,0,0,0.05,0.4
2022-02-03,0.670873761177063,24.350000381469727,0.030000000000000027,0.022518114077128004,1.0968094487912214,0,0,0.05,0.4
2022-02-04,0.5999957323074341,23.21999931335449,0.1200000000000001,0.02234730943178942,1.0247086314309177,0,1,0.05,0.45
2022-02-07,0.8247888684272766,22.86000061035156,0.010000000000000009,0.01078263323438744,0.598719623071104,0,0,0.05,0.45
2022-02-08,0.6947100758552551,21.440000534057617,0.050000000000000044,0.021696656728566133,0.8451141971126283,0,0,0.05,0.4
2022-02-09,0.43684452772140503,19.959999084472656,0.010000000000000009,0.0033516179804982116,0.986283574971484,0,0,0.05,0.4
2022-02-10,0.4854663610458374,23.90999984741211,0.25,0.002450637187107141,1.8407819066622035,0,1,0.05,0.45
2022-02-11,0.6105684041976929,27.36000061035156,0.1100000000000001,0.03519875113453885,1.7266221798997836,0,1,0.05,0.45
2022-02-14,0.6459362506866455,28.32999992370605,0.08000000000000007,0.025033134093715326,0.9371915185013313,0,1,0.05,0.5
2022-02-15,0.6020537614822388,25.700000762939453,0.0,0.03615814800191064,1.1632324584537386,0,1,0.05,0.5
2022-02-16,0.517069935798645,24.290000915527344,0.06000000000000005,0.017122088870282326,0.6721070786630983,0,1,0.05,0.55
2022-02-17,0.8786702752113342,28.11000061035156,0.030000000000000027,0.020494746753687565,1.360838664010239,1,0,0.1,0.55
2022-02-18,0.7146701812744141,27.75,0.020000000000000018,0.007548057873018266,0.5682030696576951,0,0,0.1,0.5
2022-02-21,0.908084511756897,27.75,0.0,0.0,0.05479183140946882,1,0,0.15,0.45
2022-02-22,0.5960860252380371,28.809999465942383,0.09000000000000008,0.013957251893741862,0.8229505964523329,0,1,0.15,0.45
2022-02-23,1.255860686302185,31.020000457763672,0.020000000000000018,0.0027107634288379145,0.7234176684214001,1,1,0.2,0.45
2022-02-24,0.9542179703712463,30.31999969482422,0.040000000000000036,0.007679439608249794,0.9475498519883847,1,1,0.25,0.45
2022-02-25,0.5482047200202942,27.59000015258789,0.010000000000000009,0.013232310870709085,1.013027331767363,0,0,0.25,0.45
2022-02-28,0.786002516746521,30.14999961853028,0.1100000000000001,0.044105220361855935,1.5008857302020793,0,1,0.2,0.5
2022-03-01,0.6389968991279602,33.31999969482422,0.1299999999999999,0.07727442881735058,2.38998788210019,0,1,0.2,0.55
2022-03-02,0.5453479290008545,30.739999771118164,0.18999999999999995,0.06721837068148417,2.3115600653441657,0,1,0.2,0.6
2022-03-03,1.004183053970337,30.479999542236328,0.030000000000000027,0.026849098470408173,0.8931646503211326,1,1,0.25,0.65
2022-03-04,0.9067502021789551,31.979999542236328,0.030000000000000027,0.07175678422710519,1.7041529746708908,1,1,0.3,0.65
2022-03-07,0.7668980956077576,36.45000076293945,0.050000000000000044,0.031651452689499315,1.9731370604178007,0,1,0.3,0.7
2022-03-08,0.6592472791671753,35.130001068115234,0.07999999999999985,0.03538004098974756,1.7819116624833542,0,1,0.3,0.75
2022-03-09,0.7396811842918396,32.45000076293945,0.050000000000000044,0.1292674886756897,2.408620622576035,0,1,0.3,0.8
2022-03-10,0.8600996136665344,30.229999542236328,0.040000000000000036,0.024964042155666277,1.1700398963924608,1,1,0.35,0.8
2022-03-11,0.6586817502975464,30.75,0.030000000000000027,0.030743124297906377,0.6896287747599672,0,1,0.35,0.8
2022-03-14,0.538742184638977,31.770000457763672,0.1200000000000001,0.0595447565606646,1.9321685180707233,0,1,0.35,0.8
2022-03-15,0.4884357154369354,29.82999992370605,0.020000000000000018,0.06590501300543394,1.8832796732350272,0,1,0.35,0.8
2022-03-16,0.5988979935646057,26.670000076293945,0.09999999999999987,0.014623213380847488,1.6787574645057088,0,1,0.35,0.8
2022-03-17,0.8384716510772705,25.670000076293945,0.010000000000000009,0.08023696196850416,1.5038297878576754,0,1,0.3,0.85
2022-03-18,0.7213104963302612,23.8700008392334,0.030000000000000027,0.016564261512939105,0.9671653244050814,0,0,0.3,0.85
2022-03-21,0.4818026125431061,23.530000686645508,0.17000000000000015,0.06847066206454233,1.5035407909347145,0,1,0.25,0.9
2022-03-22,0.3662295639514923,22.940000534057617,0.040000000000000036,0.0032160167302421883,0.636472937422357,0,0,0.25,0.85
2022-03-23,0.7231615781784058,23.56999969482422,0.050000000000000266,0.027969515972833925,0.9539518606376599,0,0,0.2,0.8
2022-03-24,0.7540643811225891,21.670000076293945,0.0,0.022793295530145308,0.820419874954617,0,0,0.15,0.75
2022-03-25,0.6420156955718994,20.809999465942383,0.16999999999999993,0.013790929343949543,1.4665186332036322,0,1,0.15,0.8
2022-03-28,1.1553391218185425,19.6299991607666,0.050000000000000266,0.07225922808623242,0.9737376926893366,1,1,0.2,0.8
2022-03-29,0.6167647242546082,18.89999961853028,0.0,0.01636574344035413,0.7758180261447907,0,0,0.2,0.75
2022-03-30,0.39801302552223206,19.32999992370605,0.040000000000000036,0.03376725486989951,1.0084419123399833,0,0,0.2,0.7
2022-03-31,0.7395998239517212,20.559999465942383,0.03000000000000025,0.07249690607595749,1.231454097915777,0,1,0.15,0.7
2022-04-01,0.6216811537742615,19.6299991607666,0.16000000000000014,0.010122884331710047,1.2824456175771841,0,1,0.1,0.7
2022-04-04,0.5509873032569885,18.56999969482422,0.009999999999999787,0.03960035793359484,0.917470302316167,0,1,0.1,0.7
2022-04-05,0.709735631942749,21.030000686645508,0.07999999999999963,0.012863164190395793,1.1332305321524034,0,1,0.1,0.7
2022-04-06,0.8423370718955994,22.100000381469727,0.009999999999999787,0.057839376275845567,0.8691694987091865,0,1,0.1,0.7
2022-04-07,0.8097056746482849,21.549999237060547,0.029999999999999805,0.0020805643145935804,0.6636893781959352,0,0,0.05,0.65
2022-04-08,0.9632015824317932,21.15999984741211,0.05999999999999961,0.022956418542896984,0.7115134623970426,1,0,0.1,0.6
2022-04-11,0.7487547397613525,24.3700008392334,0.029999999999999805,0.0412418992938095,1.5534374607514148,0,1,0.1,0.6
2022-04-12,0.5793178677558899,24.26000022888184,0.10999999999999988,0.06477709331057291,1.394488340573608,0,1,0.1,0.6
2022-04-13,0.3829215466976166,21.81999969482422,0.020000000000000018,0.035639618181054544,0.8746077294038095,0,0,0.1,0.55
2022-04-14,0.7381798624992371,22.700000762939453,0.10000000000000009,0.025569546315068692,1.3298953365474135,0,1,0.1,0.55
2022-04-15,0.7631258964538574,22.700000762939453,0.0,0.0,0.045660739562877514,0,0,0.1,0.55
2022-04-18,0.716566801071167,22.170000076293945,0.010000000000000231,0.011712368128923956,0.5186623130909656,0,0,0.1,0.5
2022-04-19,0.8075966238975525,21.3700008392334,0.1499999999999999,0.05362580575520681,1.5141086097269927,0,1,0.1,0.55
2022-04-20,0.8175273537635803,20.31999969482422,0.009999999999999787,0.0018508840086477463,0.6317271620853189,0,0,0.1,0.55
2022-04-21,0.6429420113563538,22.68000030517578,0.08000000000000007,0.010070782421812474,1.2925823877658638,0,1,0.1,0.6
2022-04-22,0.6244098544120789,28.209999084472656,0.040000000000000036,0.01671078637261747,1.3890871361399346,0,0,0.1,0.55
2022-04-25,0.6265127062797546,27.020000457763672,0.0900000000000003,0.03519628301880129,1.9257603796292682,0,1,0.05,0.55
2022-04-26,1.042819857597351,33.52000045776367,0.08999999999999986,0.0315647066403244,1.9562830438233323,1,1,0.1,0.6
2022-04-27,0.7671579718589783,31.600000381469727,0.040000000000000036,0.0031415665430554185,0.9017803464405474,0,1,0.1,0.65
2022-04-28,0.8325030207633972,29.989999771118164,0.04999999999999982,0.032214223637917705,1.3829945300904318,0,1,0.1,0.65
2022-04-29,0.6180191040039062,33.400001525878906,0.07000000000000028,0.006379437576433666,1.4507219535247797,0,1,0.1,0.65
2022-05-01,0.8652974367141724,33.400001525878906,0.0,0.0,0.0,1,1,0.15,0.65
2022-05-02,1.1023883819580078,32.34000015258789,0.029999999999999805,0.00457444546990704,1.2181203615210252,1,1,0.2,0.65
2022-05-03,0.8273305296897888,29.25,0.04999999999999982,0.02659367127486867,0.98842837450258,0,1,0.2,0.65
2022-05-04,0.9462480545043945,25.420000076293945,0.11999999999999966,0.05138599605893379,1.6373039643529783,1,1,0.25,0.7
2022-05-05,0.8158149123191833,31.200000762939453,0.04999999999999982,0.004165365195665238,1.8252059449873477,0,1,0.2,0.75
2022-05-06,0.7161810398101807,30.190000534057617,0.010000000000000231,0.013851476016464304,0.7429924803218574,0,1,0.2,0.75
2022-05-09,0.7137067914009094,34.75,0.11000000000000032,0.06278487953283118,2.1262635047681893,0,1,0.2,0.75
2022-05-10,0.8172177672386169,32.9900016784668,0.010000000000000231,0.03283503479939398,1.0673130792960508,0,1,0.2,0.8
2022-05-11,0.7416602969169617,32.560001373291016,0.040000000000000036,0.057932164334348,1.290510122276988,0,1,0.2,0.8
2022-05-12,0.782322347164154,31.770000457763672,0.10000000000000009,0.003965244774492227,1.271590202221458,0,1,0.2,0.85
2022-05-13,0.844468355178833,28.8700008392334,0.04999999999999982,0.04026026789661241,1.6901386805531455,0,1,0.2,0.9
2022-05-16,0.7705942988395691,27.46999931335449,0.029999999999999805,0.03302627070805553,0.8126782265958477,0,0,0.2,0.85
2022-05-17,0.6829949617385864,26.100000381469727,0.1299999999999999,0.01588731946396127,1.363194227199457,0,1,0.2,0.9
2022-05-18,0.6366209387779236,30.959999084472656,0.029999999999999805,0.025317854976180776,1.5740528150978637,0,1,0.2,0.9
2022-05-19,0.5588769912719727,29.350000381469727,0.050000000000000266,0.02362601145887755,1.0884531541792268,0,1,0.2,0.95
2022-05-20,0.7118604779243469,29.43000030517578,0.029999999999999805,0.00904907045525949,0.6905166510900486,0,1,0.2,0.95
2022-05-23,0.6403782963752747,28.479999542236328,0.04999999999999982,0.02630790935383498,1.102479646855059,0,0,0.15,0.9
2022-05-24,0.7410736083984375,29.450000762939453,0.1499999999999999,0.004726031501443018,1.352603691537992,0,1,0.15,0.9
2022-05-25,0.5883615612983704,28.3700008392334,0.020000000000000018,0.005088654250673841,0.6920446946819951,0,0,0.15,0.85
2022-05-26,1.0667896270751953,27.5,0.020000000000000018,0.03351168714147423,0.8455999114866812,1,0,0.2,0.8
2022-05-27,0.5702316761016846,25.71999931335449,0.010000000000000231,0.008553057673427844,0.7677780870089693,0,0,0.15,0.75
2022-05-30,0.5894291400909424,25.71999931335449,0.0,0.0,0.12010968805931932,0,0,0.1,0.7
2022-05-31,0.5243154168128967,26.190000534057617,0.05999999999999961,0.0034822141011021657,0.8607969508931802,0,0,0.1,0.65
2022-06-01,0.6630213260650635,25.690000534057617,0.13000000000000034,0.0051320424603567005,1.015693939400738,0,1,0.05,0.65
2022-06-02,0.6064877510070801,24.71999931335449,0.010000000000000231,0.013871764903703898,1.1465288445794204,0,0,0.05,0.6
2022-06-03,0.6771612167358398,24.790000915527344,0.010000000000000231,0.016968252652057814,0.94920302449374,0,0,0.05,0.55
2022-06-06,0.9161191582679749,25.06999969482422,0.06999999999999984,0.003117521523109623,0.7789672493737445,1,1,0.1,0.55
2022-06-07,0.8836591839790344,24.020000457763672,0.020000000000000018,0.007650019638471228,0.6161076408179187,1,0,0.15,0.5
2022-06-08,0.5994699597358704,23.959999084472656,0.029999999999999805,0.022359302629648248,0.7567737459279668,0,0,0.15,0.45
2022-06-09,0.8503960967063904,26.09000015258789,0.050000000000000266,0.004925701342088473,0.9137935197359192,0,0,0.15,0.4
2022-06-10,1.0813568830490112,27.75,0.22999999999999998,0.006937049589774702,2.018042561990858,1,1,0.2,0.4
2022-06-13,0.7803402543067932,34.02000045776367,0.33999999999999986,0.0021523364093152253,3.1248491450802343,0,1,0.2,0.45
2022-06-14,0.8676414489746094,32.689998626708984,0.050000000000000266,0.016676781015592113,1.4836414313112403,1,1,0.25,0.45
2022-06-15,0.7378437519073486,29.6200008392334,0.25,0.03091095469468641,1.7133291621997542,0,1,0.25,0.45
2022-06-16,0.5279762148857117,32.95000076293945,0.06000000000000005,0.019579834081810965,1.651353411208981,0,1,0.25,0.45
2022-06-17,0.6639915108680725,31.1299991607666,0.029999999999999805,0.07073164458114967,1.4739372926908525,0,1,0.25,0.45
2022-06-20,0.6450072526931763,31.1299991607666,0.0,0.0,0.40610041193528895,0,1,0.25,0.5
2022-06-21,0.7325267791748047,30.190000534057617,0.040000000000000036,0.009899758176057816,0.973988075424164,0,1,0.25,0.5
2022-06-22,0.4295218586921692,28.950000762939453,0.1499999999999999,0.04114211488052,1.551406609080377,0,1,0.25,0.55
2022-06-23,0.5779104828834534,29.049999237060547,0.050000000000000266,0.018246308799802158,1.3955261128801253,0,1,0.2,0.6
2022-06-24,0.6745620965957642,27.229999542236328,0.03000000000000025,0.03162287297550925,1.039368171763056,0,0,0.2,0.6
2022-06-27,0.9022438526153564,26.950000762939453,0.040000000000000036,0.01795708204970392,0.8069578869109724,1,0,0.25,0.6
2022-06-28,0.7348101735115051,28.36000061035156,0.020000000000000018,0.01979012243106304,0.8491820208614114,0,0,0.25,0.6
2022-06-29,0.6751266121864319,28.15999984741211,0.040000000000000036,0.017875382060949185,0.7972095554496909,0,0,0.25,0.55
2022-06-30,0.7635748386383057,28.709999084472656,0.14000000000000012,0.03730595569997597,1.672831452243342,0,1,0.25,0.6
2022-07-01,0.7291133999824524,26.700000762939453,0.08000000000000007,0.02493240999635926,1.3291759784119586,0,1,0.25,0.65
2022-07-04,0.8935576677322388,26.700000762939453,0.0,0.0,0.07183264752247502,1,0,0.25,0.6
2022-07-05,0.7900784611701965,27.540000915527344,0.020000000000000018,0.08594716213403952,1.7174338199775454,0,1,0.2,0.65
2022-07-06,0.862229585647583,26.729999542236328,0.15000000000000036,0.00979658621931545,1.4948962589240828,1,1,0.25,0.7
2022-07-07,0.6015816926956177,26.07999992370605,0.05999999999999961,0.04174316196018779,1.5753363112953982,0,1,0.25,0.75
2022-07-08,0.6020716428756714,24.63999938964844,0.0900000000000003,0.019854136318212312,0.9566805363098396,0,1,0.2,0.75
2022-07-11,0.8294483423233032,26.170000076293945,0.050000000000000266,0.006702481878399169,1.327907501553166,0,0,0.2,0.7
2022-07-12,0.638658881187439,27.290000915527344,0.040000000000000036,0.08257577818875106,1.4171341119351213,0,1,0.15,0.7
2022-07-13,0.6723967790603638,26.81999969482422,0.10000000000000009,0.0047882543377104625,0.7604795481556301,0,1,0.15,0.7
2022-07-14,0.6437479257583618,26.39999961853028,0.020000000000000018,0.005414468324593358,0.9884644399199102,0,0,0.15,0.65
2022-07-15,0.5868186354637146,24.229999542236328,0.020000000000000018,0.018721109458313734,1.1772476422875942,0,0,0.15,0.6
2022-07-18,0.6878275275230408,25.299999237060547,0.020000000000000018,0.050062926236642546,1.2820137460498695,0,1,0.15,0.6
2022-07-19,0.5191501379013062,24.5,0.08000000000000007,0.01566614332926708,1.0717885671777454,0,1,0.15,0.6
2022-07-20,0.6438565850257874,23.8799991607666,0.020000000000000018,0.018985450651782365,0.8265074308451091,0,0,0.15,0.55
2022-07-21,0.48480290174484253,23.11000061035156,0.1499999999999999,0.059531231518497485,1.6518916552116154,0,1,0.15,0.55
2022-07-22,0.7162824869155884,23.030000686645508,0.1200000000000001,0.017273411057041166,1.2150327177651532,0,1,0.15,0.6
2022-07-25,0.715069055557251,23.36000061035156,0.020000000000000018,0.020899402933721944,0.5646654408796807,0,0,0.1,0.6
2022-07-26,0.9806917309761047,24.690000534057617,0.020000000000000018,0.017946992435663667,0.7808391180133752,1,0,0.15,0.6
2022-07-27,0.7588105201721191,23.239999771118164,0.06000000000000005,0.023721448475201967,1.145265620365938,0,1,0.15,0.65
2022-07-28,0.7401968240737915,22.32999992370605,0.10999999999999988,0.008674196952688007,1.2461247513828821,0,1,0.15,0.65
2022-07-29,0.7378425598144531,21.32999992370605,0.040000000000000036,0.022560478659059413,1.1532167595610676,0,0,0.15,0.6
2022-08-01,0.8963911533355713,22.84000015258789,0.009999999999999787,0.04915023087638559,0.7430861168750105,1,1,0.15,0.65
2022-08-02,0.8662906289100647,23.93000030517578,0.16000000000000014,0.005629017955736337,1.4414255702250078,1,1,0.2,0.65
2022-08-03,0.7956136465072632,21.950000762939453,0.040000000000000036,0.040636609818898606,1.0454627675056578,0,1,0.15,0.65
2022-08-04,0.4869404733181,21.440000534057617,0.07000000000000028,0.023661848262321428,1.0416120127906383,0,1,0.15,0.65
2022-08-05,0.6882503628730774,21.14999961853028,0.2100000000000004,0.00529430932646946,1.6922831831665444,0,1,0.15,0.65
2022-08-08,0.4268794655799866,21.290000915527344,0.03000000000000025,0.019469936478044403,0.8677170304262408,0,0,0.15,0.65
2022-08-09,0.7550528049468994,21.770000457763672,0.06999999999999984,0.002868832742896288,0.500532442396762,0,1,0.15,0.65
2022-08-10,0.843949019908905,19.739999771118164,0.04999999999999982,0.0156775704894363,0.9154467421581257,0,0,0.15,0.6
2022-08-11,0.9722452759742737,20.200000762939453,0.0,0.02587781784259402,0.8908575428373656,1,0,0.2,0.6
2022-08-12,0.8297335505485535,19.530000686645508,0.020000000000000018,0.024138919071270415,0.7669554714095868,0,0,0.2,0.6
2022-08-15,0.6951227188110352,19.950000762939453,0.04999999999999982,0.029533746260804072,0.8578704594911805,0,0,0.2,0.55
2022-08-16,0.5273119807243347,19.690000534057617,0.04999999999999982,0.032741413194471214,0.6291933022648918,0,0,0.2,0.5
2022-08-17,0.6102713346481323,19.89999961853028,0.029999999999999805,0.018094880294427185,0.7842488655938031,0,0,0.2,0.5
2022-08-18,0.8369830250740051,19.559999465942383,0.05999999999999961,0.026763809900088198,0.6562157119955047,0,0,0.2,0.45
2022-08-19,0.6378414630889893,20.600000381469727,0.029999999999999805,0.002978946849800934,0.885333164209991,0,0,0.2,0.4
2022-08-22,0.6108918786048889,23.799999237060547,0.06999999999999984,0.005966794345088289,1.0830854002782593,0,1,0.2,0.45
2022-08-23,0.9190798401832581,24.11000061035156,0.029999999999999805,0.038162966495077555,0.6096889682299969,1,1,0.2,0.5
2022-08-24,0.9795632362365723,22.81999969482422,0.06999999999999984,0.012193349847795076,0.8758449619296442,1,1,0.25,0.5
2022-08-25,0.7902462482452393,21.780000686645508,0.009999999999999787,0.025293518473556986,0.9560033112386156,0,0,0.25,0.45
2022-08-26,1.332005262374878,25.559999465942383,0.020000000000000018,0.005819619101838924,1.1768214756921456,1,0,0.3,0.45
2022-08-29,0.5828960537910461,26.209999084472656,0.04999999999999982,0.0415696678121682,1.1810515182643486,0,1,0.25,0.45
2022-08-30,0.22489866614341736,26.209999084472656,0.040000000000000036,0.05694623706893953,0.9440956871688306,0,1,0.2,0.45
2022-08-31,0.8766387104988098,25.8700008392334,0.009999999999999787,0.023070688339442036,0.7065135972457678,1,0,0.25,0.4
2022-09-01,0.7739754319190979,25.559999465942383,0.05999999999999961,0.033381873195454936,1.4577628068229884,0,0,0.25,0.35
2022-09-02,0.6537282466888428,25.46999931335449,0.10999999999999988,0.0029974904989016338,0.9241285027508486,0,1,0.25,0.35
2022-09-05,0.567327082157135,25.46999931335449,0.0,0.0,0.1587944467656953,0,0,0.25,0.35
2022-09-06,0.6474024057388306,26.90999984741211,0.10000000000000009,0.00011504468313017213,1.2169492085258988,0,1,0.25,0.35
2022-09-07,0.6929038166999817,24.63999938964844,0.04999999999999982,0.058540522658338645,1.4174867146032502,0,1,0.25,0.4
2022-09-08,0.9138097763061523,23.61000061035156,0.029999999999999805,0.019338268114405643,0.984859409006082,1,0,0.25,0.4
2022-09-09,0.8743664622306824,22.790000915527344,0.08000000000000007,0.038165848176740624,1.3050404785666727,1,1,0.3,0.45
2022-09-12,0.5652616024017334,23.8700008392334,0.020000000000000018,0.011342252148776488,0.799482685179521,0,0,0.3,0.45
2022-09-13,0.6350822448730469,27.270000457763672,0.16999999999999993,0.005368694493483872,1.8148993633654602,0,1,0.3,0.5
2022-09-14,0.7730672955513,26.15999984741211,0.029999999999999805,0.01331159985383934,0.6674401063726275,0,0,0.3,0.5
2022-09-15,0.8917312622070312,26.270000457763672,0.0900000000000003,0.038949558065144885,1.2394440233782036,1,1,0.35,0.55
2022-09-16,0.8659569025039673,26.299999237060547,0.020000000000000018,0.00011752701128919796,0.6405411810725656,1,0,0.4,0.55
2022-09-19,1.0089877843856812,25.76000022888184,0.10000000000000009,0.007258317187514685,0.7059995427084788,1,1,0.45,0.55
2022-09-20,0.8866961002349854,27.15999984741211,0.009999999999999787,0.01504325473076129,0.7310505302367998,1,0,0.45,0.5
2022-09-21,0.53461092710495,27.989999771118164,0.05999999999999961,0.018042122862901522,1.0726592881527737,0,0,0.4,0.45
2022-09-22,0.6408461332321167,27.350000381469727,0.09000000000000075,0.006609354365198605,1.1396151378556216,0,1,0.4,0.5
2022-09-23,0.9377244710922241,29.920000076293945,0.08999999999999986,0.05857558023383547,1.691793444153704,1,1,0.4,0.55
2022-09-26,0.9569427967071533,32.2599983215332,0.0699999999999994,0.02611919234912019,1.8671417040523393,1,1,0.45,0.55
2022-09-27,1.1618402004241943,32.599998474121094,0.03000000000000025,0.023066558752073085,0.9592188130209117,1,1,0.5,0.55
2022-09-28,0.42026475071907043,30.18000030517578,0.22999999999999954,0.0454482382692154,2.7931158443037725,0,1,0.45,0.6
2022-09-29,0.7480112314224243,31.84000015258789,0.08999999999999986,0.011262184668438202,1.0880331207361296,0,1,0.45,0.65
2022-09-30,0.6080890893936157,31.6200008392334,0.05999999999999961,0.021653477678323263,0.7690270496828567,0,1,0.45,0.65
2022-10-01,0.7228817343711853,31.6200008392334,0.0,0.0,0.0,0,1,0.45,0.7
2022-10-03,0.8965028524398804,30.100000381469727,0.09999999999999964,0.050771073840549796,1.7725827971825254,1,1,0.5,0.7
2022-10-04,0.5651317238807678,29.06999969482422,0.020000000000000462,0.03397328773398023,1.247712075864519,0,1,0.5,0.7
2022-10-05,0.5935595035552979,28.549999237060547,0.05000000000000071,0.014230278023360299,0.9258146489461834,0,0,0.45,0.7
2022-10-06,0.7363905906677246,30.520000457763672,0.08000000000000007,0.007831545794454442,0.889480322160959,0,1,0.4,0.7
2022-10-07,0.9971955418586731,31.36000061035156,0.0699999999999994,0.04628362113309947,1.3655127610880509,1,1,0.45,0.75
2022-10-10,0.7359656691551208,32.45000076293945,0.0,0.01643397886739084,0.9128839723518057,0,1,0.45,0.75
2022-10-11,0.6780123710632324,33.630001068115234,0.0,0.01972580384098155,0.7054214117729055,0,1,0.45,0.8
2022-10-12,0.7198419570922852,33.56999969482422,0.019999999999999574,0.02355450181873575,0.7839622008582086,0,1,0.4,0.8
2022-10-13,0.5705751776695251,31.940000534057617,0.1899999999999995,0.020864845764892337,1.3904429538760885,0,1,0.35,0.85
2022-10-14,0.6690089702606201,32.02000045776367,0.010000000000000675,0.040069462590208715,1.226703157188315,0,1,0.3,0.85
2022-10-17,0.6156323552131653,31.3700008392334,0.03000000000000025,0.0017536863808924608,0.7103544441891942,0,1,0.25,0.9
2022-10-18,0.876763105392456,30.5,0.020000000000000462,0.031378845070331174,0.7378774652171293,1,1,0.3,0.95
2022-10-19,0.7643996477127075,30.76000022888184,0.1200000000000001,0.032431461577801635,1.471926928891643,0,1,0.3,0.95
2022-10-20,0.7169865369796753,29.979999542236328,0.07000000000000028,0.00501371410091167,1.149698149164009,0,1,0.25,0.95
2022-10-21,0.6938514113426208,29.690000534057617,0.1299999999999999,0.01087539538753024,1.1867408025889212,0,1,0.2,0.95
2022-10-24,0.6682519912719727,29.850000381469727,0.009999999999999787,0.0055415010306631984,0.724425214238953,0,1,0.15,0.95
2022-10-25,0.7571623921394348,28.459999084472656,0.08000000000000007,0.008711036333179045,1.1956351929155558,0,1,0.15,0.95
2022-10-26,0.9657825827598572,27.280000686645508,0.03000000000000025,0.029904715494257772,1.3630221544924683,1,0,0.2,0.9
2022-10-27,0.4996207654476166,27.38999938964844,0.08999999999999986,0.013221257423768229,0.7557190099307616,0,1,0.2,0.9
2022-10-28,0.559711754322052,25.75,0.11000000000000032,0.013335040893947436,2.2049538034584404,0,1,0.2,0.9
2022-10-31,0.9603806734085083,25.8799991607666,0.09999999999999964,0.015708661539025393,0.9368688080144779,1,1,0.2,0.9
2022-11-01,1.0022790431976318,25.809999465942383,0.03000000000000025,0.021041416099027543,1.1585798972238779,1,0,0.25,0.85
2022-11-02,0.5808334350585938,25.86000061035156,0.07000000000000028,0.018277093719872184,0.8342092563503201,0,1,0.25,0.9
2022-11-03,0.5900424122810364,25.299999237060547,0.09999999999999964,0.0205429219986506,1.1946562040046167,0,1,0.25,0.9
2022-11-04,0.9414783716201782,24.549999237060547,0.04999999999999982,0.049130385441120694,2.1716022971244873,1,1,0.25,0.9
2022-11-07,0.8859908580780029,24.350000381469727,0.05999999999999961,0.00889376456758395,0.9960060784936223,1,0,0.3,0.85
2022-11-08,0.7134093046188354,25.540000915527344,0.04999999999999982,0.03187870588315622,1.263248733341296,0,0,0.3,0.8
2022-11-09,0.7859019041061401,26.09000015258789,0.05999999999999961,0.035256046258361984,1.0283719799316267,0,0,0.3,0.75
2022-11-10,0.4748263359069824,23.530000686645508,0.27000000000000046,0.007428930025776381,3.1793440155097565,0,1,0.3,0.75
2022-11-11,0.607689619064331,22.520000457763672,0.0,0.02838927312141326,1.297420685693577,0,0,0.3,0.7
2022-11-14,0.6483038663864136,23.729999542236328,0.0600000000000005,0.03535226354107923,1.4439460501061772,0,1,0.3,0.7
2022-11-15,0.8552995920181274,24.540000915527344,0.03000000000000025,0.012153577652508574,0.7515250099646706,1,0,0.3,0.65
2022-11-16,0.8043543100357056,24.11000061035156,0.020000000000000462,0.015419723215384984,0.8665270651108112,0,0,0.3,0.6
2022-11-17,0.8840084671974182,23.93000030517578,0.08000000000000007,0.04724908064135658,1.2206574517493778,1,1,0.35,0.6
2022-11-18,0.679208517074585,23.1200008392334,0.08000000000000007,0.019293172593227048,0.9558961933760526,0,1,0.35,0.6
2022-11-21,0.4821344017982483,22.36000061035156,0.02999999999999936,0.004380189254110434,0.7089300944532163,0,0,0.35,0.55
2022-11-22,0.5699841380119324,21.290000915527344,0.010000000000000675,0.015185673806176858,0.681765751413526,0,0,0.35,0.5
2022-11-23,0.7096325159072876,20.350000381469727,0.009999999999999787,0.03789231118961123,0.6575090841926825,0,1,0.3,0.55
2022-11-24,0.8533593416213989,20.350000381469727,0.0,0.0,0.04844428194442432,0,0,0.3,0.5
2022-11-25,1.031805157661438,20.5,0.040000000000000036,0.021528566505445212,0.4813889279005916,1,0,0.35,0.45
2022-11-28,0.7553937435150146,22.209999084472656,0.040000000000000036,0.012506665173971143,0.7775517143787085,0,0,0.3,0.4
2022-11-29,0.5513830780982971,21.88999938964844,0.020000000000000462,0.012352178622964338,0.7484921849932474,0,0,0.25,0.4
2022-11-30,0.7768382430076599,20.57999992370605,0.10000000000000053,0.02960853898325677,1.3330509996404905,0,1,0.25,0.4
2022-12-01,0.6709636449813843,19.84000015258789,0.1299999999999999,0.008283389778253714,1.804314535672235,0,1,0.25,0.4
2022-12-02,0.6328043937683105,19.059999465942383,0.03000000000000025,0.01538489189690484,0.525223935495984,0,0,0.2,0.35
2022-12-05,0.6947838068008423,20.75,0.1299999999999999,0.038880723953062635,2.0437721939043336,0,1,0.15,0.4
2022-12-06,0.525790810585022,22.170000076293945,0.07000000000000028,0.03545814375496281,1.0752776093020957,0,1,0.15,0.45
2022-12-07,0.6153150796890259,22.68000030517578,0.08000000000000007,0.030632749756287048,1.1446831221320657,0,1,0.15,0.5
2022-12-08,0.7429482936859131,22.290000915527344,0.04999999999999982,0.0076671881430039335,0.7181998406480746,0,0,0.15,0.45
2022-12-09,0.5759724974632263,22.82999992370605,0.020000000000000462,0.006176359536017806,0.6836685953112832,0,0,0.15,0.45
2022-12-12,0.9671657085418701,25.0,0.05999999999999961,0.029823995623774024,1.2628155923665512,1,0,0.2,0.4
2022-12-13,0.9945651292800903,22.549999237060547,0.16999999999999993,0.029889156256413862,1.8022523158794668,1,1,0.2,0.45
2022-12-14,0.9858732223510742,21.13999938964844,0.010000000000000675,0.024760541980726636,0.534691666548022,1,0,0.25,0.45
2022-12-15,0.8315125107765198,22.82999992370605,0.0,0.01525550380977947,1.201702063824568,0,0,0.2,0.4
2022-12-16,0.6079499125480652,22.6200008392334,0.0600000000000005,0.024203304811225124,0.7243475311903075,0,1,0.2,0.4
2022-12-19,0.4371394217014313,22.420000076293945,0.08000000000000007,0.012041910372351694,1.0014161874979228,0,1,0.2,0.45
2022-12-20,0.8090566396713257,21.479999542236328,0.0,0.01189852620001286,0.8818914704916986,0,0,0.2,0.45
2022-12-21,0.7398281693458557,20.06999969482422,0.040000000000000036,0.02850309055409994,0.7293692497672024,0,0,0.2,0.4
2022-12-22,0.4067797362804413,21.96999931335449,0.03000000000000025,0.010271024405837714,0.9365427328381689,0,0,0.2,0.4
2022-12-23,0.7642818093299866,20.8700008392334,0.0699999999999994,0.026362555091380635,0.9906560168480278,0,1,0.15,0.45
2022-12-26,0.6716318130493164,20.8700008392334,0.0,0.0,0.06580704208996986,0,0,0.15,0.45
2022-12-27,0.7375775575637817,21.64999961853028,0.010000000000000675,0.0003771296793377843,0.7729288041677886,0,0,0.15,0.45
2022-12-28,0.6057071089744568,22.13999938964844,0.010000000000000675,0.007192910089678151,0.47073489841745025,0,0,0.15,0.4
2022-12-29,0.7118694186210632,21.440000534057617,0.03000000000000025,0.007117436711298275,0.7359902295270752,0,0,0.15,0.35
2022-12-30,0.8573206067085266,21.670000076293945,0.07000000000000028,0.023447444636044423,0.6343617271025247,1,1,0.2,0.4
2023-01-01,0.9103168845176697,21.670000076293945,0.0,0.0,0.0,1,0,0.25,0.35
2023-01-02,0.7634714841842651,21.670000076293945,0.0,0.0,0.0,0,0,0.25,0.3
2023-01-03,0.8467093110084534,22.89999961853028,0.009999999999999787,0.04237547001737596,1.023229790190113,0,1,0.25,0.3
2023-01-04,0.5645202398300171,22.01000022888184,0.040000000000000036,0.054630716854441985,1.141023965539476,0,1,0.25,0.35
2023-01-05,0.6857760548591614,22.459999084472656,0.08999999999999986,0.01133043125657096,0.9641627045422455,0,1,0.25,0.4
2023-01-06,0.6031528115272522,21.1299991607666,0.20999999999999996,0.0013564635509055734,2.01729673346699,0,1,0.2,0.45
2023-01-09,0.7817064523696899,21.96999931335449,0.04999999999999982,0.011590434949835249,0.8356074283154811,0,0,0.15,0.4
2023-01-10,0.4819903075695038,20.57999992370605,0.04999999999999982,0.0065443371219586766,0.8349570623532094,0,0,0.1,0.4
2023-01-11,0.5328429341316223,21.09000015258789,0.040000000000000036,0.030029147061982897,1.0188850793978261,0,0,0.1,0.4
2023-01-12,0.7727866768836975,18.82999992370605,0.08000000000000007,0.012580341889957936,1.16376521186491,0,1,0.1,0.4
2023-01-13,0.7821193337440491,18.350000381469727,0.09999999999999964,0.018578748863303574,0.9973222157942122,0,1,0.1,0.4
2023-01-16,0.7733426094055176,18.350000381469727,0.0,0.0,0.19569538543202483,0,0,0.1,0.4
2023-01-17,0.7806203365325928,19.36000061035156,0.040000000000000036,0.003999001742649888,0.4738850181649408,0,0,0.1,0.4
2023-01-18,0.43523621559143066,20.34000015258789,0.1200000000000001,0.008768651100673708,1.2080757356852536,0,1,0.1,0.45
2023-01-19,0.6368167996406555,20.520000457763672,0.03000000000000025,0.010637713060058118,0.5769969001779366,0,0,0.1,0.4
2023-01-20,0.5897020697593689,19.850000381469727,0.04999999999999982,0.012125807213962503,0.9016038081262461,0,0,0.1,0.4
2023-01-23,0.7417502999305725,19.809999465942383,0.07000000000000028,0.003805383434663412,0.5482124230175154,0,1,0.1,0.45
2023-01-24,0.5711711049079895,19.200000762939453,0.08999999999999986,0.018424082115101825,0.6741219760974709,0,1,0.1,0.5
2023-01-25,0.6276849508285522,19.07999992370605,0.009999999999999787,0.0002496165799490413,0.13145384317507391,0,0,0.1,0.5
2023-01-26,0.7926249504089355,18.729999542236328,0.05999999999999961,0.010672732119007655,0.6251070775647114,0,0,0.05,0.45
2023-01-27,0.6697533130645752,18.51000022888184,0.020000000000000462,0.01655401310600002,0.367674294568366,0,0,0.0,0.45
2023-01-30,0.6530529260635376,19.940000534057617,0.05999999999999961,0.022592644641995285,0.8184609989349596,0,0,0.0,0.45
2023-01-31,0.7768762111663818,19.39999961853028,0.040000000000000036,0.012374989769701195,0.6179649747752136,0,0,0.0,0.4
2023-02-01,0.5787258148193359,17.8700008392334,0.1200000000000001,0.03168733664749546,1.5210987670523528,0,1,0.0,0.4
2023-02-02,0.710690438747406,18.729999542236328,0.0,0.006960516716146614,0.42175852856681684,0,0,0.0,0.35
2023-02-03,0.48111027479171753,18.32999992370605,0.20999999999999996,0.03336543063000175,1.9379687408700284,0,1,0.0,0.35
2023-02-06,0.8381994366645813,19.43000030517578,0.14000000000000057,0.00976280595859702,1.0570728086706263,0,1,0.0,0.4
2023-02-07,0.7739208936691284,18.65999984741211,0.02999999999999936,0.040071460668805514,0.8324213687900709,0,1,0.0,0.45
2023-02-08,0.7616510391235352,19.6299991607666,0.019999999999999574,0.017094456827861038,0.6991599758482792,0,0,0.0,0.45
2023-02-09,0.5691810250282288,20.709999084472656,0.03000000000000025,0.005238671219238711,0.7349919983105102,0,0,0.0,0.4
2023-02-10,0.7384982109069824,20.530000686645508,0.019999999999999574,0.02104278018052952,0.7276914992368425,0,0,0.0,0.35
2023-02-13,0.5607025027275085,20.34000015258789,0.019999999999999574,0.0052545869349556185,0.6309661405908664,0,0,0.0,0.35
2023-02-14,0.4813123941421509,18.90999984741211,0.08000000000000007,0.013568070603816373,0.6448504945149904,0,1,0.0,0.4
2023-02-15,0.7496660351753235,18.229999542236328,0.020000000000000462,0.005962608707683614,0.6668409876247698,0,0,0.0,0.35
2023-02-16,0.7422488331794739,20.170000076293945,0.0,0.0012732173583041018,0.880387451631432,0,0,0.0,0.35
2023-02-17,0.7194916009902954,20.020000457763672,0.020000000000000462,0.027774201576087343,0.5195574951524047,0,0,0.0,0.35
2023-02-20,0.7624683976173401,20.020000457763672,0.0,0.0,0.27165106938308337,0,0,0.0,0.3
2023-02-21,0.7022166848182678,22.8700008392334,0.07000000000000028,0.0023605607785119886,1.538083620987032,0,1,0.0,0.3
2023-02-22,0.6452940106391907,22.290000915527344,0.009999999999999787,0.029447290678574767,0.5559968984916035,0,0,0.0,0.3
2023-02-23,0.8782508969306946,21.13999938964844,0.0,0.01928548423873444,0.7947017905417637,1,0,0.05,0.3
2023-02-24,0.547562837600708,21.670000076293945,0.1200000000000001,0.012260391013708904,1.2561996812362501,0,1,0.05,0.35
2023-02-27,0.5866407155990601,20.950000762939453,0.0,0.008421094365324677,0.6136391262189994,0,0,0.05,0.35
2023-02-28,0.4662081003189087,20.700000762939453,0.02999999999999936,0.017940672597551277,0.7381767914251406,0,0,0.05,0.35
2023-03-01,0.4945198893547058,20.57999992370605,0.08000000000000007,0.008271979013679598,1.0386168171726384,0,1,0.05,0.35
2023-03-02,0.8855836391448975,19.59000015258789,0.0,0.006031474201232179,0.8327164577919199,1,0,0.1,0.35
2023-03-03,0.5940386056900024,18.489999771118164,0.02999999999999936,0.019260562517824376,1.0247211752969865,0,0,0.1,0.3
2023-03-06,0.6758692860603333,18.61000061035156,0.02999999999999936,0.009741538036617925,0.39597836621615584,0,0,0.1,0.25
2023-03-07,0.5801758170127869,19.59000015258789,0.11000000000000032,0.03645046952900799,1.4921676955195973,0,1,0.1,0.25
2023-03-08,0.569720983505249,19.11000061035156,0.04999999999999982,0.011929577890763987,0.4663461904549939,0,0,0.1,0.25
2023-03-09,0.680057168006897,22.61000061035156,0.14999999999999947,0.012337765260806322,1.3229525080043822,0,1,0.1,0.3
2023-03-10,0.8024932146072388,24.799999237060547,0.3000000000000007,0.012598579694905965,2.4750106510012078,0,1,0.1,0.35
2023-03-13,0.7987045645713806,26.520000457763672,0.5699999999999994,0.02482299637797336,3.036753575876265,0,1,0.1,0.4
2023-03-14,0.7141785025596619,23.729999542236328,0.16999999999999993,0.04750090381919492,1.8279587607500583,0,1,0.1,0.4
2023-03-15,0.7932335138320923,26.13999938964844,0.27,0.05356111183001655,2.3782730265549303,0,1,0.1,0.45
2023-03-16,0.7901919484138489,22.989999771118164,0.20999999999999952,0.010885630715347538,1.7535061429800425,0,1,0.1,0.5
2023-03-17,0.6375362277030945,25.51000022888184,0.3299999999999996,0.02383709953048818,2.538056399422417,0,1,0.1,0.55
2023-03-20,0.7207270860671997,24.14999961853028,0.10999999999999988,0.013395073691869541,1.2356924267728964,0,1,0.1,0.6
2023-03-21,0.7886953949928284,21.3799991607666,0.25,0.024678224358261502,2.0406052279470672,0,1,0.1,0.6
2023-03-22,0.6419621109962463,22.26000022888184,0.20999999999999996,0.022392715694534715,1.5648651118718293,0,1,0.1,0.65
2023-03-23,0.7418978214263916,22.61000061035156,0.20000000000000018,0.013346817995684823,1.7023926470273631,0,1,0.05,0.7
2023-03-24,0.7236757874488831,21.739999771118164,0.0,0.010056067246045686,0.510426926495769,0,0,0.05,0.65
2023-03-27,0.6015129089355469,20.600000381469727,0.18000000000000016,0.049985705057509655,1.6040213444862244,0,1,0.05,0.7
2023-03-28,0.6748825907707214,19.96999931335449,0.07999999999999963,0.005342104401159453,0.6596340615021983,0,1,0.05,0.75
2023-03-29,0.5544641613960266,19.1200008392334,0.0600000000000005,0.003146964770220251,0.6235612438106565,0,1,0.05,0.75
2023-03-30,0.4775615632534027,19.020000457763672,0.019999999999999574,0.019004257140161407,0.6013203671755367,0,0,0.0,0.75
2023-03-31,0.5163388848304749,18.700000762939453,0.040000000000000036,0.017329084862010014,0.9032986020447387,0,0,0.0,0.75
2023-04-01,0.5949771404266357,18.700000762939453,0.0,0.0,0.0,0,0,0.0,0.75
2023-04-03,0.7479861378669739,18.549999237060547,0.08999999999999941,0.06088112219194386,1.2223838882530496,0,1,0.0,0.75
2023-04-04,0.5236353278160095,19.0,0.13000000000000034,0.0035995932923826857,1.2825653370024648,0,1,0.0,0.8
2023-04-05,0.42948195338249207,19.07999992370605,0.04999999999999982,0.0012397531256915784,0.4336897867087833,0,0,0.0,0.75
2023-04-06,0.5064700841903687,18.39999961853028,0.029999999999999805,0.0011158185926500863,0.31535156349245297,0,0,0.0,0.7
2023-04-07,0.7286700010299683,18.39999961853028,0.15000000000000036,0.0,0.47443793975230375,0,1,0.0,0.7
2023-04-10,0.6127517819404602,18.96999931335449,0.029999999999999805,0.01196722229656011,0.8661079268735911,0,0,0.0,0.65
2023-04-11,0.7717700600624084,19.100000381469727,0.03000000000000025,0.022199720539117784,0.6059888729401415,0,0,0.0,0.6
2023-04-12,0.6743599772453308,19.09000015258789,0.08000000000000007,0.020997231721795018,0.7259824864088088,0,1,0.0,0.6
2023-04-13,0.7644459009170532,17.799999237060547,0.009999999999999787,0.013299657230972706,0.8523746671674535,0,0,0.0,0.55
2023-04-14,0.7338983416557312,17.06999969482422,0.1200000000000001,0.004372037329607892,1.0759978961529428,0,1,0.0,0.55
2023-04-17,0.5631091594696045,16.950000762939453,0.09999999999999964,0.020692441123898675,0.9628208734721413,0,1,0.0,0.55
2023-04-18,0.5637546181678772,16.829999923706055,0.010000000000000675,0.00037106536196596096,0.285677526070761,0,0,0.0,0.5
2023-04-19,0.6004160046577454,16.459999084472656,0.04999999999999982,0.02124810476439265,0.5830814971943827,0,0,0.0,0.45
2023-04-20,0.7736314535140991,17.170000076293945,0.10000000000000053,0.02390657403234986,0.9598931615954949,0,1,0.0,0.5
2023-04-21,0.6919891834259033,16.770000457763672,0.03000000000000025,0.007476211896136675,0.9224824614224502,0,0,0.0,0.45
2023-04-24,0.7436673045158386,16.889999389648438,0.04999999999999982,0.011364476033946858,0.751897977569957,0,0,0.0,0.4
2023-04-25,0.8750198483467102,18.76000022888184,0.26000000000000023,0.021691185064036667,1.854813842517087,1,1,0.05,0.4
2023-04-26,0.5607466101646423,18.84000015258789,0.040000000000000036,0.03660310303301095,0.5764218583556314,0,1,0.05,0.45
2023-04-27,0.6965327262878418,17.030000686645508,0.17000000000000037,0.006172018364703824,1.3415614051095295,0,1,0.05,0.5
2023-04-28,0.7466291189193726,15.779999732971191,0.03000000000000025,0.02666116251206674,0.8000559235619753,0,0,0.05,0.5
2023-05-01,0.7683671712875366,16.079999923706055,0.09999999999999964,0.014694506066871504,0.9120655581726219,0,1,0.05,0.5
2023-05-02,0.7112733125686646,17.780000686645508,0.16999999999999948,0.05431690462630723,1.857526125360205,0,1,0.05,0.5
2023-05-03,0.6015960574150085,18.34000015258789,0.08000000000000007,0.043640250492054555,1.0356945622993978,0,1,0.05,0.55
2023-05-04,0.7250983715057373,20.09000015258789,0.14000000000000012,0.0005832738089583955,1.0925703886821099,0,1,0.05,0.6
2023-05-05,0.7887336611747742,17.190000534057617,0.16999999999999993,0.03974788991781164,1.740349724893356,0,1,0.05,0.6
2023-05-08,0.7887035012245178,16.979999542236328,0.08000000000000007,0.025191744981273523,1.0517214461878113,0,1,0.05,0.65
2023-05-09,0.8179998397827148,17.709999084472656,0.009999999999999787,0.007489589201697733,0.4394258435115131,0,0,0.05,0.65
2023-05-10,0.7619686126708984,16.940000534057617,0.10999999999999988,0.01572469062037385,1.063454865982906,0,1,0.05,0.65
2023-05-11,0.6873244643211365,16.93000030517578,0.009999999999999787,0.023566520582778416,0.8444574818784791,0,0,0.05,0.65
2023-05-12,0.47340068221092224,17.030000686645508,0.08999999999999986,0.011780731088235186,0.7346051319787279,0,1,0.05,0.65
2023-05-15,0.6058615446090698,17.1200008392334,0.010000000000000231,0.015161461989485758,0.5460193534354381,0,0,0.05,0.6
2023-05-16,0.7150068879127502,17.989999771118164,0.0699999999999994,0.003521874427818261,0.9638634647729458,0,1,0.05,0.65
2023-05-17,0.6409632563591003,16.8700008392334,0.0600000000000005,0.027421875320501776,0.9451813957028546,0,1,0.05,0.7
2023-05-18,0.6874999403953552,16.049999237060547,0.1200000000000001,0.013408193192320006,1.2099270498008947,0,1,0.05,0.7
2023-05-19,0.8638402819633484,16.809999465942383,0.040000000000000036,0.004323241524432753,0.641215359585476,1,0,0.1,0.7
2023-05-22,0.8195827603340149,17.209999084472656,0.009999999999999787,0.006130642152662347,0.366341707356481,0,0,0.1,0.7
2023-05-23,0.4820099174976349,18.530000686645508,0.03000000000000025,0.012698663238921881,0.7284679958664962,0,0,0.05,0.65
2023-05-24,0.6522631049156189,20.030000686645508,0.04999999999999982,0.019423261561333227,1.114282688544584,0,0,0.05,0.6
2023-05-25,0.6035671830177307,19.13999938964844,0.1900000000000004,0.034346874029264285,1.553210188776244,0,1,0.05,0.6
2023-05-26,1.059719204902649,17.950000762939453,0.040000000000000036,0.011626377853486858,0.8480643274856168,1,0,0.1,0.6
2023-05-29,0.48818036913871765,17.950000762939453,0.0,0.0,0.08272750463100453,0,0,0.1,0.55
2023-05-30,0.8767253160476685,17.459999084472656,0.08000000000000007,0.045177585296412914,1.0048039176659858,1,1,0.15,0.55
2023-05-31,0.748680055141449,17.940000534057617,0.05999999999999961,0.01992072842377901,0.8881121671043835,0,0,0.15,0.5
2023-06-01,0.638014554977417,15.649999618530272,0.07000000000000028,0.029092466561862373,1.0537307260620326,0,1,0.15,0.5
2023-06-02,0.7109493613243103,14.600000381469728,0.16999999999999993,0.02312567005336863,1.4876048276273965,0,1,0.15,0.5
2023-06-05,0.746137797832489,14.729999542236328,0.040000000000000036,0.005698864041843166,0.4867334052711841,0,0,0.15,0.45
2023-06-06,0.6137294769287109,13.960000038146973,0.04999999999999982,0.005698864041843166,0.46788540143936064,0,0,0.15,0.45
2023-06-07,0.5756049752235413,13.9399995803833,0.04999999999999982,0.010951810218261748,0.7482829959291546,0,0,0.15,0.4
2023-06-08,0.6136702299118042,13.649999618530272,0.040000000000000036,0.017244174573166404,0.8884609252470801,0,0,0.15,0.4
2023-06-09,0.5690877437591553,13.829999923706056,0.07000000000000028,0.01583523480218929,0.5565488114958645,0,1,0.15,0.4
2023-06-12,0.5248203277587891,15.010000228881836,0.040000000000000036,0.044438740090224194,0.7754991444717516,0,1,0.15,0.45
2023-06-13,0.6116289496421814,14.609999656677246,0.1200000000000001,0.03369288097774703,1.1439044613100835,0,1,0.15,0.45
2023-06-14,0.5713216066360474,13.880000114440918,0.07000000000000028,0.016704601798410934,0.852596098515562,0,1,0.15,0.45
2023-06-15,0.6405107378959656,14.5,0.1200000000000001,0.0338430471338933,1.2505652373854284,0,1,0.15,0.45
2023-06-16,0.9115102887153625,13.539999961853027,0.08000000000000007,0.01629243932063762,0.6583887025957398,1,1,0.15,0.5
2023-06-19,0.6421590447425842,13.539999961853027,0.0,0.0,0.09066255209073203,0,0,0.15,0.5
2023-06-20,0.6554521918296814,13.880000114440918,0.020000000000000462,0.01799315889506481,0.6015853908127832,0,0,0.15,0.5
2023-06-21,0.7779096364974976,13.199999809265137,0.0,0.02838754272677768,0.595522041666086,0,0,0.15,0.5
2023-06-22,0.787316083908081,12.90999984741211,0.08999999999999986,0.04252959469990003,1.0944012342000105,0,1,0.15,0.5
2023-06-23,0.7932032346725464,13.4399995803833,0.05999999999999961,0.005047944078748756,0.768881373461014,0,0,0.1,0.5
2023-06-26,0.5689306855201721,14.25,0.05999999999999961,0.003031823224082686,0.6057953932153755,0,0,0.1,0.5
2023-06-27,0.7194561958312988,13.739999771118164,0.08999999999999986,0.024368402149869794,1.0501091698375995,0,1,0.05,0.5
2023-06-28,0.606511652469635,13.43000030517578,0.03000000000000025,0.027103519547670096,0.6086625808564744,0,0,0.05,0.5
2023-06-29,0.5240241289138794,13.539999961853027,0.16000000000000014,0.0043035937272328795,1.1354613481397793,0,1,0.05,0.5
2023-06-30,0.6276931762695312,13.59000015258789,0.0,0.011103299539925615,0.6329873310242574,0,0,0.05,0.45
2023-07-01,0.6987490057945251,13.59000015258789,0.0,0.0,0.0,0,0,0.05,0.45
2023-07-03,0.8716476559638977,13.56999969482422,0.07000000000000028,0.012105801508016434,0.6449112259268744,1,1,0.1,0.5
2023-07-04,0.8773032426834106,13.56999969482422,0.0,0.0,0.04259724586771069,1,0,0.15,0.5
2023-07-05,0.4806995987892151,14.18000030517578,0.0,0.0282544571938681,0.6438146223020612,0,0,0.15,0.5
2023-07-06,0.5386121869087219,15.4399995803833,0.04999999999999982,0.00013931521652299494,0.9041051819268167,0,0,0.15,0.45
2023-07-07,0.8071959018707275,14.829999923706056,0.04999999999999982,0.028286899130277376,0.6952868250134514,0,0,0.15,0.4
2023-07-10,0.7787812352180481,15.06999969482422,0.09000000000000075,0.01184900149194501,0.635124752314567,0,1,0.15,0.4
2023-07-11,0.6572930812835693,14.84000015258789,0.03000000000000025,0.024896482365693196,0.6359359972580988,0,0,0.15,0.35
2023-07-12,0.5623262524604797,13.539999961853027,0.16000000000000014,0.012219545827685252,1.635646244292797,0,1,0.15,0.35
2023-07-13,0.4713589549064636,13.609999656677246,0.1299999999999999,0.014937376716626538,1.2651926496934813,0,1,0.1,0.35
2023-07-14,0.43828120827674866,13.34000015258789,0.15000000000000036,0.019303353554000147,0.831305759456819,0,1,0.1,0.4
2023-07-17,0.7644265294075012,13.479999542236328,0.0,0.016982378389891473,0.6276457230914172,0,0,0.1,0.4
2023-07-18,0.6433950662612915,13.300000190734863,0.0,0.02134835522726508,0.5403501872848641,0,0,0.1,0.4
2023-07-19,0.7401556968688965,13.760000228881836,0.0,0.005294539567524126,0.3576893822079062,0,0,0.1,0.35
2023-07-20,0.751583993434906,13.989999771118164,0.05999999999999961,0.003709088729944021,0.881548310611227,0,0,0.1,0.35
2023-07-21,0.8101780414581299,13.600000381469728,0.020000000000000462,0.018861102278281194,0.3262868152876454,0,0,0.1,0.35
2023-07-24,0.790438711643219,13.90999984741211,0.010000000000000675,0.021437162555230316,0.4793282847047852,0,0,0.1,0.3
2023-07-25,0.9010455012321472,13.859999656677246,0.040000000000000036,0.01123961339214219,0.9457640402896076,1,0,0.15,0.3
2023-07-26,0.8373616933822632,13.1899995803833,0.02999999999999936,0.010731729729881678,0.5798888719400935,0,0,0.15,0.25
2023-07-27,0.7678278684616089,14.40999984741211,0.08999999999999986,0.016491814562992424,1.39693098911477,0,1,0.15,0.3
2023-07-28,0.8889069557189941,13.329999923706056,0.040000000000000036,0.0060995458759762755,1.1359810792089555,1,0,0.2,0.3
2023-07-31,0.8292276263237,13.630000114440918,0.009999999999999787,0.015026778429613863,0.47605204447233734,0,0,0.15,0.25
2023-08-01,0.49479979276657104,13.93000030517578,0.040000000000000036,0.005270592453453737,0.9698086582464486,0,0,0.1,0.25
2023-08-02,0.7208725214004517,16.09000015258789,0.040000000000000036,0.023375487751982504,1.0070681914798345,0,0,0.1,0.25
2023-08-03,0.6426938772201538,15.920000076293944,0.020000000000000462,0.02558516577812764,0.8405397669274884,0,0,0.1,0.25
2023-08-04,0.772224485874176,17.100000381469727,0.1200000000000001,0.015453207943668446,1.1336982542067913,0,1,0.1,0.3
2023-08-07,0.6833345293998718,15.770000457763672,0.020000000000000462,0.010682272518840463,0.625504068128361,0,0,0.1,0.25
2023-08-08,0.6103930473327637,15.989999771118164,0.019999999999999574,0.01188896357162239,0.6104966347350115,0,0,0.1,0.25
2023-08-09,0.6877449154853821,15.960000038146973,0.04999999999999982,0.01769115419565015,0.5422019413914767,0,0,0.1,0.2
2023-08-10,0.4289536774158478,15.850000381469728,0.03000000000000025,0.018897845248432077,0.5450219361727855,0,0,0.1,0.15
2023-08-11,0.5293557047843933,14.84000015258789,0.0699999999999994,0.0044576032105352326,0.9735574297906232,0,1,0.1,0.15
2023-08-14,0.5326159596443176,14.81999969482422,0.07000000000000028,0.008207653636332246,0.522030228548451,0,1,0.1,0.2
2023-08-15,0.6102575659751892,16.459999084472656,0.040000000000000036,0.018593860122390282,0.8494833829758167,0,0,0.1,0.2
2023-08-16,0.818342387676239,16.780000686645508,0.04999999999999982,0.02007925112993547,0.775402240653111,0,0,0.1,0.2
2023-08-17,0.8169309496879578,17.889999389648438,0.02999999999999936,0.012643369992997755,0.7073461378610794,0,0,0.1,0.2
2023-08-18,0.7569231390953064,17.299999237060547,0.020000000000000462,0.01064103846235831,0.5253940840133994,0,0,0.1,0.2
2023-08-21,0.7249270677566528,17.1299991607666,0.04999999999999982,0.006544430041808269,0.775385265529696,0,0,0.1,0.2
2023-08-22,0.6666478514671326,16.969999313354492,0.04999999999999982,0.004594317974920159,0.4768897122444346,0,0,0.05,0.2
2023-08-23,0.663026750087738,15.979999542236328,0.0699999999999994,0.01833760382286176,1.4285495285618346,0,1,0.05,0.25
2023-08-24,0.6984386444091797,17.200000762939453,0.03000000000000025,0.0020261328906361342,0.5648946551670995,0,0,0.05,0.2
2023-08-25,0.6009394526481628,15.68000030517578,0.04999999999999982,0.009818794333739334,0.5591689790379366,0,0,0.0,0.2
2023-08-28,0.9579873085021973,15.079999923706056,0.04999999999999982,0.0033764384300072336,0.770851928420319,1,0,0.05,0.2
2023-08-29,0.567537784576416,14.449999809265137,0.11000000000000032,0.013146725055070974,1.3619142541521656,0,1,0.05,0.25
2023-08-30,0.8377618193626404,13.880000114440918,0.03000000000000025,0.005774247736830773,0.4931417156558491,0,0,0.05,0.25
2023-08-31,0.5397559404373169,13.56999969482422,0.05000000000000071,0.024205466734826153,0.5300412429067805,0,0,0.05,0.25
2023-09-01,0.6466671228408813,13.09000015258789,0.020000000000000462,0.022698761459047923,0.8710172593714502,0,0,0.05,0.2
2023-09-04,0.6000887155532837,13.09000015258789,0.0,0.0,0.3454100310887497,0,0,0.05,0.2
2023-09-05,0.8332375288009644,14.010000228881836,0.07000000000000028,0.013237529032624096,0.881679614329318,0,1,0.05,0.25
2023-09-06,0.7819302678108215,14.449999809265137,0.0699999999999994,0.009757277178098711,0.7181633498539574,0,1,0.05,0.3
2023-09-07,0.5145599246025085,14.399999618530272,0.0699999999999994,0.007683062332156432,0.6532848357006927,0,1,0.05,0.35
2023-09-08,0.5566796064376831,13.84000015258789,0.040000000000000036,0.0073403170700308,0.46050697530583523,0,0,0.05,0.3
2023-09-11,0.36315229535102844,13.800000190734863,0.010000000000000675,0.0025171777234120896,0.6003071242418554,0,0,0.05,0.25
2023-09-12,0.3651699423789978,14.229999542236328,0.010000000000000675,0.01760103856922335,0.5240163377678003,0,0,0.05,0.25
2023-09-13,0.5141099691390991,13.479999542236328,0.020000000000000462,0.0036084805448579615,0.3436521586788683,0,0,0.05,0.25
2023-09-14,0.5685694217681885,12.81999969482422,0.040000000000000036,0.018357433089449593,0.7453379486573747,0,0,0.05,0.25
2023-09-15,0.7305449843406677,13.789999961853027,0.019999999999999574,0.006742887206266701,0.7607139502530025,0,0,0.05,0.25
2023-09-18,0.7522966265678406,14.0,0.03000000000000025,0.007791608294717811,0.3027555227319212,0,0,0.05,0.25
2023-09-19,0.6837204694747925,14.109999656677246,0.03000000000000025,0.003065542232370433,0.39337717183091525,0,0,0.05,0.25
2023-09-20,0.5140220522880554,15.140000343322754,0.040000000000000036,0.01013892518999615,0.7140662369395125,0,0,0.05,0.2
2023-09-21,0.5962762832641602,17.540000915527344,0.0,0.007225883702320246,1.2815458296528517,0,0,0.05,0.2
2023-09-22,0.7416819334030151,17.200000762939453,0.020000000000000462,0.004452879835824319,0.5279527278070484,0,0,0.05,0.2
2023-09-25,0.7367685437202454,16.899999618530273,0.009999999999999787,0.0038951523946915145,0.643361105502444,0,0,0.0,0.2
2023-09-26,1.0906156301498413,18.940000534057617,0.04999999999999982,0.007885852891051037,0.8778646624960476,1,0,0.05,0.15
2023-09-27,0.3482157289981842,18.21999931335449,0.05999999999999961,0.03575108748920641,0.9259686456997941,0,0,0.05,0.15
2023-09-28,0.6646786332130432,17.34000015258789,0.05999999999999961,0.02125330795910152,0.8343144801277212,0,0,0.05,0.15
2023-09-29,0.6431306004524231,17.520000457763672,0.009999999999999787,0.010082257120324734,0.42684578794787886,0,0,0.05,0.15
2023-10-01,0.48876163363456726,17.520000457763672,0.0,0.0,0.0,0,0,0.05,0.15
2023-10-02,0.7984752058982849,17.610000610351562,0.08999999999999986,0.021937311039610385,1.1082757795153397,0,1,0.05,0.15
2023-10-03,0.6396287083625793,19.780000686645508,0.03000000000000025,0.004605497105124812,0.9380320595830839,0,0,0.05,0.1
2023-10-04,0.5263254642486572,18.57999992370605,0.10000000000000053,0.05778490630519073,1.1369948825191938,0,1,0.05,0.1
2023-10-05,0.6593686938285828,18.489999771118164,0.019999999999999574,0.02293985990456182,0.37166441043819404,0,0,0.05,0.1
2023-10-06,0.5295343995094299,17.450000762939453,0.04999999999999982,0.0058147148857052855,0.9448989823936985,0,0,0.05,0.1
2023-10-09,0.6252830624580383,17.700000762939453,0.0,0.042448843526906366,0.6969265429011997,0,1,0.05,0.15
2023-10-10,0.5559773445129395,17.030000686645508,0.1200000000000001,0.004757723350522269,1.1175303014553772,0,1,0.05,0.2
2023-10-11,0.9645240902900696,16.09000015258789,0.03000000000000025,0.02927157376628209,0.766385268938247,1,0,0.1,0.2
2023-10-12,0.552736759185791,16.690000534057617,0.0699999999999994,0.00697111232142511,0.9100194717710731,0,1,0.1,0.25
2023-10-13,0.6745249629020691,19.31999969482422,0.019999999999999574,0.05605216933477308,1.4335824520368485,0,1,0.1,0.3
2023-10-16,0.7645649313926697,17.209999084472656,0.04999999999999982,0.011815437062472789,0.8597154238574249,0,0,0.1,0.3
2023-10-17,0.7126405239105225,17.8799991607666,0.10000000000000053,0.0,0.8643382493478498,0,1,0.1,0.35
2023-10-18,0.5524091720581055,19.21999931335449,0.0,0.018974120503322922,0.8868527285150605,0,0,0.1,0.35
2023-10-19,0.8327292203903198,21.39999961853028,0.05000000000000071,0.011818507052563376,1.022825868699044,0,0,0.1,0.35
2023-10-20,0.652999222278595,21.709999084472656,0.0699999999999994,0.006961657770482077,1.0011655670688357,0,1,0.1,0.4
2023-10-23,0.8570947647094727,20.3700008392334,0.020000000000000462,0.037424043305457566,1.0389183165114457,1,1,0.1,0.45
2023-10-24,0.8633161187171936,18.96999931335449,0.03000000000000025,0.020682649969345768,0.6937116236485659,1,0,0.15,0.45
2023-10-25,0.7469156980514526,20.190000534057617,0.0600000000000005,0.019512255690981917,1.2158630239045842,0,1,0.15,0.5
2023-10-26,0.8215670585632324,20.68000030517578,0.0600000000000005,0.0258614688619776,0.9358421387846931,0,1,0.15,0.55
2023-10-27,0.6320815682411194,21.270000457763672,0.02999999999999936,0.02761659159195151,0.6250452964929827,0,0,0.15,0.55
2023-10-30,0.544192373752594,19.75,0.040000000000000036,0.038491536178239194,0.789149670320201,0,1,0.15,0.55
2023-10-31,0.6729145050048828,18.13999938964844,0.040000000000000036,0.015796580982288866,0.5096804097243984,0,0,0.15,0.55
2023-11-01,0.6213465929031372,16.8700008392334,0.1200000000000001,0.007184401086049341,1.0340541834050756,0,1,0.15,0.55
2023-11-02,0.7493274807929993,15.65999984741211,0.03000000000000025,0.024801720920969217,1.118396985467126,0,0,0.15,0.55
2023-11-03,0.6450514793395996,14.90999984741211,0.15000000000000036,0.023931889330452094,1.196550742921287,0,1,0.15,0.6
2023-11-06,0.4780788719654083,14.890000343322754,0.09999999999999964,0.0038430290287170266,0.884353444073931,0,1,0.15,0.6
2023-11-07,0.5881367921829224,14.8100004196167,0.019999999999999574,0.04362531181365625,0.8482148075696234,0,1,0.15,0.6
2023-11-08,0.766386091709137,14.449999809265137,0.019999999999999574,0.026720657915963564,0.6686282878318202,0,0,0.1,0.6
2023-11-09,0.7851844429969788,15.289999961853027,0.10000000000000053,0.005427908124148395,0.9683412551690969,0,1,0.1,0.6
2023-11-10,0.6990333795547485,14.170000076293944,0.009999999999999787,0.018704362473102698,0.8676753985843385,0,0,0.1,0.55
2023-11-13,0.650244951248169,14.760000228881836,0.020000000000000462,0.014025887336881482,0.5247457561067669,0,0,0.1,0.55
2023-11-14,0.47892430424690247,14.15999984741211,0.21999999999999975,0.0,1.7790744181127438,0,1,0.1,0.55
2023-11-15,0.5201168060302734,14.18000030517578,0.10000000000000053,0.020656536355641464,1.0059641308144718,0,1,0.1,0.6
2023-11-16,0.6884492039680481,14.31999969482422,0.07000000000000028,0.050291447777469855,1.0575047406421,0,1,0.1,0.65
2023-11-17,0.6929218769073486,13.800000190734863,0.04999999999999982,0.04019625542750305,0.5503755511224385,0,1,0.1,0.65
2023-11-20,0.6478101015090942,13.40999984741211,0.009999999999999787,0.022282492152545963,0.5941519465251446,0,0,0.05,0.6
2023-11-21,0.5837992429733276,13.350000381469728,0.02999999999999936,0.0021883020161750366,0.3263905309435463,0,0,0.0,0.6
2023-11-22,0.6753575801849365,12.850000381469728,0.02999999999999936,0.008652448763583287,0.48013698024920376,0,0,0.0,0.55
2023-11-23,0.573006272315979,12.850000381469728,0.0,0.0,0.17712504128151738,0,0,0.0,0.5
2023-11-24,0.48307839035987854,12.460000038146973,0.03000000000000025,0.02044093137429659,0.605036444729227,0,0,0.0,0.5
2023-11-27,1.113518238067627,12.6899995803833,0.08000000000000007,0.009042618774556921,0.836607447732925,1,1,0.05,0.5
2023-11-28,0.508054792881012,12.6899995803833,0.10999999999999943,0.02049391495704711,0.9730778214419379,0,1,0.05,0.55
2023-11-29,0.6483721137046814,12.979999542236328,0.09000000000000075,0.018798724434829772,0.7501265502138917,0,1,0.05,0.55
2023-11-30,0.7520922422409058,12.920000076293944,0.09000000000000075,0.02470547613007046,0.9146265580451796,0,1,0.05,0.6
2023-12-01,0.5158804655075073,12.630000114440918,0.17000000000000082,0.02519628598623136,1.5442284686541803,0,1,0.05,0.6
2023-12-04,0.9512416124343872,13.079999923706056,0.08000000000000007,0.01400333908378304,1.1572618962089296,1,1,0.1,0.6
2023-12-05,0.6172975301742554,12.850000381469728,0.0699999999999994,0.00990653695719157,0.9869774046738997,0,1,0.1,0.6
2023-12-06,0.8401718139648438,12.970000267028809,0.02999999999999936,0.041502109910038776,0.7577831441226788,0,1,0.1,0.65
2023-12-07,0.602702260017395,13.0600004196167,0.019999999999999574,0.0005767145110153749,0.4302471119337873,0,0,0.1,0.6
2023-12-08,0.6828455924987793,12.350000381469728,0.1299999999999999,0.026892237675278707,1.3294695608068758,0,1,0.1,0.65
2023-12-11,0.6752274036407471,12.630000114440918,0.0,0.001262663597626279,0.43558719444628624,0,0,0.1,0.65
2023-12-12,0.649327278137207,12.06999969482422,0.020000000000000462,0.038738483117218614,0.603017416772449,0,1,0.1,0.65
2023-12-13,0.6778770685195923,12.1899995803833,0.27000000000000046,0.012456716677692548,1.7340924236059374,0,1,0.1,0.65
2023-12-14,0.7121352553367615,12.479999542236328,0.08999999999999986,0.029920708641966165,1.5132009772405528,0,1,0.1,0.65
2023-12-15,0.6848920583724976,12.279999732971191,0.07000000000000028,0.0020977774791575143,0.4237832613188101,0,1,0.1,0.65
2023-12-18,0.635432243347168,12.5600004196167,0.010000000000000675,0.014454746526187279,0.4344911939051647,0,0,0.1,0.65
2023-12-19,0.5996338129043579,12.529999732971191,0.019999999999999574,0.013296079590339183,0.5472222877173579,0,0,0.1,0.65
2023-12-20,0.5587068796157837,13.670000076293944,0.07000000000000028,0.010564892523759362,0.8329363196183389,0,1,0.1,0.7
2023-12-21,0.48060375452041626,13.649999618530272,0.009999999999999787,0.004456179539259253,0.3591011054452452,0,0,0.1,0.7
2023-12-22,0.6009384989738464,13.029999732971191,0.020000000000000462,0.004476125993481794,0.38499533879839454,0,0,0.1,0.7
2023-12-25,0.6005832552909851,13.029999732971191,0.0,0.0,0.01413360522950431,0,0,0.05,0.65
2023-12-26,0.7184443473815918,12.989999771118164,0.04999999999999982,0.026958008447507176,0.4747533961904344,0,0,0.05,0.6
2023-12-27,0.5646933913230896,12.43000030517578,0.05999999999999961,0.019508890795290057,0.9823890667889409,0,0,0.05,0.55
2023-12-28,0.5814034342765808,12.470000267028809,0.05999999999999961,0.032083969530532386,0.897742659985145,0,0,0.05,0.5
2023-12-29,0.7103548049926758,12.449999809265137,0.02999999999999936,0.0016733390980192553,0.4173444188560699,0,0,0.05,0.45
2024-01-01,0.8217101097106934,12.449999809265137,0.0,0.0,0.0,0,0,0.0,0.4
2024-01-02,0.5690627098083496,13.199999809265137,0.09999999999999964,0.017884082702065207,0.8873141142197954,0,1,0.0,0.4
2024-01-03,0.48209115862846375,14.039999961853027,0.0,0.03243224969365954,0.8172750313359773,0,0,0.0,0.35
2024-01-04,0.4748322367668152,14.130000114440918,0.04999999999999982,0.007039776591817315,0.6307059766603543,0,0,0.0,0.35
2024-01-05,0.7078363299369812,13.350000381469728,0.020000000000000462,0.02219262473481276,0.702590435112029,0,0,0.0,0.3
2024-01-08,0.7841327786445618,13.079999923706056,0.040000000000000036,0.042059056051780175,1.0013247510406431,0,1,0.0,0.35
2024-01-09,0.22479888796806335,12.760000228881836,0.0,0.020558744884156432,0.40069169294197926,0,0,0.0,0.3
2024-01-10,0.6662403345108032,12.6899995803833,0.009999999999999787,0.012116228070753188,0.44838236930754033,0,0,0.0,0.25
2024-01-11,0.5873834490776062,12.4399995803833,0.11000000000000032,0.009066160142918278,0.7274218109588395,0,1,0.0,0.25
2024-01-12,0.5755588412284851,12.699999809265137,0.1200000000000001,0.009122436117268151,0.8820886867370239,0,1,0.0,0.25
2024-01-15,0.4775596261024475,12.699999809265137,0.0,0.0,0.03408099148657686,0,0,0.0,0.25
2024-01-16,0.6729961037635803,13.84000015258789,0.08000000000000007,0.003859927259520113,1.0513401153380755,0,1,0.0,0.3
2024-01-17,0.6715400218963623,14.789999961853027,0.1200000000000001,0.002207451692810558,1.0887258504764565,0,1,0.0,0.3
2024-01-18,0.8283606767654419,14.130000114440918,0.0,0.020731842895027164,0.6147653112588647,0,0,0.0,0.3
2024-01-19,0.6584617495536804,13.300000190734863,0.04999999999999982,0.009085399046793619,0.6968959906545379,0,0,0.0,0.3
2024-01-22,0.7132097482681274,13.1899995803833,0.019999999999999574,0.02395805985137134,0.8015003945023876,0,0,0.0,0.3
2024-01-23,0.4351451098918915,12.550000190734863,0.0600000000000005,0.010965604213236446,0.6356706174023881,0,1,0.0,0.35
2024-01-24,0.5241838693618774,13.140000343322754,0.03000000000000025,0.00963467369566473,0.8147811109351711,0,0,0.0,0.35
2024-01-25,0.3155762255191803,13.449999809265137,0.05999999999999961,0.029782513692604873,1.0194873679131584,0,0,0.0,0.35
2024-01-26,0.8628624677658081,13.260000228881836,0.05999999999999961,0.00836719194948543,0.3733222192835399,1,0,0.05,0.35
2024-01-29,0.5462301969528198,13.600000381469728,0.04999999999999982,0.015892877310340836,0.8006121994884282,0,0,0.05,0.35
2024-01-30,0.6120725274085999,13.3100004196167,0.07000000000000028,0.013454289960908028,0.776696662158264,0,1,0.05,0.35
2024-01-31,0.4270246624946594,14.350000381469728,0.09000000000000075,0.0256407779573653,1.2518237162310557,0,1,0.05,0.4
2024-02-01,0.8496294617652893,13.880000114440918,0.0699999999999994,0.02712799220968254,1.1149025002942745,0,1,0.05,0.45
2024-02-02,0.6802196502685547,13.850000381469728,0.16000000000000014,0.02108224463230446,1.5822687127166677,0,1,0.05,0.5
2024-02-05,0.6309272646903992,13.670000076293944,0.09999999999999964,0.006893726576010728,1.1808824274615857,0,1,0.05,0.5
2024-02-06,0.5667322278022766,13.0600004196167,0.07000000000000028,0.007255816521489322,1.0747430674906024,0,1,0.05,0.55
2024-02-07,0.6099976301193237,12.829999923706056,0.020000000000000462,0.007474425755050085,0.5757646003413196,0,0,0.05,0.55
2024-02-08,1.1012983322143555,12.789999961853027,0.04999999999999982,0.03145249377319104,0.7617159409169986,1,0,0.1,0.5
2024-02-09,0.890914261341095,12.93000030517578,0.020000000000000462,0.008101378780224877,0.3758172562063051,1,0,0.15,0.45
2024-02-12,0.6034759879112244,13.93000030517578,0.020000000000000462,0.0010406066744543807,0.3633173381925225,0,0,0.15,0.45
2024-02-13,0.6057207584381104,15.850000381469728,0.17999999999999972,0.012274907944354041,1.5572049169893367,0,1,0.15,0.45
2024-02-14,0.6400301456451416,14.380000114440918,0.08000000000000007,0.015921679161541746,0.8305885800077357,0,1,0.15,0.45
2024-02-15,0.42345088720321655,14.010000228881836,0.0,0.017974226785918646,0.5580239392681219,0,0,0.15,0.45
2024-02-16,0.5262026786804199,14.239999771118164,0.08000000000000007,0.014756706567403022,0.8559883407093929,0,1,0.15,0.5
2024-02-19,0.3044869601726532,14.239999771118164,0.0,0.0,0.15779512021741218,0,0,0.15,0.5
2024-02-20,0.4714473485946655,15.420000076293944,0.04999999999999982,0.01283619478373943,0.6823550532359767,0,0,0.15,0.45
2024-02-21,0.6697725653648376,15.34000015258789,0.04999999999999982,0.003459502921188573,0.6380049216855578,0,0,0.15,0.45
2024-02-22,0.5991349220275879,14.539999961853027,0.05000000000000071,0.008944564222842288,0.8031265888828236,0,0,0.15,0.45
2024-02-23,0.6382935643196106,13.75,0.020000000000000462,0.027338940164422176,0.7564191312356867,0,0,0.1,0.45
2024-02-26,0.734714150428772,13.739999771118164,0.020000000000000462,0.014149700208427873,0.65516543954167,0,0,0.1,0.45
2024-02-27,0.6266107559204102,13.43000030517578,0.009999999999999787,0.016491276620095974,0.452596262840643,0,0,0.1,0.4
2024-02-28,0.5238734483718872,13.84000015258789,0.0600000000000005,0.0041929014273733856,0.652849180628258,0,1,0.1,0.4
2024-02-29,0.4284559488296509,13.399999618530272,0.0,0.0035714167278451114,0.49118934189560826,0,0,0.1,0.35
2024-03-01,0.5248571038246155,13.109999656677246,0.09999999999999964,0.02161493552946414,1.1536771136414568,0,1,0.1,0.35
2024-03-04,0.42853522300720215,13.489999771118164,0.07000000000000028,0.015500321222901015,0.8466459753704911,0,1,0.1,0.35
2024-03-05,0.6050671339035034,14.460000038146973,0.07000000000000028,0.007521181992922621,0.9128381772580921,0,1,0.1,0.35
2024-03-06,0.4345919191837311,14.5,0.009999999999999787,0.012461958518869665,0.47490848357551724,0,0,0.1,0.35
2024-03-07,0.5663958191871643,14.4399995803833,0.04999999999999982,0.002530647324635815,0.5737653895362145,0,0,0.05,0.35
2024-03-08,0.648709237575531,14.739999771118164,0.019999999999999574,0.011724336602441099,0.5215933977492188,0,0,0.0,0.35
2024-03-11,0.7596338391304016,15.220000267028809,0.02999999999999936,0.0010260592127862012,0.5297027291865247,0,0,0.0,0.35
2024-03-12,0.3688371181488037,13.84000015258789,0.07000000000000028,0.004759192874690399,0.8529683989636239,0,1,0.0,0.35
2024-03-13,0.4868682622909546,13.75,0.03000000000000025,0.027468711760172404,0.8481900860006958,0,0,0.0,0.3
2024-03-14,0.575745701789856,14.399999618530272,0.0699999999999994,0.01913340619143611,0.8425435722250302,0,1,0.0,0.35
2024-03-15,0.6046391725540161,14.40999984741211,0.040000000000000036,0.002711045610756635,0.586983651935043,0,0,0.0,0.3
2024-03-18,0.8648244142532349,14.329999923706056,0.010000000000000675,0.02051855427951299,0.5131291323758647,1,0,0.05,0.3
2024-03-19,0.6637496948242188,13.81999969482422,0.05000000000000071,0.009025874969929681,0.8069009684386488,0,0,0.05,0.3
2024-03-20,0.5227433443069458,13.039999961853027,0.08999999999999986,0.02167812289445159,0.7649012374833934,0,1,0.05,0.35
2024-03-21,0.473883718252182,12.920000076293944,0.03000000000000025,0.007496202357380355,0.44152769089815186,0,0,0.05,0.35
2024-03-22,0.3743574619293213,13.0600004196167,0.03000000000000025,0.005442220602357217,0.7594581161070921,0,0,0.05,0.35
2024-03-25,0.3014513850212097,13.1899995803833,0.04999999999999982,0.01623851331766346,0.7446309195746545,0,0,0.05,0.35
2024-03-26,0.8631288409233093,13.239999771118164,0.019999999999999574,0.004034904322067767,0.2735972889098948,1,0,0.1,0.35
2024-03-27,0.5487408638000488,12.779999732971191,0.019999999999999574,0.003313548720420556,0.5604263016992792,0,0,0.1,0.3
2024-03-28,0.7196165919303894,13.010000228881836,0.04999999999999982,0.022125868956703876,0.6739823972247285,0,0,0.1,0.3
2024-03-29,0.41890907287597656,13.010000228881836,0.0,0.0,0.1029133016366047,0,0,0.1,0.25
2024-04-01,0.5644941926002502,13.649999618530272,0.1299999999999999,0.0064717498702835385,1.1750996311865398,0,1,0.1,0.25
2024-04-02,0.47614729404449463,14.609999656677246,0.019999999999999574,0.017055991293518424,0.6802279968639158,0,0,0.1,0.2
2024-04-03,0.705704391002655,14.329999923706056,0.020000000000000462,0.00328290570716927,0.6656177700578684,0,0,0.1,0.2
2024-04-04,0.7721730470657349,16.350000381469727,0.02999999999999936,0.013486962431429106,0.7832951329047646,0,0,0.1,0.2
2024-04-05,0.9813753366470337,16.030000686645508,0.08000000000000007,0.003688849418979956,0.8776442692935549,1,1,0.15,0.25
2024-04-08,0.6894504427909851,15.1899995803833,0.04999999999999982,0.0055383012907208595,0.5776830472080161,0,0,0.15,0.25
2024-04-09,0.783464252948761,14.979999542236328,0.040000000000000036,0.013981317374481605,0.5640936663508066,0,0,0.15,0.2
2024-04-10,0.6089396476745605,15.800000190734863,0.22999999999999954,0.01143264568113267,1.7147255424139523,0,1,0.15,0.25
2024-04-11,0.4328925907611847,14.90999984741211,0.040000000000000036,0.013899686155501634,0.6380663906635333,0,0,0.15,0.2
2024-04-12,0.7086833715438843,17.309999465942383,0.04999999999999982,0.007499531492312528,0.8374277754902817,0,0,0.15,0.2
2024-04-15,0.6337301731109619,19.229999542236328,0.04999999999999982,0.0029227821040329616,1.2576980081733564,0,0,0.1,0.2
2024-04-16,0.7003328204154968,18.39999961853028,0.040000000000000036,0.0005856186910557781,0.8838938032273239,0,0,0.1,0.2
2024-04-17,0.4023559093475342,18.209999084472656,0.040000000000000036,0.03177890888493984,1.0091822347862667,0,0,0.1,0.15
2024-04-18,0.6003093719482422,18.0,0.05000000000000071,0.00048362852018968283,0.6562261736739137,0,0,0.1,0.15
2024-04-19,0.6755368113517761,18.709999084472656,0.010000000000000675,0.004943592704170108,0.6437675796690155,0,0,0.1,0.15
2024-04-22,0.3651565611362457,16.940000534057617,0.0,0.0034942010280367697,0.7734443449083074,0,0,0.1,0.15
2024-04-23,0.4741622507572174,15.6899995803833,0.10999999999999943,0.006136859871728184,0.8138700192296295,0,1,0.05,0.2
2024-04-24,0.8442206382751465,15.970000267028809,0.02999999999999936,0.006619787763345819,0.4771877530026541,0,0,0.05,0.2
2024-04-25,1.0344736576080322,15.369999885559082,0.07000000000000028,0.009135802798019732,0.7712553080150767,1,1,0.1,0.25
2024-04-26,0.7073414325714111,15.029999732971191,0.0,0.0033448697098901192,0.5743475777452425,0,0,0.1,0.25
2024-04-29,0.5566881895065308,14.670000076293944,0.009999999999999787,0.014656692597929677,0.6693829774069014,0,0,0.1,0.2
2024-04-30,0.47679203748703003,15.649999618530272,0.07000000000000028,0.008507549595007546,1.3216884759043355,0,1,0.1,0.25
2024-05-01,0.37013310194015503,15.390000343322754,0.08000000000000007,0.036417375411537556,0.9700929722756728,0,1,0.1,0.3
2024-05-02,0.6447542309761047,14.68000030517578,0.08999999999999986,0.000633150419681705,0.654194479729907,0,1,0.1,0.35
2024-05-03,0.6051071882247925,13.489999771118164,0.0600000000000005,0.010696604611133864,0.8502241606978314,0,1,0.05,0.35
2024-05-06,0.5305374264717102,13.489999771118164,0.010000000000000675,0.004725760595284179,0.6965231967757398,0,0,0.05,0.35
2024-05-07,0.5638765096664429,13.229999542236328,0.0,0.0012751003018784957,0.274787833935198,0,0,0.05,0.35
2024-05-08,0.4553331434726715,13.0,0.019999999999999574,0.00775247740240026,0.4217593229132272,0,0,0.05,0.3
2024-05-09,0.5139627456665039,12.6899995803833,0.040000000000000036,0.003412379582464986,0.6656583875609734,0,0,0.05,0.3
2024-05-10,0.6859948039054871,12.550000190734863,0.07000000000000028,0.01269697063562969,0.8724796588336162,0,1,0.05,0.35
2024-05-13,0.6862542033195496,13.600000381469728,0.020000000000000462,0.010929077949739963,0.7066929761270555,0,0,0.05,0.35
2024-05-14,0.4191598892211914,13.420000076293944,0.040000000000000036,0.014000560976655585,0.7936293674134096,0,0,0.05,0.35
2024-05-15,0.3752077519893646,12.449999809265137,0.07999999999999918,0.007788110021032857,1.1046650995161293,0,1,0.05,0.4
2024-05-16,0.5191197991371155,12.420000076293944,0.04999999999999982,0.007601786273661482,0.5722015029273595,0,0,0.05,0.4
2024-05-17,0.6826848387718201,11.989999771118164,0.04999999999999982,0.010421265723094209,1.0129823863148717,0,0,0.05,0.4
2024-05-20,0.7134242057800293,12.149999618530272,0.009999999999999787,0.0032527803713788828,0.4029012646785114,0,0,0.05,0.4
2024-05-21,0.6057332158088684,11.859999656677246,0.0,0.006789927983864352,0.36319188874879627,0,0,0.05,0.35
2024-05-22,0.37523502111434937,12.289999961853027,0.040000000000000036,0.02155286414589508,1.0443109016584575,0,0,0.05,0.35
2024-05-23,0.5273309946060181,12.770000457763672,0.04999999999999982,0.009065031477321739,1.04156649564118,0,0,0.0,0.3
2024-05-24,0.7440147995948792,11.93000030517578,0.019999999999999574,0.010996921124401204,0.5010707417330198,0,0,0.0,0.3
2024-05-27,0.5219135284423828,11.93000030517578,0.0,0.0,0.1591989898732171,0,0,0.0,0.3
2024-05-28,0.5618037581443787,12.920000076293944,0.010000000000000675,0.026786756378970544,0.8391391620571881,0,0,0.0,0.25
2024-05-29,0.4748958945274353,14.279999732971191,0.019999999999999574,0.007544339248005905,0.9117181248522994,0,0,0.0,0.2
2024-05-30,0.5222765803337097,14.470000267028809,0.040000000000000036,0.016800695999504178,0.9716609555461074,0,0,0.0,0.15
2024-05-31,0.6228320002555847,12.920000076293944,0.03000000000000025,0.011878845804019988,0.7413058678458532,0,0,0.0,0.1
2024-06-01,0.6203823089599609,12.920000076293944,0.0,0.0,0.0,0,0,0.0,0.1
2024-06-03,0.7250255346298218,13.109999656677246,0.0699999999999994,0.03664184346355892,1.0734286764990004,0,1,0.0,0.15
2024-06-04,0.8543658256530762,13.15999984741211,0.05000000000000071,0.013155424182365927,0.9337385899341454,1,0,0.05,0.15
2024-06-05,0.7677665948867798,12.630000114440918,0.04999999999999982,0.011132340007921293,0.9567063295299827,0,0,0.05,0.15
2024-06-06,0.5740983486175537,12.579999923706056,0.0,0.019784141207532357,0.44226037242818644,0,0,0.05,0.1
2024-06-07,0.7152710556983948,12.220000267028809,0.15000000000000036,0.0002648169491052954,1.7396467868838736,0,1,0.05,0.15
2024-06-10,0.7760291695594788,12.739999771118164,0.0,0.028839985781384136,0.4868318984911547,0,0,0.05,0.15
2024-06-11,0.5200543403625488,12.850000381469728,0.0600000000000005,0.002056074519455109,0.7029918520975613,0,1,0.05,0.15
2024-06-12,0.4862087368965149,12.039999961853027,0.05999999999999961,0.007672652323998719,1.0728539987395465,0,0,0.05,0.15
2024-06-13,0.42575541138648987,11.9399995803833,0.07000000000000028,0.001527530140252864,0.8249090724893943,0,1,0.05,0.2
2024-06-14,0.31017956137657166,12.65999984741211,0.009999999999999787,0.0021647146502488113,0.4988588126578058,0,0,0.05,0.2
2024-06-17,0.5352945327758789,12.75,0.08000000000000007,0.02368173270151175,0.9295946449570481,0,1,0.05,0.25
2024-06-18,0.3064686954021454,12.300000190734863,0.05999999999999961,0.015318370591335118,0.9786197540137168,0,0,0.05,0.25
2024-06-19,0.4766228199005127,12.300000190734863,0.0,0.0,0.05550669636731139,0,0,0.05,0.25
2024-06-20,0.6835248470306396,13.279999732971191,0.009999999999999787,0.007328706088144621,0.5791748954013333,0,0,0.05,0.25
2024-06-21,0.5251113772392273,13.199999809265137,0.0,0.017679954670203557,0.6635283170300892,0,0,0.05,0.25
2024-06-24,0.6800606846809387,13.329999923706056,0.009999999999999787,0.011086512827385597,0.5256935045633786,0,0,0.05,0.25
2024-06-25,0.9056479930877686,12.84000015258789,0.05999999999999961,0.009848601417631109,0.8407245395739652,1,0,0.1,0.25
2024-06-26,0.6090592741966248,12.550000190734863,0.05999999999999961,0.0008656365268331356,0.6643004351961671,0,0,0.1,0.25
2024-06-27,0.6297973990440369,12.239999771118164,0.009999999999999787,0.0103296090759315,0.5364588409394019,0,0,0.1,0.25
2024-06-28,0.5306569337844849,12.4399995803833,0.009999999999999787,0.0024497433826136117,0.5414419623689637,0,0,0.1,0.25
2024-07-01,0.5699442625045776,12.220000267028809,0.05999999999999961,0.022314730893051582,0.9881456097226083,0,0,0.1,0.2
2024-07-02,0.4276701509952545,12.029999732971191,0.02999999999999936,0.006859641948525841,0.42086223897772607,0,0,0.05,0.2
2024-07-03,0.608481228351593,12.09000015258789,0.03000000000000025,0.01283837572594937,1.0248040340350515,0,0,0.05,0.2
2024-07-04,0.6802096962928772,12.09000015258789,0.0,0.0,0.2257393689620093,0,0,0.05,0.2
2024-07-05,0.6653326153755188,12.479999542236328,0.11000000000000032,0.008620666262815213,1.1642689240226858,0,1,0.05,0.2
2024-07-08,0.621187150478363,12.369999885559082,0.020000000000000462,0.0100309234759548,0.624566715202038,0,0,0.05,0.2
2024-07-09,0.4868016839027405,12.510000228881836,0.0,0.01123742298134811,0.42529370671158306,0,0,0.05,0.15
2024-07-10,0.367863267660141,12.850000381469728,0.0,0.008439837303350295,0.5077216331584807,0,0,0.05,0.15
2024-07-11,0.6413668990135193,12.920000076293944,0.1200000000000001,0.006313817339399286,1.3791222999488004,0,1,0.05,0.15
2024-07-12,0.6878888607025146,12.460000038146973,0.04999999999999982,0.00497487718457279,0.4863158188879827,0,0,0.05,0.15
2024-07-15,0.7821442484855652,13.119999885559082,0.009999999999999787,0.0036558097911436604,0.5203022371710926,0,0,0.05,0.1
2024-07-16,0.4806191623210907,13.1899995803833,0.010000000000000675,0.0141393083402237,0.7976610314599072,0,0,0.05,0.1
2024-07-17,0.5399199724197388,14.479999542236328,0.009999999999999787,0.02554990555897696,0.7257138386473262,0,0,0.05,0.1
2024-07-18,0.4269774556159973,15.93000030517578,0.040000000000000036,0.00036215102259085086,0.8432078450406073,0,0,0.05,0.1
2024-07-19,0.48828959465026855,16.520000457763672,0.03000000000000025,0.03301929291921013,1.0794051896247892,0,0,0.05,0.1
2024-07-22,0.3115210235118866,14.90999984741211,0.009999999999999787,0.004377450337009314,0.5453038517884455,0,0,0.05,0.1
2024-07-23,0.6230127811431885,14.720000267028809,0.09999999999999964,0.035987036715088294,0.9697771987667859,0,1,0.0,0.15
2024-07-24,0.013971651904284954,18.040000915527344,0.03000000000000025,0.008152711246338207,1.0141389700830488,0,0,0.0,0.15
2024-07-25,0.41717392206192017,18.459999084472656,0.040000000000000036,0.008853621226170283,1.0433668451288796,0,0,0.0,0.15
2024-07-26,0.9179995656013489,16.389999389648438,0.04999999999999982,0.014410891435045592,0.9175519103211425,1,0,0.05,0.15
2024-07-29,0.6789014935493469,16.600000381469727,0.0,0.017651057634833656,0.30320593416210334,0,0,0.05,0.15
2024-07-30,0.7768599987030029,17.690000534057617,0.010000000000000675,0.014348515000907724,1.0411102104478032,0,0,0.05,0.15
2024-07-31,0.892329752445221,16.360000610351562,0.05999999999999961,0.04167269848409472,1.4811207654326277,1,1,0.1,0.2
2024-08-01,0.7184212803840637,18.59000015258789,0.1299999999999999,0.020750402038848037,1.5099493107679605,0,1,0.1,0.25
2024-08-02,0.6728801131248474,23.38999938964844,0.28000000000000025,0.037246526920984735,2.369846816499922,0,1,0.1,0.25
2024-08-05,0.5878100991249084,38.56999969482422,0.010000000000000231,0.007920213535323128,2.1551048832984936,0,1,0.1,0.3
2024-08-06,0.7723186612129211,27.709999084472656,0.10000000000000009,0.0035581604246184284,1.7217973601925676,0,1,0.1,0.35
2024-08-07,0.5602530241012573,27.850000381469727,0.009999999999999787,0.02735475291781775,0.7467692359328343,0,0,0.1,0.35
2024-08-08,0.5350798964500427,23.790000915527344,0.040000000000000036,0.012680120334173317,1.124555553510678,0,0,0.1,0.3
2024-08-09,0.6831576824188232,20.3700008392334,0.009999999999999787,0.008495037712886067,0.7999392315493911,0,0,0.1,0.3
2024-08-12,0.5684747099876404,20.709999084472656,0.040000000000000036,0.04105103282825873,0.8874017522012352,0,1,0.1,0.35
2024-08-13,0.7789711952209473,18.1200008392334,0.07999999999999963,0.021590373742851554,1.029852771625575,0,1,0.1,0.4
2024-08-14,0.6057214140892029,16.190000534057617,0.009999999999999787,0.01764025786340273,0.8631291066996801,0,0,0.1,0.4
2024-08-15,0.4752339720726013,15.229999542236328,0.14000000000000012,0.015212363125069572,1.6128901902204908,0,1,0.1,0.45
2024-08-16,0.5702782273292542,14.800000190734863,0.020000000000000462,0.01950842936361674,0.7500762855685829,0,0,0.1,0.45
2024-08-19,0.672773540019989,14.649999618530272,0.0,0.03019695357839325,0.6135314368438343,0,0,0.1,0.45
2024-08-20,0.7723742127418518,15.880000114440918,0.0699999999999994,0.004447171575921338,0.732454307567867,0,1,0.1,0.45
2024-08-21,0.6803746223449707,16.270000457763672,0.07000000000000028,0.028912071948662188,0.8646437603758318,0,1,0.1,0.5
2024-08-22,0.6735332608222961,17.549999237060547,0.07000000000000028,0.014903019205474877,1.1018023346776755,0,1,0.1,0.55
2024-08-23,0.5189722180366516,15.859999656677246,0.0900000000000003,0.024622451234376896,1.2084123349471885,0,1,0.05,0.6
2024-08-26,0.7230267524719238,16.149999618530273,0.010000000000000231,0.034026222936781814,0.49279165928855445,0,0,0.05,0.6
2024-08-27,0.7897822856903076,15.43000030517578,0.08000000000000007,0.024715209335050226,0.6380563725086978,0,1,0.05,0.65
2024-08-28,0.526683509349823,17.110000610351562,0.0,0.013462411477556557,0.6449274195584002,0,0,0.0,0.6
2024-08-29,0.599748432636261,15.649999618530272,0.040000000000000036,0.018480975585486448,0.6269662269566874,0,0,0.0,0.55
2024-08-30,0.7184395790100098,15.0,0.040000000000000036,0.031582987731720635,0.9172269477780858,0,0,0.0,0.5
2024-09-01,0.5317992568016052,15.0,0.0,0.0,0.0,0,0,0.0,0.45
2024-09-02,0.5349487066268921,15.0,0.0,0.0,0.13467657676353662,0,0,0.0,0.4
2024-09-03,0.5673738121986389,20.71999931335449,0.03000000000000025,0.04462491355686993,1.6263495943166097,0,1,0.0,0.45
2024-09-04,0.5258720517158508,21.31999969482422,0.1200000000000001,0.016339756459788468,1.0043891498443005,0,1,0.0,0.5
2024-09-05,0.6347922682762146,19.89999961853028,0.009999999999999787,0.0007227383460923775,0.5413237110233646,0,0,0.0,0.5
2024-09-06,0.7092154026031494,22.3799991607666,0.08999999999999986,0.021635156991438365,1.155730336054396,0,1,0.0,0.5
2024-09-09,0.8153462409973145,19.450000762939453,0.020000000000000018,0.015251812532925513,0.8635716135772759,0,0,0.0,0.45
2024-09-10,0.5615957975387573,19.07999992370605,0.0900000000000003,0.04403506466059692,1.0152256291490518,0,1,0.0,0.5
2024-09-11,0.6000669598579407,17.690000534057617,0.03000000000000025,0.023449106693669286,0.7641843268352478,0,0,0.0,0.45
2024-09-12,0.5599137544631958,17.06999969482422,0.020000000000000018,0.02436286739070148,0.8509818940270311,0,0,0.0,0.45
2024-09-13,0.5338679552078247,16.559999465942383,0.07000000000000028,0.004650490701332721,0.9388030176864233,0,1,0.0,0.5
2024-09-16,0.5740380883216858,17.139999389648438,0.009999999999999787,0.020758923822648434,0.45606555419846145,0,0,0.0,0.45
2024-09-17,0.48344820737838745,17.610000610351562,0.029999999999999805,0.015572315146450855,0.4407572951997491,0,0,0.0,0.4
2024-09-18,0.6469566226005554,18.229999542236328,0.020000000000000018,0.0039408744496371995,0.4372196216962948,0,0,0.0,0.35
2024-09-19,0.6616666316986084,16.329999923706055,0.020000000000000018,0.014559871958021553,0.9601458131576435,0,0,0.0,0.3
2024-09-20,0.7554284334182739,16.149999618530273,0.040000000000000036,0.0004170262146345749,0.37419352349435653,0,0,0.0,0.3
2024-09-23,0.5746485590934753,15.890000343322754,0.020000000000000018,0.02178728969472221,0.3794136855339574,0,0,0.0,0.25
2024-09-24,0.8505955934524536,15.390000343322754,0.07999999999999963,0.016769149514566983,1.3089635774647568,0,1,0.0,0.3
2024-09-25,1.0398656129837036,15.40999984741211,0.03999999999999959,0.026479354040803038,0.7933149085723232,1,0,0.05,0.3
2024-09-26,0.8830702304840088,15.369999885559082,0.07000000000000028,0.029413947297257437,1.2980431000770816,1,1,0.1,0.35
2024-09-27,0.7635534405708313,16.959999084472656,0.050000000000000266,0.007508348000242471,1.1003017844501082,0,0,0.1,0.35
2024-09-30,0.4393007159233093,16.729999542236328,0.11000000000000032,0.00014671267121890708,1.5885272458926554,0,1,0.1,0.4
2024-10-01,0.57537442445755,19.26000022888184,0.050000000000000266,0.024059184564979574,1.1512294585249359,0,0,0.1,0.35
2024-10-02,0.8316120505332947,18.89999961853028,0.020000000000000018,0.0038590291938218613,0.4938973097111017,0,0,0.1,0.3
2024-10-03,0.7764319181442261,20.489999771118164,0.07000000000000028,0.05021569050716046,1.0882533988812222,0,1,0.1,0.35
2024-10-04,0.5965277552604675,19.209999084472656,0.22999999999999998,0.009048588790040668,1.4439455013794538,0,1,0.1,0.35
2024-10-07,0.7572894096374512,22.63999938964844,0.06000000000000005,0.03643489329725291,1.0222469958625326,0,1,0.1,0.4
2024-10-08,0.5539401769638062,21.420000076293945,0.010000000000000231,0.047384615071751846,1.6002636240111463,0,1,0.1,0.4
2024-10-09,0.8564543724060059,20.86000061035156,0.010000000000000231,0.004495639157300779,1.2124090971842671,1,0,0.15,0.4
2024-10-10,0.6362502574920654,20.93000030517578,0.010000000000000231,0.03501599503871056,0.7954909265401242,0,0,0.15,0.4
2024-10-11,0.6863438487052917,20.459999084472656,0.029999999999999805,0.0038306753550028105,0.9336754478805287,0,0,0.15,0.35
2024-10-14,0.5211799740791321,19.700000762939453,0.0,0.023161832450448117,0.9166802224294801,0,0,0.15,0.35
2024-10-15,0.728096067905426,20.63999938964844,0.0,0.04501833368193964,1.1585154444114627,0,1,0.15,0.4
2024-10-16,0.7455108165740967,19.57999992370605,0.020000000000000018,0.0026956452410500376,0.4047508526888157,0,0,0.15,0.4
2024-10-17,0.6360951066017151,19.11000061035156,0.029999999999999805,0.003969929843791853,0.7922844961742727,0,0,0.15,0.4
2024-10-18,0.7119609713554382,18.030000686645508,0.009999999999999787,0.020731272950514246,0.9576341219615069,0,0,0.15,0.4
2024-10-21,0.7481671571731567,18.3700008392334,0.0699999999999994,0.019173521255787307,0.862351956002837,0,1,0.15,0.45
2024-10-22,0.6537404656410217,18.200000762939453,0.010000000000000675,0.02145191051924833,0.5202371415008711,0,0,0.15,0.4
2024-10-23,0.5236928462982178,19.239999771118164,0.040000000000000036,0.018480152964078123,0.8679019562908165,0,0,0.1,0.4
2024-10-24,0.6112539172172546,19.07999992370605,0.0,0.008229249128125282,0.5615600229689781,0,0,0.05,0.35
2024-10-25,0.7846542000770569,20.32999992370605,0.040000000000000036,0.022399983188136297,0.5966660413766839,0,0,0.05,0.35
2024-10-28,0.9276068210601807,19.799999237060547,0.009999999999999787,0.06325767149745243,0.7941430392623268,1,1,0.1,0.35
2024-10-29,0.7120047211647034,19.34000015258789,0.009999999999999787,0.002526164855852997,0.35991105013062274,0,0,0.1,0.35
2024-10-30,0.06825929880142212,20.350000381469727,0.040000000000000036,0.020616273238773353,0.6066152163006296,0,0,0.1,0.35
2024-10-31,0.9527117013931274,23.15999984741211,0.009999999999999787,0.00942926421915935,0.8946247481527306,1,0,0.15,0.3
2024-11-01,0.8205372095108032,21.8799991607666,0.04999999999999982,0.0033152567667684707,0.699274704810957,0,0,0.15,0.25
2024-11-04,0.7936407327651978,21.979999542236328,0.040000000000000036,0.028094971727140816,0.785099403963873,0,0,0.15,0.2
2024-11-05,0.7651520371437073,20.489999771118164,0.020000000000000462,0.0072493924953977995,0.7848694611860016,0,0,0.15,0.15
2024-11-06,0.5868462324142456,16.270000457763672,0.07999999999999918,0.004175888887395729,2.1594397632514104,0,1,0.1,0.2
2024-11-07,0.743858277797699,15.199999809265137,0.05999999999999961,0.009302367042198334,1.5884457550542819,0,1,0.1,0.25
2024-11-08,0.604066789150238,14.9399995803833,0.04999999999999982,0.027744576093622797,0.8434580003500304,0,0,0.1,0.25
2024-11-11,0.6101157665252686,14.970000267028809,0.0,0.03381331188501857,1.1668386066180734,0,0,0.1,0.25
2024-11-12,0.7303612232208252,14.710000038146973,0.08000000000000007,0.0011751151308629915,1.0551767582129958,0,1,0.1,0.25
2024-11-13,0.4280559718608856,14.020000457763672,0.07000000000000028,0.004540433309838221,0.6417270443655005,0,1,0.1,0.3
2024-11-14,0.429979532957077,14.3100004196167,0.07000000000000028,0.003937825382706706,0.7618023261832592,0,1,0.1,0.35
2024-11-15,0.8321279883384705,16.139999389648438,0.03000000000000025,0.024758122586162834,0.8144059455962185,0,0,0.1,0.35
2024-11-18,0.6751750111579895,15.579999923706056,0.019999999999999574,0.0314316815457234,0.8100590273800329,0,0,0.1,0.3
2024-11-19,0.7218145728111267,16.350000381469727,0.020000000000000462,0.0033200423491468456,0.5356027669843041,0,0,0.1,0.3
2024-11-20,0.7186897397041321,17.15999984741211,0.040000000000000036,0.00752204667821843,0.5033409609525166,0,0,0.1,0.3
2024-11-21,0.5985782742500305,16.8700008392334,0.03000000000000025,0.017702062836089993,0.6378065834062459,0,0,0.1,0.3
2024-11-22,0.5674235820770264,15.239999771118164,0.03000000000000025,0.01613165616169976,1.0500494246589085,0,0,0.1,0.3
2024-11-25,0.3754763901233673,14.600000381469728,0.16000000000000014,0.032817831932857366,1.7107242056738332,0,1,0.05,0.3
2024-11-26,0.7979437112808228,14.100000381469728,0.0,0.0024690419843933498,0.3926592443895149,0,0,0.05,0.3
2024-11-27,0.5294543504714966,14.100000381469728,0.019999999999999574,0.0007272590783866661,0.6890498553166736,0,0,0.05,0.3
2024-11-28,0.47235772013664246,14.100000381469728,0.0,0.0,0.05548925364731075,0,0,0.0,0.3
2024-11-29,0.6771825551986694,13.510000228881836,0.0600000000000005,0.010532590263325758,0.8138821436460012,0,1,0.0,0.35
2024-12-01,0.7387101650238037,13.510000228881836,0.0,0.0,0.0,0,0,0.0,0.35
2024-12-02,0.6340771317481995,13.34000015258789,0.040000000000000036,0.0014694855729144862,0.47121016902116936,0,0,0.0,0.35
2024-12-03,0.7698914408683777,13.300000190734863,0.0,0.02666057579336023,0.5812289987360716,0,0,0.0,0.3
2024-12-04,0.767518937587738,13.449999809265137,0.040000000000000036,0.020220236738356157,0.6028624960566183,0,0,0.0,0.25
2024-12-05,0.6082346439361572,13.539999961853027,0.020000000000000462,0.0035077185456158233,0.28033245121979306,0,0,0.0,0.25
2024-12-06,0.6153536438941956,12.770000457763672,0.05000000000000071,0.016236609142369574,0.6354393820364316,0,0,0.0,0.25
2024-12-09,0.6461986303329468,14.1899995803833,0.03000000000000025,0.017260969981989227,0.8815961193496337,0,0,0.0,0.2
2024-12-10,0.5638498067855835,14.18000030517578,0.020000000000000462,0.003212526021897588,0.6778070694845083,0,0,0.0,0.15
2024-12-11,0.639488160610199,13.579999923706056,0.0,0.024482856092888028,0.7431819978774346,0,0,0.0,0.1
2024-12-12,0.8647930026054382,13.920000076293944,0.02999999999999936,0.0038486866287925636,0.7449481255208332,1,0,0.05,0.1
2024-12-13,0.9526931047439575,13.8100004196167,0.07000000000000028,0.017975210387811913,1.1692640617612757,1,1,0.1,0.15
2024-12-16,0.749570906162262,14.6899995803833,0.0,0.008169085303321388,0.3881159197472423,0,0,0.1,0.15
2024-12-17,0.9340189695358276,15.869999885559082,0.0,0.00894951991231352,0.45915409190236045,1,0,0.15,0.15
2024-12-18,0.7350696325302124,27.6200008392334,0.09999999999999964,0.007109371433892342,2.001931555152441,0,1,0.15,0.2
2024-12-19,0.37179329991340637,24.09000015258789,0.02999999999999936,0.009538091283001648,1.2523275686206352,0,0,0.15,0.2
2024-12-20,0.2194817066192627,18.36000061035156,0.020000000000000462,0.006457718771803123,1.1059723802131576,0,0,0.15,0.15
2024-12-23,0.43880656361579895,16.780000686645508,0.0,0.003172334679828026,0.6673407822035827,0,0,0.15,0.15
2024-12-24,0.567211925983429,14.270000457763672,0.009999999999999787,0.012344072817911389,0.6639831753555403,0,0,0.15,0.15
2024-12-25,0.6464038491249084,14.270000457763672,0.0,0.0,0.0005354397416669511,0,0,0.15,0.15
2024-12-26,0.8306891918182373,14.729999542236328,0.009999999999999787,0.006870850439029574,0.30473417042324713,0,0,0.15,0.1
2024-12-27,0.3005636930465698,15.949999809265137,0.009999999999999787,0.01397820105183989,0.620112863356396,0,0,0.15,0.1
2024-12-30,0.49718624353408813,17.399999618530273,0.0699999999999994,0.005508869073121758,0.8066723626899538,0,1,0.15,0.15
2024-12-31,0.6316803097724915,17.350000381469727,0.009999999999999787,0.010230673798029777,0.7083220458227691,0,0,0.15,0.15
2025-01-01,0.7488969564437866,17.350000381469727,0.0,0.0,0.0,0,0,0.15,0.15
2025-01-02,0.49217700958251953,17.93000030517578,0.0,0.01946897596799868,0.7604287252743833,0,0,0.15,0.15
2025-01-03,0.7227078676223755,16.1299991607666,0.03000000000000025,0.01128575241491081,0.9361611882084492,0,0,0.15,0.15
2025-01-06,0.5781639814376831,16.040000915527344,0.0,0.005423027593439933,0.4957526941063095,0,0,0.15,0.15
2025-01-07,0.6578283309936523,17.81999969482422,0.019999999999999574,0.00933641113600725,1.0080576701760176,0,0,0.15,0.15
2025-01-08,0.811398983001709,17.700000762939453,0.019999999999999574,0.01260435887354916,0.45276918435028907,0,0,0.15,0.15
2025-01-09,0.7145806550979614,17.700000762939453,0.010000000000000675,0.008149983753407142,0.4296063343425475,0,0,0.1,0.15
2025-01-10,0.6083241701126099,19.540000915527344,0.13000000000000078,0.035221948576785955,1.4204545667334005,0,1,0.05,0.15
2025-01-13,0.3615053594112396,19.190000534057617,0.0,0.028961416755598712,0.5542918633942581,0,0,0.05,0.15
2025-01-14,0.5685355067253113,18.709999084472656,0.03000000000000025,0.01688883153575027,0.7110828936152229,0,0,0.0,0.15
2025-01-15,0.7770200371742249,16.1200008392334,0.10000000000000053,0.03224858479460391,1.6818252469583903,0,1,0.0,0.15
2025-01-16,0.5605490803718567,16.600000381469727,0.03999999999999915,0.01713752375435096,0.7282323215129298,0,0,0.0,0.15
2025-01-17,0.4827491343021393,15.970000267028809,0.03999999999999915,0.010219852162403065,0.6011055069128137,0,0,0.0,0.15
2025-01-20,0.6390876770019531,15.970000267028809,0.0,0.0,0.02201958669237382,0,0,0.0,0.15
2025-01-21,0.5253551602363586,15.0600004196167,0.020000000000000462,0.025884229863912367,0.6439579995725176,0,0,0.0,0.15
2025-01-22,0.6840637922286987,15.100000381469728,0.0,0.005947244685811981,0.5005543006179078,0,0,0.0,0.15
2025-01-23,0.5208432674407959,15.020000457763672,0.0,0.010929066086830197,0.4780649706466879,0,0,0.0,0.15
2025-01-24,0.6139634847640991,14.850000381469728,0.020000000000000462,0.0005359179363271238,0.3494731951310606,0,0,0.0,0.15
2025-01-27,0.619348406791687,17.899999618530273,0.09999999999999964,0.020159046665649605,1.475519175765062,0,1,0.0,0.15
2025-01-28,0.889270007610321,16.40999984741211,0.020000000000000462,0.008166623519532124,0.5911033532119373,1,0,0.05,0.15
2025-01-29,0.7666584253311157,16.559999465942383,0.019999999999999574,0.0157116955833283,0.3654836063411552,0,0,0.05,0.15
2025-01-30,0.8476080894470215,15.84000015258789,0.03000000000000025,0.001513596515076543,0.6802219786529542,0,0,0.05,0.15
2025-01-31,0.5046094655990601,16.43000030517578,0.040000000000000036,0.0027537477775538832,0.5095634150819565,0,0,0.05,0.15
2025-02-01,0.5207016468048096,16.43000030517578,0.0,0.0,0.0,0,0,0.05,0.15
2025-02-03,0.6743680834770203,18.6200008392334,0.040000000000000036,0.008648621033832349,0.8632870602962025,0,0,0.05,0.15
2025-02-04,0.6455618739128113,17.209999084472656,0.04999999999999982,0.006307531016771506,0.7302991754676905,0,0,0.05,0.15
2025-02-05,0.48274677991867065,15.770000457763672,0.040000000000000036,0.02323903673808303,1.0964887960113212,0,0,0.05,0.15
2025-02-06,0.7679049372673035,15.5,0.040000000000000036,0.005930519651741406,0.5942875771401359,0,0,0.05,0.1
2025-02-07,0.6411706209182739,16.540000915527344,0.08000000000000007,0.00550809086907833,1.0781784808424821,0,1,0.05,0.15
2025-02-10,0.6407724022865295,15.8100004196167,0.009999999999999787,0.018420834822808096,0.8651023938453943,0,0,0.05,0.15
2025-02-11,0.42668646574020386,16.020000457763672,0.009999999999999787,0.013732706945136286,0.5490307244701597,0,0,0.05,0.1
2025-02-12,0.37036868929862976,15.890000343322754,0.07000000000000028,0.02695576734257976,1.0396519586506867,0,1,0.05,0.15
2025-02-13,0.36647993326187134,15.100000381469728,0.05000000000000071,0.0011215734948457623,0.9946693023350175,0,0,0.05,0.15
2025-02-14,0.6022875905036926,14.770000457763672,0.04999999999999982,0.00774492439283847,0.8577437338378883,0,0,0.05,0.15
2025-02-17,0.681376039981842,14.770000457763672,0.0,0.0,0.05299054271187615,0,0,0.05,0.15
2025-02-18,0.4841338098049164,15.350000381469728,0.03000000000000025,0.015569437709031853,0.9587859620172525,0,0,0.05,0.15
2025-02-19,0.5599851608276367,15.270000457763672,0.009999999999999787,0.005551735704513838,0.3441442213336852,0,0,0.05,0.15
2025-02-20,0.5035390257835388,15.65999984741211,0.0,0.004419282092243293,0.6948239171128858,0,0,0.05,0.15
2025-02-21,0.4819335639476776,18.209999084472656,0.08999999999999986,0.030358324246371637,1.3491164435074199,0,1,0.05,0.15
2025-02-24,0.644805371761322,18.979999542236328,0.0600000000000005,0.004252244899221935,0.5779342267220622,0,1,0.0,0.2
2025-02-25,0.8605214953422546,19.43000030517578,0.05999999999999961,0.025354028412746032,1.1645840978772308,1,0,0.05,0.2
2025-02-26,0.679448664188385,19.100000381469727,0.020000000000000462,0.004507423868616911,0.6864786939891026,0,0,0.05,0.2
2025-02-27,0.8429201245307922,21.1299991607666,0.020000000000000462,0.024898684414305094,0.9819475884887794,0,0,0.05,0.2
2025-02-28,0.7156996130943298,19.6299991607666,0.08000000000000007,0.008421951647283876,1.461992683628906,0,1,0.05,0.25
2025-03-01,0.606103777885437,19.6299991607666,0.0,0.0,0.0,0,0,0.05,0.25
2025-03-03,0.6225245594978333,22.780000686645508,0.03000000000000025,0.02012663812526405,1.240436291990091,0,0,0.05,0.25
2025-03-04,0.5785472989082336,23.51000022888184,0.0,0.0016101973239743828,0.661766616969649,0,0,0.05,0.25
2025-03-05,0.718532383441925,21.93000030517578,0.03000000000000025,0.028983296211349874,1.2600933140140667,0,0,0.05,0.25
2025-03-06,0.7114148736000061,24.8700008392334,0.03000000000000025,0.0007537959571211061,0.7788190380402656,0,0,0.05,0.2
2025-03-07,0.7595473527908325,23.3700008392334,0.03000000000000025,0.010194995310435218,0.7254435318026676,0,0,0.05,0.2
2025-03-10,0.6172488331794739,27.86000061035156,0.10000000000000009,0.01518030411088045,1.5176082632029022,0,1,0.05,0.25
2025-03-11,0.8611699938774109,26.920000076293945,0.04999999999999982,0.0033262991469502623,0.9232380058656078,1,0,0.1,0.2
2025-03-12,0.4824979901313782,24.229999542236328,0.06999999999999984,0.02135525494073498,1.0280927053340068,0,1,0.1,0.25
2025-03-13,0.5360227227210999,24.65999984741211,0.06999999999999984,0.016837129109330107,1.0431435970975236,0,1,0.1,0.3
2025-03-14,0.6817281246185303,21.770000457763672,0.07999999999999963,0.009421998029068845,1.2452844171701154,0,1,0.1,0.35
2025-03-17,0.6502997279167175,20.51000022888184,0.040000000000000036,0.005936519653962691,0.6657231470095047,0,0,0.1,0.35
2025-03-18,0.6848036050796509,21.700000762939453,0.019999999999999574,0.010113118438230373,0.7603941930937717,0,0,0.1,0.35
2025-03-19,0.2955813407897949,19.89999961853028,0.04999999999999982,0.003878896794933695,0.7028385819213475,0,0,0.1,0.35
2025-03-20,0.6021071076393127,19.799999237060547,0.040000000000000036,0.016246088036584005,0.5481463980075924,0,0,0.1,0.3
2025-03-21,0.6442961096763611,19.280000686645508,0.010000000000000231,0.0002929052742830507,0.41367012453098506,0,0,0.1,0.25
2025-03-24,0.8894606232643127,17.479999542236328,0.10000000000000009,0.012082566886560286,1.151162205840091,1,1,0.1,0.3
2025-03-25,0.7021787762641907,17.149999618530273,0.08000000000000007,0.0015929423376386254,0.6629685110517329,0,1,0.1,0.35
2025-03-26,0.8140738606452942,18.32999992370605,0.020000000000000018,0.00937621753636364,0.5291162112611192,0,0,0.1,0.35
2025-03-27,0.5364328026771545,18.690000534057617,0.009999999999999787,0.0038689830258036295,0.6065838591174334,0,0,0.1,0.3
2025-03-28,0.6104801893234253,21.64999961853028,0.08000000000000007,0.008041363887377528,1.3334617390962755,0,1,0.1,0.35
2025-03-31,0.8420515060424805,22.280000686645508,0.0,0.030107395982433616,0.8674218639125191,0,0,0.1,0.35
2025-04-01,1.1945847272872925,21.770000457763672,0.020000000000000018,0.003924961698320573,0.5658366109697833,1,0,0.15,0.35
2025-04-02,0.9316563606262207,21.51000022888184,0.040000000000000036,0.0071374195712401445,0.5517835710177906,1,0,0.2,0.35
2025-04-03,0.8074449896812439,30.020000457763672,0.20000000000000018,0.06868416857286341,3.3297928820307954,0,1,0.2,0.4
2025-04-04,1.0458760261535645,45.310001373291016,0.029999999999999805,0.07697291776429882,3.817117120024586,1,1,0.25,0.45
2025-04-07,0.9377893209457397,46.97999954223633,0.04999999999999982,0.021029398155769208,2.5836726778682415,1,1,0.3,0.45
2025-04-08,0.740237832069397,52.33000183105469,0.020000000000000018,0.01862373261662853,1.538996650244406,0,1,0.25,0.5
2025-04-09,0.7210699915885925,33.619998931884766,0.20000000000000018,0.04544366963540547,4.519491049901637,0,1,0.25,0.5
2025-04-10,0.6987624764442444,40.720001220703125,0.07000000000000028,0.037253103871513815,2.501788200859721,0,1,0.25,0.5
2025-04-11,0.7572853565216064,37.560001373291016,0.1200000000000001,0.023526631030738265,1.9296575939698626,0,1,0.25,0.5
2025-04-14,0.21395061910152435,30.88999938964844,0.1200000000000001,0.00048766610077244366,1.6915472155031428,0,1,0.25,0.55
2025-04-15,0.5638286471366882,30.1200008392334,0.0,0.003255691419577822,0.3276813457103547,0,1,0.25,0.6
2025-04-16,0.7577741742134094,32.63999938964844,0.06999999999999984,0.018417311552441085,1.6066043878933522,0,1,0.25,0.65
2025-04-17,0.8412246704101562,29.64999961853028,0.040000000000000036,0.03476557838103833,0.9448188058108374,0,1,0.25,0.7
2025-04-18,0.7339329719543457,29.64999961853028,0.0,0.0,0.011244517362417075,0,1,0.25,0.75
2025-04-21,0.8587186336517334,33.81999969482422,0.06000000000000005,0.02504824830480956,1.5876790766968585,1,1,0.25,0.75
2025-04-22,0.7501212954521179,30.56999969482422,0.009999999999999787,0.01931131106134476,1.0854982905556654,0,1,0.25,0.75
2025-04-23,0.7451313138008118,28.450000762939453,0.050000000000000266,0.0322353259480499,1.4037038406634097,0,0,0.25,0.75
2025-04-24,0.6761795878410339,26.46999931335449,0.040000000000000036,0.008316063471168533,1.099499123964927,0,0,0.25,0.75
2025-04-25,0.6523338556289673,24.84000015258789,0.029999999999999805,0.0036563038861121555,0.6704823325684777,0,0,0.25,0.7
2025-04-28,0.46241024136543274,25.14999961853028,0.07000000000000028,0.015511644237856004,0.718391387361937,0,1,0.25,0.75
2025-04-29,0.5683838129043579,24.170000076293945,0.020000000000000018,0.026620353701971133,0.8217697302786622,0,0,0.2,0.75
2025-04-30,0.3596442937850952,24.700000762939453,0.04999999999999982,0.03726300009744943,1.052601986151593,0,1,0.15,0.8
2025-05-01,0.6527010202407837,24.600000381469727,0.10000000000000009,0.0175398721772968,1.079921505944715,0,1,0.15,0.8
2025-05-02,0.5400683283805847,22.68000030517578,0.1299999999999999,0.016166449969052366,1.2783344723087433,0,1,0.1,0.8
2025-05-05,0.5342171788215637,23.63999938964844,0.0,0.02010117633128594,0.8212170611040394,0,0,0.05,0.75
2025-05-06,0.9699878096580505,24.76000022888184,0.050000000000000266,0.03373231650728492,1.302101531843573,1,0,0.1,0.7
2025-05-07,0.8763588666915894,23.549999237060547,0.0,0.01741253381123009,0.7938332482894253,1,0,0.15,0.65
2025-05-08,1.0208683013916016,22.479999542236328,0.1200000000000001,0.03119425942023213,1.4796543883769102,1,1,0.2,0.65
2025-05-09,0.8920848369598389,21.89999961853028,0.020000000000000018,0.018358253241505196,0.5155968398382744,1,0,0.25,0.6
2025-05-12,0.5686177611351013,18.38999938964844,0.10000000000000009,0.01512593360017167,1.9494441671782872,0,1,0.25,0.6
2025-05-13,0.4862384498119354,18.21999931335449,0.03999999999999959,0.027385844879860066,0.914497772463795,0,0,0.25,0.55
2025-05-14,0.5730330348014832,18.6200008392334,0.03000000000000025,0.008200592311149002,0.8358802575659962,0,0,0.25,0.5
2025-05-15,0.5308293104171753,17.829999923706055,0.08999999999999986,0.024526397124652988,1.0735596929362936,0,1,0.25,0.5
2025-05-16,0.21637265384197235,17.239999771118164,0.020000000000000018,0.014020094966140206,0.7417962285074344,0,0,0.25,0.45
2025-05-19,0.48605531454086304,18.13999938964844,0.009999999999999787,0.0031953525790582304,0.8006476922606736,0,0,0.2,0.4
2025-05-20,0.6793157458305359,18.09000015258789,0.0,0.0020758051911764497,0.37476475641790113,0,0,0.2,0.35
2025-05-21,0.4884917438030243,20.8700008392334,0.029999999999999805,0.01595138422208553,1.095717712595891,0,0,0.2,0.35
2025-05-22,0.8094671368598938,20.280000686645508,0.0,0.006027531981941614,0.3906346917423152,0,0,0.2,0.35
2025-05-23,0.7984593510627747,22.290000915527344,0.0,0.005377638928633743,1.1853231089493124,0,0,0.2,0.35
2025-05-26,1.0627621412277222,22.290000915527344,0.0,0.0,0.01330921044126971,1,0,0.25,0.3
2025-05-27,0.693435549736023,18.959999084472656,0.08000000000000007,0.010455893316601461,1.4735458397928691,0,1,0.25,0.35
2025-05-28,0.6631456613540649,19.309999465942383,0.040000000000000036,0.015481459149985888,0.5819722468849583,0,0,0.25,0.3
2025-05-29,0.7378880381584167,19.18000030517578,0.040000000000000036,0.014660655724200389,0.6392190422589054,0,0,0.25,0.25
2025-05-30,0.6768594980239868,18.56999969482422,0.029999999999999805,0.0024644342013058207,0.42153718650129607,0,0,0.25,0.2
2025-06-01,0.7044460773468018,18.56999969482422,0.0,0.0,0.0,0,0,0.25,0.2
2025-06-02,0.7484663724899292,18.36000061035156,0.04999999999999982,0.028061196054028237,1.3013542845530655,0,0,0.2,0.2
2025-06-03,0.5690826773643494,17.690000534057617,0.020000000000000018,0.01413506243041951,0.4436318137765317,0,0,0.15,0.2
2025-06-04,0.533913254737854,17.610000610351562,0.08999999999999986,0.008870664547419693,0.9058812598545128,0,1,0.1,0.2
2025-06-05,0.6850928664207458,18.479999542236328,0.04999999999999982,0.008239635722055105,0.6762431469017145,0,0,0.05,0.2
2025-06-06,0.6699938178062439,16.770000457763672,0.1200000000000001,0.018914247203200674,1.3586070127361514,0,1,0.05,0.2
2025-06-09,0.5167029500007629,17.15999984741211,0.03000000000000025,0.01093410553760954,0.4975497302872026,0,0,0.05,0.2
2025-06-10,0.4264465272426605,16.950000762939453,0.0,0.004759317319035894,0.2759165597315028,0,0,0.05,0.2
2025-06-11,0.4807204306125641,17.260000228881836,0.06999999999999984,0.04763159863056643,1.0714062825502118,0,1,0.05,0.2
2025-06-12,0.6121793985366821,18.020000457763672,0.040000000000000036,0.0016153995491636763,0.8275169897930016,0,0,0.05,0.2
2025-06-13,0.5553499460220337,20.81999969482422,0.06000000000000005,0.07008969602291071,1.4517836150202514,0,1,0.05,0.25
2025-06-16,0.6913527250289917,19.11000061035156,0.010000000000000231,0.016718962337807675,0.6676738874166291,0,0,0.05,0.25
2025-06-17,0.4290314018726349,21.600000381469727,0.03000000000000025,0.04188593780488681,0.8922541502038848,0,1,0.05,0.3
2025-06-18,0.8297465443611145,20.13999938964844,0.0,0.004000579549590988,0.42613663855596573,0,0,0.05,0.3
2025-06-19,0.5942199230194092,20.13999938964844,0.0,0.0,0.15872883105526847,0,0,0.05,0.3
2025-06-20,0.6289659738540649,20.6200008392334,0.040000000000000036,0.0027986835739328697,0.4114360251252022,0,0,0.0,0.3
2025-06-23,0.6131342053413391,19.82999992370605,0.06000000000000005,0.0895745972529296,1.2080987828948577,0,1,0.0,0.3
2025-06-24,0.6042072176933289,17.479999542236328,0.08999999999999986,0.06233202246291203,1.620519853784685,0,1,0.0,0.35
2025-06-25,0.6810465455055237,16.760000228881836,0.009999999999999787,0.008507985708414267,0.4625891838637345,0,0,0.0,0.35
2025-06-26,0.371192991733551,16.59000015258789,0.040000000000000036,0.004917030567026082,0.7026756467168038,0,0,0.0,0.35
2025-06-27,0.5998994708061218,16.31999969482422,0.029999999999999805,0.0042826433009324205,0.7669622928386776,0,0,0.0,0.35
2025-06-30,0.47930899262428284,16.729999542236328,0.009999999999999787,0.006277231686631524,0.5803666579772555,0,0,0.0,0.35
2025-07-01,0.5370218753814697,16.829999923706055,0.05999999999999961,0.005208289105660846,0.5623162996667734,0,0,0.0,0.35
2025-07-02,0.5292990207672119,16.639999389648438,0.0,0.030100091680430374,0.7680959440474227,0,0,0.0,0.3
2025-07-03,0.48013976216316223,16.3799991607666,0.10000000000000009,0.006693918018056522,0.8624756261264089,0,1,0.0,0.35
2025-07-04,0.6323267817497253,16.3799991607666,0.0,0.007490671729157405,0.23618979567116322,0,0,0.0,0.3
2025-07-07,0.7778674960136414,17.790000915527344,0.020000000000000018,0.021275820033905823,0.582145561840105,0,0,0.0,0.3
2025-07-08,0.8443767428398132,16.809999465942383,0.0,0.005871167894201612,1.476680735038132,0,0,0.0,0.3
2025-07-09,0.5716012716293335,15.9399995803833,0.040000000000000036,0.0007314084547864752,0.8300024884811319,0,0,0.0,0.25
2025-07-10,0.6853122115135193,15.779999732971191,0.0,0.02682632301637433,0.5374597540105336,0,0,0.0,0.25
2025-07-11,0.65259850025177,16.399999618530273,0.040000000000000036,0.02784948612237681,0.8978705420109448,0,0,0.0,0.2
2025-07-14,0.5268343687057495,17.200000762939453,0.0,0.021709389666200174,0.3546303983336767,0,0,0.0,0.2
2025-07-15,0.6533947587013245,17.3799991607666,0.050000000000000266,0.0068915136248062225,0.6406981369164133,0,0,0.0,0.15
2025-07-16,0.5199447870254517,17.15999984741211,0.07000000000000028,0.0021068389445204616,0.5652447230946418,0,1,0.0,0.2
2025-07-17,0.5638366341590881,16.520000457763672,0.03000000000000025,0.01732426359757877,0.4403569583396487,0,0,0.0,0.2
2025-07-18,0.6073688864707947,16.40999984741211,0.03000000000000025,0.0029656691622079734,0.4784737898640119,0,0,0.0,0.2
2025-07-21,0.43378302454948425,16.649999618530273,0.029999999999999805,0.002081157234508524,0.7000710930209695,0,0,0.0,0.15
2025-07-22,0.5704846978187561,16.5,0.020000000000000018,0.014841707006914895,0.7608388840573227,0,0,0.0,0.1
2025-07-23,0.6585495471954346,15.369999885559082,0.04999999999999982,0.014605448906322316,0.9911492612601597,0,0,0.0,0.1
2025-07-24,0.5638354420661926,15.390000343322754,0.03000000000000025,0.011883119516578056,0.6025448287292784,0,0,0.0,0.1
2025-07-25,0.6536245942115784,14.93000030517578,0.0,0.013263325783737123,0.5873302900572402,0,0,0.0,0.1
2025-07-28,0.7972410321235657,15.029999732971191,0.0,0.02350901306179054,0.675869795365308,0,0,0.0,0.1
2025-07-29,0.6864675879478455,15.979999542236328,0.050000000000000266,0.036790494628085035,0.8474445650133247,0,1,0.0,0.15
2025-07-30,0.37810519337654114,15.479999542236328,0.08000000000000007,0.011349894423839935,0.6942904859889293,0,1,0.0,0.2
2025-07-31,0.6353919506072998,16.719999313354492,0.0,0.01062767223144423,2.6978336011653647,0,1,0.0,0.2
2025-08-01,0.5685002207756042,20.3799991607666,0.25,0.028261640065498028,2.2332807624618964,0,1,0.0,0.25
2025-08-04,0.6484748721122742,17.520000457763672,0.0,0.015566859688174617,0.7810389251717376,0,0,0.0,0.25
2025-08-05,0.6398520469665527,17.850000381469727,0.03000000000000025,0.017193230128598636,0.5324328437004312,0,0,0.0,0.25
2025-08-06,0.7508500218391418,16.770000457763672,0.03000000000000025,0.01250892960569061,0.5607598496915761,0,0,0.0,0.25
2025-08-07,0.712223470211029,16.56999969482422,0.03000000000000025,0.007330570262490177,0.36448267905674886,0,0,0.0,0.25
2025-08-08,0.47753456234931946,15.149999618530272,0.03999999999999959,0.0,0.8371169470953278,0,0,0.0,0.25
2025-08-11,0.5634066462516785,16.25,0.0,0.0012515335842291364,0.73721116558168,0,0,0.0,0.25
2025-08-12,0.530545175075531,14.729999542236328,0.03999999999999959,0.012428397727227036,0.7822827089282954,0,0,0.0,0.25
2025-08-13,0.5728796720504761,14.489999771118164,0.050000000000000266,0.00826577022677899,0.6113929772731146,0,0,0.0,0.2
2025-08-14,0.6559967398643494,14.829999923706056,0.07000000000000028,0.020694167954006026,0.7668983620898057,0,1,0.0,0.25
2025-08-15,0.7558269500732422,15.09000015258789,0.009999999999999787,0.0183028123262563,0.4623878011685355,0,0,0.0,0.25
2025-08-18,0.6122615337371826,14.989999771118164,0.020000000000000018,0.009824178912883674,0.3333844124129346,0,0,0.0,0.25
2025-08-19,0.7056208252906799,15.56999969482422,0.020000000000000018,0.01701559258507146,0.5646237734134929,0,0,0.0,0.25
2025-08-20,0.7401652336120605,15.6899995803833,0.009999999999999787,0.013698854347058642,0.5005615603113747,0,0,0.0,0.25
2025-08-21,0.6338774561882019,16.600000381469727,0.04999999999999982,0.00489232214518065,0.5120420308166106,0,0,0.0,0.25
2025-08-22,0.46943917870521545,14.220000267028809,0.10999999999999988,0.002201595311539961,1.2687867796724184,0,1,0.0,0.3
2025-08-25,0.419454962015152,14.789999961853027,0.04999999999999982,0.017749230996228604,0.6889259620616776,0,0,0.0,0.3
2025-08-26,0.8101011514663696,14.619999885559082,0.1200000000000001,0.024210522845626414,0.9057995703737749,0,1,0.0,0.3
2025-08-27,0.6047186851501465,14.850000381469728,0.020000000000000018,0.01412898724012468,0.5993141621100432,0,0,0.0,0.25
2025-08-28,0.6740829348564148,14.43000030517578,0.03000000000000025,0.00699027232038496,0.6749306290776,0,0,0.0,0.2
2025-08-29,0.6575170159339905,15.359999656677246,0.03000000000000025,0.009175032640841074,0.6669150668226035,0,0,0.0,0.15
2025-09-01,0.5942214131355286,15.359999656677246,0.0,0.0,0.08969642209143545,0,0,0.0,0.15
2025-09-02,0.5577177405357361,17.170000076293945,0.07000000000000028,0.024383834944995186,1.1778686714173014,0,1,0.0,0.2
2025-09-03,0.4355214536190033,16.350000381469727,0.050000000000000266,0.025008946927815856,0.931004889345536,0,0,0.0,0.2
2025-09-04,0.6010047793388367,15.300000190734863,0.020000000000000018,0.0076893540974172225,0.8331795662884207,0,0,0.0,0.2
2025-09-05,0.5128160119056702,15.18000030517578,0.08000000000000007,0.025689496168026515,1.060446780252538,0,1,0.0,0.25
2025-09-08,0.43510666489601135,15.109999656677246,0.019999999999999574,0.006283745775436778,0.40596932803805674,0,0,0.0,0.25
2025-09-09,0.473215788602829,15.039999961853027,0.04999999999999982,0.005925275537221886,0.4558910076000264,0,0,0.0,0.25
2025-09-10,0.28578129410743713,15.350000381469728,0.0,0.016469051678726032,0.4940090914862241,0,0,0.0,0.25
2025-09-11,0.5552945733070374,14.710000038146973,0.020000000000000018,0.020629091857852444,0.658165675217788,0,0,0.0,0.2
2025-09-12,0.6057186722755432,14.760000228881836,0.040000000000000036,0.005117549967248891,0.4029715072319374,0,0,0.0,0.2
2025-09-15,0.5734602808952332,15.6899995803833,0.020000000000000018,0.009683393717559774,0.6219453707025165,0,0,0.0,0.2
2025-09-16,0.6036731004714966,16.360000610351562,0.03000000000000025,0.019089884130282897,0.4049425106439213,0,0,0.0,0.2
2025-09-17,0.8193603157997131,15.720000267028809,0.010000000000000231,0.007311125238423699,0.5163809291935767,0,0,0.0,0.2
2025-09-18,0.6018844246864319,15.699999809265137,0.04999999999999982,0.007522419841541783,0.6805242437814161,0,0,0.0,0.2
2025-09-19,0.6530831456184387,15.449999809265137,0.0,0.014099233791081467,0.4601103771131288,0,0,0.0,0.15
2025-09-22,0.5259932279586792,16.100000381469727,0.040000000000000036,0.0006383804178620167,0.6593616239360472,0,0,0.0,0.15
2025-09-23,0.7792940735816956,16.639999389648438,0.08000000000000007,0.012217533366822408,0.7097067876273149,0,1,0.0,0.15
2025-09-24,0.6357810497283936,16.18000030517578,0.040000000000000036,0.0246118037305445,0.9933975739618575,0,0,0.0,0.15
2025-09-25,0.7428800463676453,16.739999771118164,0.07000000000000028,0.00015379713413476992,0.49437091799268795,0,1,0.0,0.2
2025-09-26,0.574687659740448,15.289999961853027,0.010000000000000231,0.011323729841388186,0.5550111885753941,0,0,0.0,0.2
2025-09-29,0.5187045335769653,16.1200008392334,0.0,0.03515110555871015,1.0162170241914408,0,0,0.0,0.2
2025-09-30,0.6695507764816284,16.280000686645508,0.029999999999999805,0.017167832772092773,0.47040898403736076,0,0,0.0,0.15
2025-10-01,0.48521527647972107,16.290000915527344,0.050000000000000266,0.009504705681002257,0.5684757922527782,0,0,0.0,0.15
2025-10-02,0.71687251329422,16.6299991607666,0.0,0.02126694342913016,0.4901609483227747,0,0,0.0,0.15
2025-10-03,0.4263772666454315,16.649999618530273,0.03000000000000025,0.006592006795596461,0.6727431316761955,0,0,0.0,0.1
2025-10-06,0.6505553722381592,16.3700008392334,0.020000000000000018,0.013217089862355813,0.7322192157886429,0,0,0.0,0.1
2025-10-07,0.574120283126831,17.239999771118164,0.03000000000000025,0.0006482080298395587,0.5581882029776203,0,0,0.0,0.1
2025-10-08,0.6059716939926147,16.299999237060547,0.010000000000000231,0.013196195725421411,0.49628803917714176,0,0,0.0,0.1
2025-10-09,0.7043664455413818,16.43000030517578,0.020000000000000018,0.01676648878307585,0.837421646248912,0,0,0.0,0.1
2025-10-10,0.6783941388130188,21.65999984741211,0.08000000000000007,0.04335861936876739,2.1475419202379604,0,1,0.0,0.15
2025-10-13,0.48391661047935486,19.030000686645508,0.0,0.009967142850277888,1.375230475165059,0,0,0.0,0.15
2025-10-14,0.5567435026168823,20.809999465942383,0.040000000000000036,0.01336851958276597,0.8789528350716039,0,0,0.0,0.15
2025-10-15,0.5250895023345947,20.63999938964844,0.020000000000000018,0.007352350820426068,0.591197402509823,0,0,0.0,0.15
2025-10-16,0.646327018737793,25.309999465942383,0.08999999999999986,0.013998351393044395,1.340201904575419,0,1,0.0,0.2
2025-10-17,0.5175763964653015,20.780000686645508,0.04999999999999982,0.0013913364167024156,1.2608316709103307,0,0,0.0,0.2
2025-10-20,0.4174583852291107,18.229999542236328,0.0,0.00034765266341718615,1.0419872474587144,0,0,0.0,0.2
2025-10-21,0.3721413016319275,17.8700008392334,0.009999999999999787,0.005202009939038632,1.2932855758623447,0,0,0.0,0.15
2025-10-22,0.4698103964328766,18.600000381469727,0.0,0.011692022927642043,0.4383247977960031,0,0,0.0,0.15
2025-10-23,0.6676866412162781,17.299999237060547,0.029999999999999805,0.054714799651833346,1.2954568199799046,0,1,0.0,0.15
2025-10-24,0.6772520542144775,16.3700008392334,0.0,0.004704379077171694,0.39239365001599663,0,0,0.0,0.15
2025-10-27,0.4287356436252594,15.789999961853027,0.0,0.0030941906387402796,0.8669871657613668,0,0,0.0,0.15
2025-10-28,0.7165656089782715,16.420000076293945,0.009999999999999787,0.019101516385149786,0.4161859930060892,0,0,0.0,0.15
2025-10-29,0.696072518825531,16.920000076293945,0.11999999999999966,0.005471256513851053,0.9659594891040008,0,1,0.0,0.2
2025-10-30,0.727899432182312,16.90999984741211,0.020000000000000018,0.001486991652024372,0.8101507361618983,0,0,0.0,0.2
2025-10-31,0.9247205257415771,17.440000534057617,0.009999999999999787,0.006746218098866663,0.37180710803054573,1,0,0.05,0.2
2025-11-01,0.7294136881828308,17.440000534057617,0.0,0.0,0.0,0,0,0.05,0.2
2025-11-03,0.7516587376594543,17.170000076293945,0.0,0.0011472540064279002,0.2616326347102087,0,0,0.05,0.2
2025-11-04,0.7453079223632812,19.0,0.020000000000000018,0.008058556254023408,0.9915489950537759,0,0,0.05,0.2
2025-11-05,0.29446256160736084,18.010000228881836,0.04999999999999982,0.015979083336420175,0.8701311608323438,0,0,0.05,0.2
2025-11-06,0.5233361721038818,19.5,0.06000000000000005,0.0028563939556933704,0.8411822077154668,0,1,0.05,0.2
2025-11-07,0.555461585521698,19.07999992370605,0.020000000000000018,0.005370036298004699,0.30767752954773475,0,0,0.05,0.2
2025-11-10,0.4660037159919739,17.600000381469727,0.03000000000000025,0.006339712003289755,1.199676989010823,0,0,0.05,0.2
2025-11-11,0.6864988803863525,17.280000686645508,0.0,0.015020499160101508,0.29576297756886627,0,0,0.05,0.2
2025-11-12,0.6506672501564026,17.510000228881836,0.020000000000000018,0.042673573823432065,0.9105648107682893,0,1,0.05,0.2
2025-11-13,0.4889402687549591,20.0,0.020000000000000018,0.0034135030196003058,0.838581565563826,0,0,0.05,0.2
2025-11-14,0.6440524458885193,19.82999992370605,0.040000000000000036,0.02357410971397922,0.9222115875667861,0,0,0.05,0.2
2025-11-17,0.6821457743644714,22.3799991607666,0.020000000000000018,0.003000007336277477,0.6641450713748449,0,0,0.05,0.2
2025-11-18,0.6951867341995239,24.690000534057617,0.020000000000000018,0.013759053702353086,0.6968508699210818,0,0,0.05,0.2
2025-11-19,0.5670603513717651,23.65999984741211,0.0,0.02163510994555029,0.49772828567844063,0,0,0.05,0.15
2025-11-20,0.42332616448402405,26.420000076293945,0.03000000000000025,0.00505987320180612,0.9666673419474764,0,0,0.05,0.15
2025-11-21,0.688200831413269,23.43000030517578,0.040000000000000036,0.018430521854432058,1.341195316330536,0,0,0.05,0.15
2025-11-24,0.4317857325077057,20.520000457763672,0.04999999999999982,0.013344916077058677,0.9116233133824253,0,0,0.05,0.15
2025-11-25,0.6112874746322632,18.559999465942383,0.029999999999999805,0.015241315375265962,0.9659241852379409,0,0,0.05,0.1
2025-11-26,0.5161508917808533,17.190000534057617,0.020000000000000018,0.012007018164935879,0.7115296331409592,0,0,0.05,0.1
2025-11-27,0.4614470601081848,17.190000534057617,0.0,0.0,0.0709801758529312,0,0,0.0,0.1
2025-11-28,0.5992641448974609,16.350000381469727,0.020000000000000018,0.0017065241030111977,0.621657719433593,0,0,0.0,0.1
2025-12-01,0.6364655494689941,17.239999771118164,0.06999999999999984,0.013065435111999868,0.8648263853796234,0,1,0.0,0.15
2025-12-02,0.5671786069869995,16.59000015258789,0.03000000000000025,0.011529464955218671,0.6318888773853959,0,0,0.0,0.15
2025-12-03,0.2971571981906891,16.079999923706055,0.019999999999999574,0.005272592755580341,0.6037632652675727,0,0,0.0,0.15
2025-12-04,0.5643836259841919,15.779999732971191,0.029999999999999805,0.012139710922111746,0.4466400054000098,0,0,0.0,0.1
2025-12-05,0.664258599281311,15.40999984741211,0.040000000000000036,0.006847687085183907,0.6173799708262343,0,0,0.0,0.1
2025-12-08,0.3649345636367798,16.65999984741211,0.009999999999999787,0.020175545371656334,0.5506895243787402,0,0,0.0,0.1
2025-12-09,0.5207963585853577,16.93000030517578,0.040000000000000036,0.010757400115354088,0.6311787769902818,0,0,0.0,0.1
2025-12-10,0.5203877091407776,15.770000457763672,0.06999999999999984,0.0035986515765413785,0.6083289122682808,0,1,0.0,0.1
2025-12-11,0.42829883098602295,14.850000381469728,0.020000000000000018,0.01482020281145946,0.9323705274296034,0,0,0.0,0.1
2025-12-12,0.484541118144989,15.739999771118164,0.0,0.002781640379193817,0.738429363120252,0,0,0.0,0.1
2025-12-15,0.5692314505577087,16.5,0.010000000000000231,0.010852529776578024,0.41695176487163105,0,0,0.0,0.1
2025-12-16,0.43260589241981506,16.479999542236328,0.029999999999999805,0.02765809692763188,0.7082939037379298,0,0,0.0,0.1
