date,D_F,D_MA,edge_turnover,graph_entropy,dynamic_intensity,VIX,Delta_US2Y_abs,Oil_return_abs,ShockScore,is_vix_stress,is_us2y_shock,is_oil_shock,is_composite_stress,is_normal
2021-10-13,0.0,0.0,0.0,1.7838817834854126,0.0,18.63999938964844,0.020000000000000018,0.002483201499114074,1.2341607686493248,False,False,False,False,True
2021-10-14,0.4293774366378784,0.011828649789094925,0.16666666666666663,1.7855534553527832,0.6535166949093356,16.860000610351562,0.010000000000000009,0.010757384938741232,0.8597690012954933,False,False,False,False,True
2021-10-15,0.6116697192192078,0.02192877233028412,0.3076923076923077,1.7860140800476074,0.9309673475399253,16.299999237060547,0.04999999999999999,0.011859069754950546,1.060507762393537,False,False,False,False,True
2021-10-18,0.7216931581497192,0.029359381645917892,0.35,1.7862224578857422,1.0984241071112641,16.309999465942383,0.030000000000000027,0.0019427356878063406,0.2420828830860636,False,False,False,False,True
2021-10-19,0.4258318543434143,0.011654194444417953,0.21621621621621623,1.7853436470031738,0.6481202836755489,15.699999809265137,0.030000000000000027,0.006287767248904785,0.6008712529540917,False,False,False,False,True
2021-10-20,0.42493030428886414,0.01106327585875988,0.21621621621621623,1.785509467124939,0.6467481155976024,15.489999771118164,0.009999999999999953,0.010909460858902875,0.3814065060632132,False,False,False,False,True
2021-10-21,0.5622626543045044,0.01845608651638031,0.11428571428571432,1.7849726676940918,0.8557693072771372,15.010000228881836,0.04999999999999999,0.01646972040377115,0.8194300104483,False,False,False,False,True
2021-10-22,0.7280667424201965,0.0308259017765522,0.11428571428571432,1.7838915586471558,1.1081247652543265,15.43000030517578,0.02999999999999997,0.01515729872583016,0.573226319788259,False,False,False,False,True
2021-10-25,0.7124700546264648,0.03065352328121662,0.3076923076923077,1.7862952947616577,1.0843864525513969,15.239999771118164,0.010000000000000009,0.0,0.4286214444863317,False,False,False,False,True
2021-10-26,0.8077433705329895,0.03859022259712219,0.3076923076923077,1.7839686870574951,1.22939337935178,15.979999542236328,0.0,0.010569534538419134,0.49170670318496207,False,False,False,False,True
2021-10-27,0.6459863781929016,0.027866674587130547,0.3076923076923077,1.7814799547195435,0.9831976410747318,16.979999542236328,0.030000000000000027,0.02378927321801605,1.0774521706078497,False,False,False,False,True
2021-10-28,0.8539453148841858,0.0438416413962841,0.3076923076923077,1.7852287292480469,1.2997131944943796,16.530000686645508,0.0,0.0018129441767182897,0.5383025769028995,False,False,False,False,True
2021-10-29,0.803286612033844,0.036496926099061966,0.16666666666666663,1.7862144708633423,1.222610148944573,16.260000228881836,0.020000000000000018,0.009135802798019732,0.5668062430641727,False,False,False,False,True
2021-11-01,0.8905503153800964,0.04678432643413544,0.3902439024390244,1.7863022089004517,1.3554263664033568,16.40999984741211,0.020000000000000018,0.00572729580185527,0.45828577254415376,False,False,False,False,True
2021-11-02,0.5641937851905823,0.019987264648079872,0.26315789473684215,1.7855414152145386,0.8587085075387738,16.030000686645508,0.03999999999999998,0.0016670566381833396,0.6108599578253031,False,False,False,False,True
2021-11-03,0.5772278308868408,0.02010558545589447,0.26315789473684215,1.787272572517395,0.8785464536856737,15.100000381469728,0.009999999999999953,0.03702556776440247,0.9275812288312841,False,False,True,False,False
2021-11-04,0.5800332427024841,0.020210005342960358,0.3902439024390244,1.7868083715438843,0.882816318147986,15.4399995803833,0.06,0.025679410373699696,0.9330720215321661,False,False,False,False,True
2021-11-05,0.8577163219451904,0.043112050741910934,0.4285714285714286,1.785905361175537,1.3054527044469388,16.479999542236328,0.019999999999999962,0.030737042071998566,0.9233743604638198,False,False,False,False,True
2021-11-08,0.47702279686927795,0.014882165938615799,0.11428571428571432,1.7861201763153076,0.726033403262711,17.219999313354492,0.06,0.008088324419384563,0.648340359455666,False,False,False,False,True
2021-11-09,0.6822524666786194,0.02878434956073761,0.35,1.7845481634140015,1.038394985560404,17.780000686645508,0.040000000000000036,0.02673571089110105,0.7198304982173737,False,False,False,False,True
2021-11-10,0.42686697840690613,0.013078859075903893,0.26315789473684215,1.7872775793075562,0.6496957527129794,18.729999542236328,0.10000000000000003,0.033963083312826825,1.4035945051011538,False,True,False,False,False
2021-11-11,0.682772159576416,0.027770882472395897,0.35,1.7879021167755127,1.039185963278272,17.65999984741211,0.0,0.0030688050995824057,0.8424946767110962,False,False,False,False,True
2021-11-12,0.8537553548812866,0.04127777740359306,0.3902439024390244,1.7865195274353027,1.2994240734957736,16.290000915527344,0.020000000000000018,0.009853453732612039,0.6054109697209339,False,False,False,False,True
2021-11-15,0.7101960182189941,0.029162300750613213,0.21621621621621623,1.7863620519638062,1.0809253467030076,16.489999771118164,0.0,0.0011133339296822697,0.3220212616988963,False,False,False,False,True
2021-11-16,0.7840645909309387,0.035423532128334045,0.21621621621621623,1.7872154712677002,1.193354043176625,16.3700008392334,0.010000000000000009,0.0014847208572588144,0.3634961512193919,False,False,False,False,True
2021-11-17,0.5297099947929382,0.01693159155547619,0.21621621621621623,1.7858761548995972,0.8062238383277541,17.110000610351562,0.020000000000000018,0.030168219030816346,0.8310636517781266,False,False,False,False,True
2021-11-18,0.7293236255645752,0.030293786898255348,0.26315789473684215,1.7871689796447754,1.110037753800798,17.59000015258789,0.0,0.008260852906700755,0.4290490737605731,False,False,False,False,True
2021-11-19,0.5803402662277222,0.02033074013888836,0.21621621621621623,1.7860270738601685,0.8832836109825701,17.90999984741211,0.0,0.0375262089554429,0.8389990390056834,False,False,True,False,False
2021-11-22,0.6206660270690918,0.02533717267215252,0.4651162790697675,1.787195086479187,0.9446598168472994,19.170000076293945,0.10999999999999999,0.008505141650638315,1.2825611123828455,False,True,False,False,False
2021-11-23,0.7630025744438171,0.035467881709337234,0.3902439024390244,1.7869460582733154,1.1612974462800396,19.3799991607666,0.030000000000000027,0.02254523832105626,1.0445643042466863,False,False,False,False,True
2021-11-24,0.6934019327163696,0.02964676544070244,0.3902439024390244,1.7861453294754028,1.055364582873314,18.57999992370605,0.040000000000000036,0.0014022643738220708,0.41214661839303246,False,False,False,False,True
2021-11-25,1.043215036392212,0.06159156933426857,0.5652173913043479,1.7839068174362183,1.5877835780125804,18.57999992370605,0.0,0.0,0.1023965368153395,False,False,False,False,True
2021-11-26,0.6394708156585693,0.026447558775544167,0.5333333333333333,1.7833232879638672,0.9732808906132888,28.6200008392334,0.14,0.139985179881994,3.2919784319362173,False,True,True,True,False
2021-11-29,0.5108470320701599,0.01738039217889309,0.3076923076923077,1.7852143049240112,0.7775142229569203,22.959999084472656,0.010000000000000009,0.026069476951239068,1.1334781219894483,False,False,False,False,True
2021-11-30,0.7285590767860413,0.03350174054503441,0.26315789473684215,1.7837378978729248,1.1088741030166376,27.190000534057617,0.010000000000000009,0.05540235037902086,1.4869680134441705,False,False,True,False,False
2021-12-01,0.7476843595504761,0.03508825600147247,0.11428571428571432,1.778313398361206,1.1379829720789887,31.1200008392334,0.040000000000000036,0.00926003748343529,0.8517621214958138,True,False,False,False,False
2021-12-02,0.6968482136726379,0.02979348786175251,0.05882352941176472,1.7822498083114624,1.0606098564906348,27.950000762939453,0.06999999999999995,0.014083678040478276,1.0061060346189867,False,True,False,False,False
2021-12-03,0.541578471660614,0.02027842402458191,0.3902439024390244,1.7858996391296387,0.8242877772177539,30.670000076293945,0.030000000000000027,0.0036155185499371356,1.0834621409962306,True,False,False,False,False
2021-12-06,0.6869478821754456,0.028276894241571426,0.35,1.7833317518234253,1.0455414542727313,27.18000030517578,0.050000000000000044,0.04759639747281241,1.3234827159196028,False,False,True,False,False
2021-12-07,0.6050274968147278,0.02282029204070568,0.21621621621621623,1.7866663932800293,0.9208578195064591,21.88999938964844,0.04999999999999993,0.03617753821695757,1.2422550064189979,False,False,True,False,False
2021-12-08,0.7470893859863281,0.031687669456005096,0.11428571428571432,1.786097764968872,1.1370774164441957,19.89999961853028,0.019999999999999907,0.004293304160383649,0.7251076579581981,False,False,False,False,True
2021-12-09,0.4224797487258911,0.011936959810554981,0.16666666666666663,1.7845288515090942,0.6430183458529559,21.57999992370605,0.019999999999999907,0.019819185201463085,0.8030006371918427,False,False,False,False,True
2021-12-10,0.8535817861557007,0.04200576990842819,0.35,1.7836819887161255,1.2991599001829588,18.690000534057617,0.029999999999999916,0.010237740696854125,0.6906329282869214,False,False,False,False,True
2021-12-13,0.5264833569526672,0.017842626199126244,0.26315789473684215,1.785879135131836,0.801312863700036,20.309999465942383,0.010000000000000009,0.005316146485581541,0.6399379569295692,False,False,False,False,True
2021-12-14,0.7748671770095825,0.03509562090039253,0.16666666666666663,1.7865548133850098,1.179355488444307,21.88999938964844,0.010000000000000009,0.007886219462695188,0.6104800958196028,False,False,False,False,True
2021-12-15,0.4829743206501007,0.015238405205309391,0.11428571428571432,1.7844268083572388,0.7350916811763635,19.290000915527344,0.019999999999999907,0.001977393068239408,0.7956388666866613,False,False,False,False,True
2021-12-16,0.810893714427948,0.038339726626873016,0.4651162790697675,1.7832180261611938,1.2341882338419972,20.56999969482422,0.04999999999999993,0.021082728611518498,1.217030813685764,False,False,False,False,True
2021-12-17,0.5150449275970459,0.01715647056698799,0.21621621621621623,1.7852606773376465,0.7839034613663407,21.56999969482422,0.020000000000000018,0.021223872138086186,0.6731489761560213,False,False,False,False,True
2021-12-20,0.01773579604923725,0.0009579483885318041,0.11428571428571432,1.7860400676727295,0.02699405657279265,22.8700008392334,0.010000000000000009,0.03782170802322238,0.8357750852173929,False,False,True,False,False
2021-12-21,0.7842808961868286,0.0432928092777729,0.4285714285714286,1.7270008325576782,1.1936832619102118,21.01000022888184,0.04999999999999993,0.04148422979704236,1.2422125464708966,False,False,True,False,False
2021-12-22,0.5260956883430481,0.023809172213077545,0.11428571428571432,1.771477460861206,0.800722828251359,18.6299991607666,0.019999999999999907,0.022797753185247238,0.8688902831638684,False,False,False,False,True
2021-12-23,0.5302324891090393,0.023980196565389633,0.11428571428571432,1.7854713201522827,0.8070190798319212,17.959999084472656,0.029999999999999916,0.014056850467597748,0.5986971970666833,False,False,False,False,True
2021-12-24,0.615578293800354,0.02244638092815876,0.4651162790697675,1.7854312658309937,0.9369162366154161,17.959999084472656,0.0,0.0,0.08971908902705243,False,False,False,False,True
2021-12-27,0.5618665218353271,0.018734032288193703,0.21621621621621623,1.785682201385498,0.8551663897507061,17.68000030517578,0.050000000000000044,0.02383614151683311,0.6876282919594061,False,False,False,False,True
2021-12-28,0.8787976503372192,0.047954216599464417,0.653061224489796,1.784612774848938,1.3375386942533294,17.540000915527344,0.020000000000000018,0.0054108169469753165,0.2561567997464834,False,False,False,False,True
2021-12-29,0.6018015146255493,0.024270862340927124,0.21621621621621623,1.7886449098587036,0.9159478427861725,16.950000762939453,0.010000000000000009,0.007604523314618028,0.4929091726919547,False,False,False,False,True
2021-12-30,0.4535060226917267,0.015126188285648823,0.21621621621621623,1.7862743139266968,0.6902406409420307,17.329999923706055,0.020000000000000018,0.005600800287199448,0.42471447058402917,False,False,False,False,True
2021-12-31,0.6431536078453064,0.026556361466646194,0.35,1.7860641479492188,0.9788861366568626,17.219999313354492,0.0,0.023391326877737484,0.5127508378698565,False,False,False,False,True
2022-01-01,0.584075391292572,0.021395690739154816,0.35,1.7877720594406128,0.888968508182961,17.219999313354492,0.0,0.0,0.0,False,False,False,False,True
2022-01-03,0.7392203211784363,0.03241410851478577,0.5,1.7864603996276855,1.1251006221683988,16.600000381469727,0.050000000000000044,0.011501253639260689,0.9693720749281715,False,False,False,False,True
2022-01-04,0.7582739591598511,0.03339807316660881,0.3902439024390244,1.7853716611862183,1.1541004471641279,16.90999984741211,0.010000000000000009,0.011890073238476795,0.6277983517338375,False,False,False,False,True
2022-01-05,0.6851685047149658,0.0286834966391325,0.35,1.7853636741638184,1.0428332242220926,19.729999542236328,0.05999999999999994,0.011108363136662192,1.1173154153949216,False,False,False,False,True
2022-01-06,0.7342820763587952,0.031771544367074966,0.26315789473684215,1.7837975025177002,1.1175845648309315,19.61000061035156,0.050000000000000044,0.020469860184824107,0.8288502770330802,False,False,False,False,True
2022-01-07,0.4868837594985962,0.015690162777900696,0.3076923076923077,1.786292552947998,0.741041885675287,18.76000022888184,0.010000000000000009,0.007072491673356218,0.6239184269497955,False,False,False,False,True
2022-01-10,0.542534589767456,0.018189184367656708,0.4285714285714286,1.7862545251846313,0.8257429984096708,19.39999961853028,0.050000000000000044,0.00852799858316633,0.5096944396710357,False,False,False,False,True
2022-01-11,0.7559477686882019,0.03308596462011337,0.35,1.786454439163208,1.1505599623154936,18.40999984741211,0.020000000000000018,0.03750828867967382,1.0423286990559824,False,False,True,False,False
2022-01-12,0.7608171701431274,0.03265003114938736,0.35,1.786068081855774,1.1579712393726378,17.6200008392334,0.020000000000000018,0.017332280137976497,0.7944929934191276,False,False,False,False,True
2022-01-13,0.7308658361434937,0.032101865857839584,0.3076923076923077,1.784530520439148,1.112385013517752,20.309999465942383,0.010000000000000009,0.0063121918290258705,0.8075632641067383,False,False,False,False,True
2022-01-14,0.6047748923301697,0.02222307398915291,0.3902439024390244,1.7833832502365112,0.9204733529887018,19.190000534057617,0.07999999999999996,0.020490013259388817,0.9995300812758108,False,True,False,False,False
2022-01-17,0.6619709730148315,0.027849528938531876,0.26315789473684215,1.7882102727890015,1.007526352101768,19.190000534057617,0.0,0.0,0.1862522555923628,False,False,False,False,True
2022-01-18,0.7394598722457886,0.031597744673490524,0.4651162790697675,1.7879900932312012,1.1254652212563805,22.790000915527344,0.07000000000000006,0.01902569187968073,1.2562972536021282,False,True,False,False,False
2022-01-19,0.5603605508804321,0.02015647105872631,0.4285714285714286,1.7859902381896973,0.8528742870990653,23.850000381469727,0.020000000000000018,0.0177509015490509,0.9746461297479487,False,False,False,False,True
2022-01-20,0.6914533972740173,0.02901521883904934,0.35,1.78391695022583,1.05239889270531,25.59000015258789,0.040000000000000036,0.0006901824544431889,0.8339069920033227,False,False,False,False,True
2022-01-21,0.744157075881958,0.03382273390889168,0.5,1.7880947589874268,1.1326144115344305,28.850000381469727,0.07000000000000006,0.020461096599159845,1.43128901078921,False,True,False,False,False
2022-01-24,0.7079334855079651,0.030237821862101555,0.35,1.7862727642059326,1.077481749594101,29.89999961853028,0.020000000000000018,0.021728392549470676,0.7144782965593985,True,False,False,False,False
2022-01-25,0.7671911716461182,0.03655506670475006,0.35,1.7822448015213013,1.167672532547702,31.15999984741211,0.030000000000000027,0.027116704640271827,1.28090336524203,True,False,False,False,False
2022-01-26,0.7497045993804932,0.03605788201093674,0.35,1.787307620048523,1.1410577970324722,31.959999084472656,0.10999999999999988,0.02023775378949466,1.059849555788279,True,True,False,False,False
2022-01-27,0.5797338485717773,0.021919216960668564,0.4285714285714286,1.7882667779922485,0.882360637327152,30.489999771118164,0.050000000000000044,0.008507729721423551,1.134628189711169,True,False,False,False,False
2022-01-28,0.49223703145980835,0.014723926782608032,0.16666666666666663,1.7875357866287231,0.7491896184169882,27.65999984741211,0.030000000000000027,0.0024217169663280913,1.0614099858123731,False,False,False,False,True
2022-01-31,0.9894555807113647,0.05369541049003601,0.625,1.7867722511291504,1.5059611560619324,24.82999992370605,0.030000000000000027,0.015202919797498993,0.8083585555708553,False,False,False,False,True
2022-02-01,0.8456251621246338,0.03996769338846207,0.4651162790697675,1.7851719856262207,1.287049839905608,21.959999084472656,0.0,0.0005670022584096657,0.6420064693416938,False,False,False,False,True
2022-02-02,0.7770901322364807,0.034234870225191116,0.3076923076923077,1.7851189374923706,1.182738848231885,22.09000015258789,0.020000000000000018,0.0006800996329197062,0.6373968429448477,False,False,False,False,True
2022-02-03,0.670873761177063,0.027346091344952583,0.21621621621621623,1.7830160856246948,1.0210764835218462,24.350000381469727,0.030000000000000027,0.022518114077128004,1.0968094487912214,False,False,False,False,True
2022-02-04,0.5999957323074341,0.021103598177433014,0.16666666666666663,1.7840046882629395,0.9131994242816956,23.21999931335449,0.1200000000000001,0.02234730943178942,1.0247086314309177,False,True,False,False,False
2022-02-07,0.8247888684272766,0.03963657096028328,0.3076923076923077,1.787928819656372,1.2553367953220822,22.86000061035156,0.010000000000000009,0.01078263323438744,0.598719623071104,False,False,False,False,True
2022-02-08,0.6947100758552551,0.027762148529291153,0.3076923076923077,1.7876747846603394,1.0573555896371691,21.440000534057617,0.050000000000000044,0.021696656728566133,0.8451141971126283,False,False,False,False,True
2022-02-09,0.43684452772140503,0.012956550344824791,0.21621621621621623,1.7857952117919922,0.664881681210674,19.959999084472656,0.010000000000000009,0.0033516179804982116,0.986283574971484,False,False,False,False,True
2022-02-10,0.4854663610458374,0.016633091494441032,0.35,1.7828768491744995,0.7388845912457761,23.90999984741211,0.25,0.002450637187107141,1.8407819066622035,False,True,False,True,False
2022-02-11,0.6105684041976929,0.02296433225274086,0.16666666666666663,1.786136507987976,0.9292911352113268,27.36000061035156,0.1100000000000001,0.03519875113453885,1.7266221798997836,False,True,False,True,False
2022-02-14,0.6459362506866455,0.024843869730830193,0.3902439024390244,1.7871932983398438,0.9831213465156394,28.32999992370605,0.08000000000000007,0.025033134093715326,0.9371915185013313,False,True,False,False,False
2022-02-15,0.6020537614822388,0.022064343094825745,0.16666666666666663,1.7865208387374878,0.9163317649907852,25.700000762939453,0.0,0.03615814800191064,1.1632324584537386,False,False,True,False,False
2022-02-16,0.517069935798645,0.01769709587097168,0.16666666666666663,1.7841588258743286,0.7869855438284181,24.290000915527344,0.06000000000000005,0.017122088870282326,0.6721070786630983,False,True,False,False,False
2022-02-17,0.8786702752113342,0.045490432530641556,0.5,1.7839709520339966,1.337344828055017,28.11000061035156,0.030000000000000027,0.020494746753687565,1.360838664010239,False,False,False,False,True
2022-02-18,0.7146701812744141,0.03176422044634819,0.5957446808510638,1.7878798246383667,1.087735067016582,27.75,0.020000000000000018,0.007548057873018266,0.5682030696576951,False,False,False,False,True
2022-02-21,0.908084511756897,0.04901836812496185,0.3902439024390244,1.778998613357544,1.3821135862856675,27.75,0.0,0.0,0.05479183140946882,False,False,False,False,True
2022-02-22,0.5960860252380371,0.02207571640610695,0.16666666666666663,1.7832512855529785,0.9072488115479138,28.809999465942383,0.09000000000000008,0.013957251893741862,0.8229505964523329,False,True,False,False,False
2022-02-23,1.255860686302185,0.085423044860363,0.7058823529411764,1.7832258939743042,1.911432355191372,31.020000457763672,0.020000000000000018,0.0027107634288379145,0.7234176684214001,True,False,False,False,False
2022-02-24,0.9542179703712463,0.05230848491191864,0.653061224489796,1.7865864038467407,1.4523291654610884,30.31999969482422,0.040000000000000036,0.007679439608249794,0.9475498519883847,True,False,False,False,False
2022-02-25,0.5482047200202942,0.02063942514359951,0.625,1.788499116897583,0.8343729925974309,27.59000015258789,0.010000000000000009,0.013232310870709085,1.013027331767363,False,False,False,False,True
2022-02-28,0.786002516746521,0.03631402179598808,0.3076923076923077,1.7853447198867798,1.196303585388008,30.14999961853028,0.1100000000000001,0.044105220361855935,1.5008857302020793,True,True,True,True,False
2022-03-01,0.6389968991279602,0.02520086243748665,0.3902439024390244,1.787880301475525,0.9725595849779213,33.31999969482422,0.1299999999999999,0.07727442881735058,2.38998788210019,True,True,True,True,False
2022-03-02,0.5453479290008545,0.018340248614549637,0.4651162790697675,1.789017915725708,0.8300249284800203,30.739999771118164,0.18999999999999995,0.06721837068148417,2.3115600653441657,True,True,True,True,False
2022-03-03,1.004183053970337,0.05754688009619713,0.625,1.784045696258545,1.5283765156670674,30.479999542236328,0.030000000000000027,0.026849098470408173,0.8931646503211326,True,False,False,False,False
2022-03-04,0.9067502021789551,0.049733199179172516,0.4285714285714286,1.779232382774353,1.3800827539434037,31.979999542236328,0.030000000000000027,0.07175678422710519,1.7041529746708908,True,False,True,True,False
2022-03-07,0.7668980956077576,0.036039967089891434,0.3076923076923077,1.784509539604187,1.167226467925755,36.45000076293945,0.050000000000000044,0.031651452689499315,1.9731370604178007,True,False,False,True,False
2022-03-08,0.6592472791671753,0.027275685220956802,0.35,1.7852309942245483,1.0033808631929824,35.130001068115234,0.07999999999999985,0.03538004098974756,1.7819116624833542,True,True,False,True,False
2022-03-09,0.7396811842918396,0.03571492061018944,0.3902439024390244,1.7786539793014526,1.1258020603739909,32.45000076293945,0.050000000000000044,0.1292674886756897,2.408620622576035,True,False,True,True,False
2022-03-10,0.8600996136665344,0.04667789116501808,0.26315789473684215,1.7831635475158691,1.309080097960984,30.229999542236328,0.040000000000000036,0.024964042155666277,1.1700398963924608,True,False,False,False,False
2022-03-11,0.6586817502975464,0.026368089020252228,0.26315789473684215,1.781381607055664,1.0025201226737561,30.75,0.030000000000000027,0.030743124297906377,0.6896287747599672,True,False,False,False,False
2022-03-14,0.538742184638977,0.019743626937270164,0.3076923076923077,1.7862811088562012,0.8199709203872967,31.770000457763672,0.1200000000000001,0.0595447565606646,1.9321685180707233,True,True,True,True,False
2022-03-15,0.4884357154369354,0.014188620261847973,0.26315789473684215,1.7852604389190674,0.7434039779254293,29.82999992370605,0.020000000000000018,0.06590501300543394,1.8832796732350272,True,False,True,True,False
2022-03-16,0.5988979935646057,0.021017473191022873,0.05882352941176472,1.784446358680725,0.9115286550845425,26.670000076293945,0.09999999999999987,0.014623213380847488,1.6787574645057088,False,True,False,True,False
2022-03-17,0.8384716510772705,0.0402134507894516,0.4651162790697675,1.7841397523880005,1.2761621255131703,25.670000076293945,0.010000000000000009,0.08023696196850416,1.5038297878576754,False,False,True,True,False
2022-03-18,0.7213104963302612,0.030078288167715073,0.3902439024390244,1.7853811979293823,1.0978416920466108,23.8700008392334,0.030000000000000027,0.016564261512939105,0.9671653244050814,False,False,False,False,True
2022-03-21,0.4818026125431061,0.014561813324689865,0.3076923076923077,1.78473961353302,0.7333083298771488,23.530000686645508,0.17000000000000015,0.06847066206454233,1.5035407909347145,False,True,True,True,False
2022-03-22,0.3662295639514923,0.008783003315329552,0.16666666666666663,1.785752773284912,0.5574050096477585,22.940000534057617,0.040000000000000036,0.0032160167302421883,0.636472937422357,False,False,False,False,True
2022-03-23,0.7231615781784058,0.03113645315170288,0.35,1.784493327140808,1.1006590568827288,23.56999969482422,0.050000000000000266,0.027969515972833925,0.9539518606376599,False,False,False,False,True
2022-03-24,0.7540643811225891,0.034452155232429504,0.3076923076923077,1.7835463285446167,1.1476934278586526,21.670000076293945,0.0,0.022793295530145308,0.820419874954617,False,False,False,False,True
2022-03-25,0.6420156955718994,0.025307215750217438,0.3076923076923077,1.7866994142532349,0.9771542229498066,20.809999465942383,0.16999999999999993,0.013790929343949543,1.4665186332036322,False,True,False,False,False
2022-03-28,1.1553391218185425,0.07744116336107254,0.7547169811320755,1.7546442747116089,1.758437542276066,19.6299991607666,0.050000000000000266,0.07225922808623242,0.9737376926893366,False,False,True,False,False
2022-03-29,0.6167647242546082,0.03249776363372803,0.3902439024390244,1.7848774194717407,0.9387219954724141,18.89999961853028,0.0,0.01636574344035413,0.7758180261447907,False,False,False,False,True
2022-03-30,0.39801302552223206,0.01480446383357048,0.5333333333333333,1.7877602577209473,0.6057797517421021,19.32999992370605,0.040000000000000036,0.03376725486989951,1.0084419123399833,False,False,False,False,True
2022-03-31,0.7395998239517212,0.031874340027570724,0.4285714285714286,1.7884070873260498,1.125678229133609,20.559999465942383,0.03000000000000025,0.07249690607595749,1.231454097915777,False,False,True,False,False
2022-04-01,0.6216811537742615,0.02243046648800373,0.21621621621621623,1.7891006469726562,0.9462048497080647,19.6299991607666,0.16000000000000014,0.010122884331710047,1.2824456175771841,False,True,False,False,False
2022-04-04,0.5509873032569885,0.01908004656434059,0.3076923076923077,1.7869240045547485,0.8386081117373503,18.56999969482422,0.009999999999999787,0.03960035793359484,0.917470302316167,False,False,True,False,False
2022-04-05,0.709735631942749,0.02928818203508854,0.5652173913043479,1.7870895862579346,1.0802246342482749,21.030000686645508,0.07999999999999963,0.012863164190395793,1.1332305321524034,False,True,False,False,False
2022-04-06,0.8423370718955994,0.04268300160765648,0.5957446808510638,1.782037377357483,1.282045334135887,22.100000381469727,0.009999999999999787,0.057839376275845567,0.8691694987091865,False,False,True,False,False
2022-04-07,0.8097056746482849,0.03977509215474129,0.4285714285714286,1.7871508598327637,1.2323800255758488,21.549999237060547,0.029999999999999805,0.0020805643145935804,0.6636893781959352,False,False,False,False,True
2022-04-08,0.9632015824317932,0.051809705793857574,0.5,1.7866027355194092,1.4660023116518315,21.15999984741211,0.05999999999999961,0.022956418542896984,0.7115134623970426,False,False,False,False,True
2022-04-11,0.7487547397613525,0.033200427889823914,0.21621621621621623,1.7855792045593262,1.1396121013205847,24.3700008392334,0.029999999999999805,0.0412418992938095,1.5534374607514148,False,False,True,True,False
2022-04-12,0.5793178677558899,0.02034577913582325,0.21621621621621623,1.7872977256774902,0.8817275104211992,24.26000022888184,0.10999999999999988,0.06477709331057291,1.394488340573608,False,True,True,False,False
2022-04-13,0.3829215466976166,0.010395316407084465,0.21621621621621623,1.7846518754959106,0.5828103720746869,21.81999969482422,0.020000000000000018,0.035639618181054544,0.8746077294038095,False,False,False,False,True
2022-04-14,0.7381798624992371,0.034141991287469864,0.3076923076923077,1.7776436805725098,1.123517033793229,22.700000762939453,0.10000000000000009,0.025569546315068692,1.3298953365474135,False,True,False,False,False
2022-04-15,0.7631258964538574,0.037216752767562866,0.35,1.7852226495742798,1.1614851435960472,22.700000762939453,0.0,0.0,0.045660739562877514,False,False,False,False,True
2022-04-18,0.716566801071167,0.031088026240468025,0.4285714285714286,1.787132740020752,1.090621741059771,22.170000076293945,0.010000000000000231,0.011712368128923956,0.5186623130909656,False,False,False,False,True
2022-04-19,0.8075966238975525,0.0398825965821743,0.3902439024390244,1.783552646636963,1.2291700295248054,21.3700008392334,0.1499999999999999,0.05362580575520681,1.5141086097269927,False,True,True,True,False
2022-04-20,0.8175273537635803,0.043100450187921524,0.5333333333333333,1.783990740776062,1.2442846983599947,20.31999969482422,0.009999999999999787,0.0018508840086477463,0.6317271620853189,False,False,False,False,True
2022-04-21,0.6429420113563538,0.026193415746092796,0.16666666666666663,1.7847182750701904,0.9785640847130122,22.68000030517578,0.08000000000000007,0.010070782421812474,1.2925823877658638,False,True,False,False,False
2022-04-22,0.6244098544120789,0.02452983148396015,0.5333333333333333,1.7869635820388794,0.950357959000874,28.209999084472656,0.040000000000000036,0.01671078637261747,1.3890871361399346,False,False,False,False,False
2022-04-25,0.6265127062797546,0.02716829441487789,0.3076923076923077,1.7808910608291626,0.9535585202907454,27.020000457763672,0.0900000000000003,0.03519628301880129,1.9257603796292682,False,True,False,True,False
2022-04-26,1.042819857597351,0.0625014379620552,0.8,1.779341220855713,1.5871821119878682,33.52000045776367,0.08999999999999986,0.0315647066403244,1.9562830438233323,True,True,False,True,False
2022-04-27,0.7671579718589783,0.037919096648693085,0.6799999999999999,1.7894043922424316,1.1676220021441177,31.600000381469727,0.040000000000000036,0.0031415665430554185,0.9017803464405474,True,False,False,False,False
2022-04-28,0.8325030207633972,0.03825870901346207,0.5,1.7886649370193481,1.2670778112874375,29.989999771118164,0.04999999999999982,0.032214223637917705,1.3829945300904318,True,False,False,False,False
2022-04-29,0.6180191040039062,0.02392731048166752,0.35,1.786347508430481,0.940631173826874,33.400001525878906,0.07000000000000028,0.006379437576433666,1.4507219535247797,True,True,False,False,False
2022-05-01,0.8652974367141724,0.04206277057528496,0.4651162790697675,1.7879078388214111,1.3169912359225269,33.400001525878906,0.0,0.0,0.0,True,False,False,False,False
2022-05-02,1.1023883819580078,0.06726229935884476,0.653061224489796,1.7853522300720215,1.6778459937829286,32.34000015258789,0.029999999999999805,0.00457444546990704,1.2181203615210252,True,False,False,False,False
2022-05-03,0.8273305296897888,0.041497938334941864,0.4651162790697675,1.788045048713684,1.2592052288402993,29.25,0.04999999999999982,0.02659367127486867,0.98842837450258,True,False,False,False,False
2022-05-04,0.9462480545043945,0.05055640637874603,0.3902439024390244,1.788056492805481,1.4401988748785324,25.420000076293945,0.11999999999999966,0.05138599605893379,1.6373039643529783,False,True,True,True,False
2022-05-05,0.8158149123191833,0.03995167836546898,0.4651162790697675,1.7817294597625732,1.2416783455862417,31.200000762939453,0.04999999999999982,0.004165365195665238,1.8252059449873477,True,False,False,True,False
2022-05-06,0.7161810398101807,0.032316017895936966,0.4285714285714286,1.7854801416397095,1.0900346086145316,30.190000534057617,0.010000000000000231,0.013851476016464304,0.7429924803218574,True,False,False,False,False
2022-05-09,0.7137067914009094,0.03400269150733948,0.5333333333333333,1.7831943035125732,1.0862687781240596,34.75,0.11000000000000032,0.06278487953283118,2.1262635047681893,True,True,True,True,False
2022-05-10,0.8172177672386169,0.03949020430445671,0.5,1.785394549369812,1.2438135046145413,32.9900016784668,0.010000000000000231,0.03283503479939398,1.0673130792960508,True,False,False,False,False
2022-05-11,0.7416602969169617,0.03259265050292015,0.26315789473684215,1.7835216522216797,1.1288142893158528,32.560001373291016,0.040000000000000036,0.057932164334348,1.290510122276988,True,False,True,False,False
2022-05-12,0.782322347164154,0.03626879304647446,0.4285714285714286,1.7866344451904297,1.1907023309741607,31.770000457763672,0.10000000000000009,0.003965244774492227,1.271590202221458,True,True,False,False,False
2022-05-13,0.844468355178833,0.04206997901201248,0.21621621621621623,1.7842456102371216,1.2852891683207492,28.8700008392334,0.04999999999999982,0.04026026789661241,1.6901386805531455,False,False,True,True,False
2022-05-16,0.7705942988395691,0.036920178681612015,0.3902439024390244,1.7865029573440552,1.1728521257122488,27.46999931335449,0.029999999999999805,0.03302627070805553,0.8126782265958477,False,False,False,False,True
2022-05-17,0.6829949617385864,0.0278459619730711,0.26315789473684215,1.7852306365966797,1.039525070367318,26.100000381469727,0.1299999999999999,0.01588731946396127,1.363194227199457,False,True,False,False,False
2022-05-18,0.6366209387779236,0.024154312908649445,0.16666666666666663,1.7867474555969238,0.9689433498833392,30.959999084472656,0.029999999999999805,0.025317854976180776,1.5740528150978637,True,False,False,True,False
2022-05-19,0.5588769912719727,0.018771084025502205,0.16666666666666663,1.7864105701446533,0.8506162947378153,29.350000381469727,0.050000000000000266,0.02362601145887755,1.0884531541792268,True,False,False,False,False
2022-05-20,0.7118604779243469,0.029702145606279373,0.26315789473684215,1.7862108945846558,1.0834586707965352,29.43000030517578,0.029999999999999805,0.00904907045525949,0.6905166510900486,True,False,False,False,False
2022-05-23,0.6403782963752747,0.024637371301651,0.16666666666666663,1.7839537858963013,0.9746620852175487,28.479999542236328,0.04999999999999982,0.02630790935383498,1.102479646855059,False,False,False,False,True
2022-05-24,0.7410736083984375,0.03217916935682297,0.11428571428571432,1.7861307859420776,1.1279213436022415,29.450000762939453,0.1499999999999999,0.004726031501443018,1.352603691537992,True,True,False,False,False
2022-05-25,0.5883615612983704,0.019998619332909584,0.21621621621621623,1.7851052284240723,0.8954921012202244,28.3700008392334,0.020000000000000018,0.005088654250673841,0.6920446946819951,False,False,False,False,True
2022-05-26,1.0667896270751953,0.07049132138490677,0.8214285714285714,1.7586555480957031,1.6236643376249607,27.5,0.020000000000000018,0.03351168714147423,0.8455999114866812,False,False,False,False,True
2022-05-27,0.5702316761016846,0.028207043185830116,0.5333333333333333,1.7742727994918823,0.8678982370768318,25.71999931335449,0.010000000000000231,0.008553057673427844,0.7677780870089693,False,False,False,False,True
2022-05-30,0.5894291400909424,0.02858867682516575,0.5333333333333333,1.7824474573135376,0.8971169666755217,25.71999931335449,0.0,0.0,0.12010968805931932,False,False,False,False,True
2022-05-31,0.5243154168128967,0.019337650388479233,0.3902439024390244,1.785345196723938,0.798013237417859,26.190000534057617,0.05999999999999961,0.0034822141011021657,0.8607969508931802,False,False,False,False,True
2022-06-01,0.6630213260650635,0.02684723399579525,0.26315789473684215,1.785067081451416,1.0091249998072702,25.690000534057617,0.13000000000000034,0.0051320424603567005,1.015693939400738,False,True,False,False,False
2022-06-02,0.6064877510070801,0.022231385111808777,0.3076923076923077,1.784704327583313,0.9230803407944568,24.71999931335449,0.010000000000000231,0.013871764903703898,1.1465288445794204,False,False,False,False,True
2022-06-03,0.6771612167358398,0.028264109045267105,0.26315789473684215,1.7872135639190674,1.0306460529159327,24.790000915527344,0.010000000000000231,0.016968252652057814,0.94920302449374,False,False,False,False,True
2022-06-06,0.9161191582679749,0.047368261963129044,0.5333333333333333,1.7879430055618286,1.3943423975473843,25.06999969482422,0.06999999999999984,0.003117521523109623,0.7789672493737445,False,True,False,False,False
2022-06-07,0.8836591839790344,0.04546823725104332,0.4651162790697675,1.7878485918045044,1.3449379964212935,24.020000457763672,0.020000000000000018,0.007650019638471228,0.6161076408179187,False,False,False,False,True
2022-06-08,0.5994699597358704,0.025592779740691185,0.4651162790697675,1.785038709640503,0.9123991932403703,23.959999084472656,0.029999999999999805,0.022359302629648248,0.7567737459279668,False,False,False,False,True
2022-06-09,0.8503960967063904,0.042802032083272934,0.7058823529411764,1.7801194190979004,1.29431124941029,26.09000015258789,0.050000000000000266,0.004925701342088473,0.9137935197359192,False,False,False,False,True
2022-06-10,1.0813568830490112,0.06609556823968887,0.3902439024390244,1.7852894067764282,1.6458358449413435,27.75,0.22999999999999998,0.006937049589774702,2.018042561990858,False,True,False,True,False
2022-06-13,0.7803402543067932,0.037779681384563446,0.5333333333333333,1.7834382057189941,1.1876855660894277,34.02000045776367,0.33999999999999986,0.0021523364093152253,3.1248491450802343,True,True,False,True,False
2022-06-14,0.8676414489746094,0.04542633891105652,0.4651162790697675,1.7836570739746094,1.3205588457095303,32.689998626708984,0.050000000000000266,0.016676781015592113,1.4836414313112403,True,False,False,False,False
2022-06-15,0.7378437519073486,0.03501983359456062,0.4285714285714286,1.7841248512268066,1.1230054701562224,29.6200008392334,0.25,0.03091095469468641,1.7133291621997542,True,True,False,True,False
2022-06-16,0.5279762148857117,0.01777590438723564,0.26315789473684215,1.7868373394012451,0.8035850082030439,32.95000076293945,0.06000000000000005,0.019579834081810965,1.651353411208981,True,True,False,True,False
2022-06-17,0.6639915108680725,0.026594243943691254,0.5,1.786522388458252,1.010601630649539,31.1299991607666,0.029999999999999805,0.07073164458114967,1.4739372926908525,True,False,True,False,False
2022-06-20,0.6450072526931763,0.027254045009613037,0.3076923076923077,1.7850990295410156,0.9817074024038498,31.1299991607666,0.0,0.0,0.40610041193528895,True,False,False,False,False
2022-06-21,0.7325267791748047,0.03257859870791435,0.3902439024390244,1.786515474319458,1.1149129851986916,30.190000534057617,0.040000000000000036,0.009899758176057816,0.973988075424164,True,False,False,False,False
2022-06-22,0.4295218586921692,0.011784199625253677,0.35,1.7863246202468872,0.6537365067008708,28.950000762939453,0.1499999999999999,0.04114211488052,1.551406609080377,False,True,True,True,False
2022-06-23,0.5779104828834534,0.020667778328061104,0.21621621621621623,1.7865220308303833,0.8795854567597354,29.049999237060547,0.050000000000000266,0.018246308799802158,1.3955261128801253,True,False,False,False,False
2022-06-24,0.6745620965957642,0.02884078025817871,0.35,1.7843728065490723,1.02669016641916,27.229999542236328,0.03000000000000025,0.03162287297550925,1.039368171763056,False,False,False,False,True
2022-06-27,0.9022438526153564,0.052432265132665634,0.4285714285714286,1.7782726287841797,1.3732240454468212,26.950000762939453,0.040000000000000036,0.01795708204970392,0.8069578869109724,False,False,False,False,True
2022-06-28,0.7348101735115051,0.03408490866422653,0.16666666666666663,1.7816201448440552,1.1183883339076963,28.36000061035156,0.020000000000000018,0.01979012243106304,0.8491820208614114,False,False,False,False,True
2022-06-29,0.6751266121864319,0.02873205579817295,0.3902439024390244,1.7859936952590942,1.0275493647178102,28.15999984741211,0.040000000000000036,0.017875382060949185,0.7972095554496909,False,False,False,False,False
2022-06-30,0.7635748386383057,0.03492751717567444,0.3902439024390244,1.7819675207138062,1.1621684380301545,28.709999084472656,0.14000000000000012,0.03730595569997597,1.672831452243342,False,True,True,True,False
2022-07-01,0.7291133999824524,0.03382470831274986,0.35,1.7771209478378296,1.1097177883906684,26.700000762939453,0.08000000000000007,0.02493240999635926,1.3291759784119586,False,True,False,False,False
2022-07-04,0.8935576677322388,0.048077747225761414,0.4285714285714286,1.7821835279464722,1.3600035863546172,26.700000762939453,0.0,0.0,0.07183264752247502,False,False,False,False,True
2022-07-05,0.7900784611701965,0.037979498505592346,0.4285714285714286,1.7874356508255005,1.2025072130151415,27.540000915527344,0.020000000000000018,0.08594716213403952,1.7174338199775454,False,False,True,True,False
2022-07-06,0.862229585647583,0.043541278690099716,0.4651162790697675,1.7844421863555908,1.3123219363309826,26.729999542236328,0.15000000000000036,0.00979658621931545,1.4948962589240828,False,True,False,True,False
2022-07-07,0.6015816926956177,0.02318665385246277,0.21621621621621623,1.7835991382598877,0.9156132716399977,26.07999992370605,0.05999999999999961,0.04174316196018779,1.5753363112953982,False,False,True,True,False
2022-07-08,0.6020716428756714,0.023413604125380516,0.26315789473684215,1.7867131233215332,0.916358980648012,24.63999938964844,0.0900000000000003,0.019854136318212312,0.9566805363098396,False,True,False,False,False
2022-07-11,0.8294483423233032,0.04064473137259483,0.21621621621621623,1.7821605205535889,1.2624285605633838,26.170000076293945,0.050000000000000266,0.006702481878399169,1.327907501553166,False,False,False,False,True
2022-07-12,0.638658881187439,0.025434935465455055,0.21621621621621623,1.7847460508346558,0.9720451183374773,27.290000915527344,0.040000000000000036,0.08257577818875106,1.4171341119351213,False,False,True,False,False
2022-07-13,0.6723967790603638,0.027141204103827477,0.16666666666666663,1.7830730676651,1.02339453176671,26.81999969482422,0.10000000000000009,0.0047882543377104625,0.7604795481556301,False,True,False,False,False
2022-07-14,0.6437479257583618,0.025830455124378204,0.26315789473684215,1.7871476411819458,0.979790694384224,26.39999961853028,0.020000000000000018,0.005414468324593358,0.9884644399199102,False,False,False,False,True
2022-07-15,0.5868186354637146,0.019864752888679504,0.26315789473684215,1.7862229347229004,0.8931437528769814,24.229999542236328,0.020000000000000018,0.018721109458313734,1.1772476422875942,False,False,False,False,True
2022-07-18,0.6878275275230408,0.027597270905971527,0.35,1.7861794233322144,1.0468802831705748,25.299999237060547,0.020000000000000018,0.050062926236642546,1.2820137460498695,False,False,True,False,False
2022-07-19,0.5191501379013062,0.016215072944760323,0.11428571428571432,1.786153793334961,0.7901516319524688,24.5,0.08000000000000007,0.01566614332926708,1.0717885671777454,False,True,False,False,False
2022-07-20,0.6438565850257874,0.024632208049297333,0.11428571428571432,1.7868220806121826,0.9799560748613054,23.8799991607666,0.020000000000000018,0.018985450651782365,0.8265074308451091,False,False,False,False,True
2022-07-21,0.48480290174484253,0.015155525878071785,0.21621621621621623,1.7865279912948608,0.7378747996438044,23.11000061035156,0.1499999999999999,0.059531231518497485,1.6518916552116154,False,True,True,True,False
2022-07-22,0.7162824869155884,0.03033272735774517,0.21621621621621623,1.7865042686462402,1.090189012109865,23.030000686645508,0.1200000000000001,0.017273411057041166,1.2150327177651532,False,True,False,False,False
2022-07-25,0.715069055557251,0.029432976618409157,0.21621621621621623,1.7868568897247314,1.0883421576104544,23.36000061035156,0.020000000000000018,0.020899402933721944,0.5646654408796807,False,False,False,False,True
2022-07-26,0.9806917309761047,0.05383620783686638,0.26315789473684215,1.7841969728469849,1.4926224902985066,24.690000534057617,0.020000000000000018,0.017946992435663667,0.7808391180133752,False,False,False,False,True
2022-07-27,0.7588105201721191,0.036085158586502075,0.5,1.7850914001464844,1.1549170983186465,23.239999771118164,0.06000000000000005,0.023721448475201967,1.145265620365938,False,True,False,False,False
2022-07-28,0.7401968240737915,0.034491460770368576,0.5,1.786600112915039,1.1265868692095542,22.32999992370605,0.10999999999999988,0.008674196952688007,1.2461247513828821,False,True,False,False,False
2022-07-29,0.7378425598144531,0.033188559114933014,0.16666666666666663,1.7842392921447754,1.1230036557790741,21.32999992370605,0.040000000000000036,0.022560478659059413,1.1532167595610676,False,False,False,False,True
2022-08-01,0.8963911533355713,0.04812123253941536,0.4285714285714286,1.7850441932678223,1.3643161793987755,22.84000015258789,0.009999999999999787,0.04915023087638559,0.7430861168750105,False,False,True,False,False
2022-08-02,0.8662906289100647,0.04697997495532036,0.3076923076923077,1.7765648365020752,1.3185028842437605,23.93000030517578,0.16000000000000014,0.005629017955736337,1.4414255702250078,False,True,False,False,False
2022-08-03,0.7956136465072632,0.039911456406116486,0.16666666666666663,1.785048007965088,1.2109318197096968,21.950000762939453,0.040000000000000036,0.040636609818898606,1.0454627675056578,False,False,True,False,False
2022-08-04,0.4869404733181,0.01833142526447773,0.16666666666666663,1.7770878076553345,0.7411282046681246,21.440000534057617,0.07000000000000028,0.023661848262321428,1.0416120127906383,False,True,False,False,False
2022-08-05,0.6882503628730774,0.030810140073299408,0.26315789473684215,1.7866684198379517,1.0475238427451312,21.14999961853028,0.2100000000000004,0.00529430932646946,1.6922831831665444,False,True,False,True,False
2022-08-08,0.4268794655799866,0.011262337677180767,0.3076923076923077,1.7862073183059692,0.6497147583136095,21.290000915527344,0.03000000000000025,0.019469936478044403,0.8677170304262408,False,False,False,False,True
2022-08-09,0.7550528049468994,0.03274264559149742,0.3076923076923077,1.7872058153152466,1.1491978186712926,21.770000457763672,0.06999999999999984,0.002868832742896288,0.500532442396762,False,True,False,False,False
2022-08-10,0.843949019908905,0.040974900126457214,0.35,1.787113904953003,1.2844987349160255,19.739999771118164,0.04999999999999982,0.0156775704894363,0.9154467421581257,False,False,False,False,True
2022-08-11,0.9722452759742737,0.05481775850057602,0.5652173913043479,1.7882884740829468,1.4797669024508566,20.200000762939453,0.0,0.02587781784259402,0.8908575428373656,False,False,False,False,True
2022-08-12,0.8297335505485535,0.04054683446884155,0.5,1.7862935066223145,1.262862650296151,19.530000686645508,0.020000000000000018,0.024138919071270415,0.7669554714095868,False,False,False,False,True
2022-08-15,0.6951227188110352,0.028821999207139015,0.3076923076923077,1.7884002923965454,1.0579836362871062,19.950000762939453,0.04999999999999982,0.029533746260804072,0.8578704594911805,False,False,False,False,True
2022-08-16,0.5273119807243347,0.018795734271407127,0.3902439024390244,1.7842053174972534,0.8025740372559258,19.690000534057617,0.04999999999999982,0.032741413194471214,0.6291933022648918,False,False,False,False,True
2022-08-17,0.6102713346481323,0.02708793617784977,0.16666666666666663,1.7714495658874512,0.9288389924259323,19.89999961853028,0.029999999999999805,0.018094880294427185,0.7842488655938031,False,False,False,False,True
2022-08-18,0.8369830250740051,0.0458843819797039,0.35,1.7853683233261108,1.2738964220490394,19.559999465942383,0.05999999999999961,0.026763809900088198,0.6562157119955047,False,False,False,False,True
2022-08-19,0.6378414630889893,0.02572612091898918,0.35,1.7822338342666626,0.970800999926783,20.600000381469727,0.029999999999999805,0.002978946849800934,0.885333164209991,False,False,False,False,True
2022-08-22,0.6108918786048889,0.023280538618564606,0.21621621621621623,1.786526083946228,0.9297834664505595,23.799999237060547,0.06999999999999984,0.005966794345088289,1.0830854002782593,False,True,False,False,False
2022-08-23,0.9190798401832581,0.04784387722611427,0.35,1.7841377258300781,1.3988485846332828,24.11000061035156,0.029999999999999805,0.038162966495077555,0.6096889682299969,False,False,True,False,False
2022-08-24,0.9795632362365723,0.05393913388252258,0.4285714285714286,1.7871915102005005,1.4909049101709235,22.81999969482422,0.06999999999999984,0.012193349847795076,0.8758449619296442,False,True,False,False,False
2022-08-25,0.7902462482452393,0.03602541238069534,0.35,1.7853636741638184,1.2027625865987863,21.780000686645508,0.009999999999999787,0.025293518473556986,0.9560033112386156,False,False,False,False,True
2022-08-26,1.332005262374878,0.09266381710767746,0.9180327868852459,1.743790864944458,2.0273251512356736,25.559999465942383,0.020000000000000018,0.005819619101838924,1.1768214756921456,False,False,False,False,True
2022-08-29,0.5828960537910461,0.027952684089541435,0.5,1.7750083208084106,0.8871735448699962,26.209999084472656,0.04999999999999982,0.0415696678121682,1.1810515182643486,False,False,True,False,False
2022-08-30,0.22489866614341736,0.008258343674242496,0.05882352941176472,1.7849587202072144,0.34229798877745343,26.209999084472656,0.040000000000000036,0.05694623706893953,0.9440956871688306,False,False,True,False,False
2022-08-31,0.8766387104988098,0.045558638870716095,0.8214285714285714,1.7877970933914185,1.3342527665186232,25.8700008392334,0.009999999999999787,0.023070688339442036,0.7065135972457678,False,False,False,False,False
2022-09-01,0.7739754319190979,0.035900384187698364,0.4651162790697675,1.7873539924621582,1.1779982436184064,25.559999465942383,0.05999999999999961,0.033381873195454936,1.4577628068229884,False,False,False,False,True
2022-09-02,0.6537282466888428,0.026576511561870575,0.4651162790697675,1.7857296466827393,0.9949808413087887,25.46999931335449,0.10999999999999988,0.0029974904989016338,0.9241285027508486,False,True,False,False,False
2022-09-05,0.567327082157135,0.02203446254134178,0.3902439024390244,1.7818812131881714,0.8634774164357681,25.46999931335449,0.0,0.0,0.1587944467656953,False,False,False,False,True
2022-09-06,0.6474024057388306,0.026193488389253616,0.3902439024390244,1.7864803075790405,0.985352848970522,26.90999984741211,0.10000000000000009,0.00011504468313017213,1.2169492085258988,False,True,False,False,False
2022-09-07,0.6929038166999817,0.02805609256029129,0.3902439024390244,1.786462426185608,1.054606445381833,24.63999938964844,0.04999999999999982,0.058540522658338645,1.4174867146032502,False,False,True,False,False
2022-09-08,0.9138097763061523,0.04815458133816719,0.5333333333333333,1.785921573638916,1.3908274954165434,23.61000061035156,0.029999999999999805,0.019338268114405643,0.984859409006082,False,False,False,False,True
2022-09-09,0.8743664622306824,0.043306123465299606,0.4651162790697675,1.7874064445495605,1.3307943822359567,22.790000915527344,0.08000000000000007,0.038165848176740624,1.3050404785666727,False,True,True,False,False
2022-09-12,0.5652616024017334,0.020984550938010216,0.3076923076923077,1.785667896270752,0.8603337358695008,23.8700008392334,0.020000000000000018,0.011342252148776488,0.799482685179521,False,False,False,False,True
2022-09-13,0.6350822448730469,0.024739142507314682,0.3076923076923077,1.7859939336776733,0.9666014425789733,27.270000457763672,0.16999999999999993,0.005368694493483872,1.8148993633654602,False,True,False,True,False
2022-09-14,0.7730672955513,0.034862980246543884,0.35,1.7846823930740356,1.176616051106715,26.15999984741211,0.029999999999999805,0.01331159985383934,0.6674401063726275,False,False,False,False,True
2022-09-15,0.8917312622070312,0.04689989238977432,0.4651162790697675,1.786526083946228,1.357223779125472,26.270000457763672,0.0900000000000003,0.038949558065144885,1.2394440233782036,False,True,True,False,False
2022-09-16,0.8659569025039673,0.04444856196641922,0.4285714285714286,1.783382534980774,1.3179949493610512,26.299999237060547,0.020000000000000018,0.00011752701128919796,0.6405411810725656,False,False,False,False,True
2022-09-19,1.0089877843856812,0.061659157276153564,0.6799999999999999,1.7849658727645874,1.5356893627639079,25.76000022888184,0.10000000000000009,0.007258317187514685,0.7059995427084788,False,True,False,False,False
2022-09-20,0.8866961002349854,0.046669814735651016,0.3902439024390244,1.7858463525772095,1.3495602129258355,27.15999984741211,0.009999999999999787,0.01504325473076129,0.7310505302367998,False,False,False,False,False
2022-09-21,0.53461092710495,0.022116834297776222,0.7307692307692308,1.7859832048416138,0.8136831056604749,27.989999771118164,0.05999999999999961,0.018042122862901522,1.0726592881527737,False,False,False,False,True
2022-09-22,0.6408461332321167,0.027901045978069305,0.4285714285714286,1.775471568107605,0.9753741375294592,27.350000381469727,0.09000000000000075,0.006609354365198605,1.1396151378556216,False,True,False,False,False
2022-09-23,0.9377244710922241,0.054236263036727905,0.4651162790697675,1.785854697227478,1.4272258968293774,29.920000076293945,0.08999999999999986,0.05857558023383547,1.691793444153704,True,True,True,True,False
2022-09-26,0.9569427967071533,0.05089610442519188,0.5652173913043479,1.7859572172164917,1.456476378028165,32.2599983215332,0.0699999999999994,0.02611919234912019,1.8671417040523393,True,True,False,True,False
2022-09-27,1.1618402004241943,0.07263114303350449,0.7547169811320755,1.7848728895187378,1.7683322480551555,32.599998474121094,0.03000000000000025,0.023066558752073085,0.9592188130209117,True,False,False,False,False
2022-09-28,0.42026475071907043,0.017037317156791687,0.4651162790697675,1.778802752494812,0.6396470970328438,30.18000030517578,0.22999999999999954,0.0454482382692154,2.7931158443037725,True,True,True,True,False
2022-09-29,0.7480112314224243,0.035211414098739624,0.3902439024390244,1.7877472639083862,1.1384804742930945,31.84000015258789,0.08999999999999986,0.011262184668438202,1.0880331207361296,True,True,False,False,False
2022-09-30,0.6080890893936157,0.02430979534983635,0.5333333333333333,1.788411021232605,0.9255175936179739,31.6200008392334,0.05999999999999961,0.021653477678323263,0.7690270496828567,True,False,False,False,False
2022-10-01,0.7228817343711853,0.03101320192217827,0.3902439024390244,1.787648320198059,1.1002331318471295,31.6200008392334,0.0,0.0,0.0,True,False,False,False,False
2022-10-03,0.8965028524398804,0.047208935022354126,0.5652173913043479,1.7869356870651245,1.3644861865375855,30.100000381469727,0.09999999999999964,0.050771073840549796,1.7725827971825254,True,True,True,True,False
2022-10-04,0.5651317238807678,0.021307913586497307,0.35,1.786408543586731,0.8601360594791768,29.06999969482422,0.020000000000000462,0.03397328773398023,1.247712075864519,True,False,False,False,False
2022-10-05,0.5935595035552979,0.021631695330142975,0.4651162790697675,1.7885743379592896,0.9034034206194821,28.549999237060547,0.05000000000000071,0.014230278023360299,0.9258146489461834,False,False,False,False,True
2022-10-06,0.7363905906677246,0.03131113201379776,0.4651162790697675,1.7878527641296387,1.1207937444122582,30.520000457763672,0.08000000000000007,0.007831545794454442,0.889480322160959,True,True,False,False,False
2022-10-07,0.9971955418586731,0.055558573454618454,0.5,1.7865841388702393,1.5177414532925517,31.36000061035156,0.0699999999999994,0.04628362113309947,1.3655127610880509,True,True,True,False,False
2022-10-10,0.7359656691551208,0.031235244125127792,0.5,1.7867897748947144,1.120147009677692,32.45000076293945,0.0,0.01643397886739084,0.9128839723518057,True,False,False,False,False
2022-10-11,0.6780123710632324,0.03163759782910347,0.5333333333333333,1.7775813341140747,1.0319415181999283,33.630001068115234,0.0,0.01972580384098155,0.7054214117729055,True,False,False,False,False
2022-10-12,0.7198419570922852,0.03281420096755028,0.4285714285714286,1.786943793296814,1.0956065608374312,33.56999969482422,0.019999999999999574,0.02355450181873575,0.7839622008582086,True,False,False,False,False
2022-10-13,0.5705751776695251,0.01962023787200451,0.26315789473684215,1.7859176397323608,0.8684210498521585,31.940000534057617,0.1899999999999995,0.020864845764892337,1.3904429538760885,True,True,False,False,False
2022-10-14,0.6690089702606201,0.029811298474669456,0.35,1.775549292564392,1.0182382533485208,32.02000045776367,0.010000000000000675,0.040069462590208715,1.226703157188315,True,False,True,False,False
2022-10-17,0.6156323552131653,0.024270765483379364,0.3076923076923077,1.7799358367919922,0.9369985186190984,31.3700008392334,0.03000000000000025,0.0017536863808924608,0.7103544441891942,True,False,False,False,False
2022-10-18,0.876763105392456,0.04593367502093315,0.3902439024390244,1.7867108583450317,1.3344420967740642,30.5,0.020000000000000462,0.031378845070331174,0.7378774652171293,True,False,False,False,False
2022-10-19,0.7643996477127075,0.034805797040462494,0.3902439024390244,1.7820895910263062,1.1634238055791692,30.76000022888184,0.1200000000000001,0.032431461577801635,1.471926928891643,True,True,False,False,False
2022-10-20,0.7169865369796753,0.030521398410201073,0.3076923076923077,1.7844401597976685,1.0912605832537414,29.979999542236328,0.07000000000000028,0.00501371410091167,1.149698149164009,True,True,False,False,False
2022-10-21,0.6938514113426208,0.02931753545999527,0.26315789473684215,1.7871098518371582,1.0560486937771383,29.690000534057617,0.1299999999999999,0.01087539538753024,1.1867408025889212,True,True,False,False,False
2022-10-24,0.6682519912719727,0.026076292619109154,0.26315789473684215,1.7877863645553589,1.017086123859253,29.850000381469727,0.009999999999999787,0.0055415010306631984,0.724425214238953,True,False,False,False,False
2022-10-25,0.7571623921394348,0.032819196581840515,0.3076923076923077,1.7865184545516968,1.1524086311920527,28.459999084472656,0.08000000000000007,0.008711036333179045,1.1956351929155558,False,True,False,False,False
2022-10-26,0.9657825827598572,0.05283835157752037,0.5333333333333333,1.7812809944152832,1.4699306196159474,27.280000686645508,0.03000000000000025,0.029904715494257772,1.3630221544924683,False,False,False,False,True
2022-10-27,0.4996207654476166,0.017114868387579918,0.26315789473684215,1.784413456916809,0.7604277343962209,27.38999938964844,0.08999999999999986,0.013221257423768229,0.7557190099307616,False,True,False,False,False
2022-10-28,0.559711754322052,0.022486543282866478,0.3902439024390244,1.7876746654510498,0.8518868123360196,25.75,0.11000000000000032,0.013335040893947436,2.2049538034584404,False,True,False,True,False
2022-10-31,0.9603806734085083,0.056484829634428024,0.625,1.7628016471862793,1.4617088602865893,25.8799991607666,0.09999999999999964,0.015708661539025393,0.9368688080144779,False,True,False,False,False
2022-11-01,1.0022790431976318,0.06072348728775978,0.5957446808510638,1.7870618104934692,1.525478592485558,25.809999465942383,0.03000000000000025,0.021041416099027543,1.1585798972238779,False,False,False,False,True
2022-11-02,0.5808334350585938,0.020897720009088516,0.3076923076923077,1.787659764289856,0.8840342188088852,25.86000061035156,0.07000000000000028,0.018277093719872184,0.8342092563503201,False,True,False,False,False
2022-11-03,0.5900424122810364,0.020689411088824272,0.3902439024390244,1.7861113548278809,0.8980503729995434,25.299999237060547,0.09999999999999964,0.0205429219986506,1.1946562040046167,False,True,False,False,False
2022-11-04,0.9414783716201782,0.055163171142339706,0.5,1.7738739252090454,1.4329393704698563,24.549999237060547,0.04999999999999982,0.049130385441120694,2.1716022971244873,False,False,True,True,False
2022-11-07,0.8859908580780029,0.049874935299158096,0.3076923076923077,1.7842564582824707,1.3484868274048105,24.350000381469727,0.05999999999999961,0.00889376456758395,0.9960060784936223,False,False,False,False,False
2022-11-08,0.7134093046188354,0.03165784850716591,0.3076923076923077,1.7798163890838623,1.085816000306663,25.540000915527344,0.04999999999999982,0.03187870588315622,1.263248733341296,False,False,False,False,True
2022-11-09,0.7859019041061401,0.0393398217856884,0.3076923076923077,1.7860969305038452,1.1961504519566786,26.09000015258789,0.05999999999999961,0.035256046258361984,1.0283719799316267,False,False,False,False,True
2022-11-10,0.4748263359069824,0.01484720129519701,0.11428571428571432,1.786109209060669,0.7226903680072573,23.530000686645508,0.27000000000000046,0.007428930025776381,3.1793440155097565,False,True,False,True,False
2022-11-11,0.607689619064331,0.022573696449398994,0.26315789473684215,1.7869526147842407,0.9249095958355272,22.520000457763672,0.0,0.02838927312141326,1.297420685693577,False,False,False,False,True
2022-11-14,0.6483038663864136,0.02625363878905773,0.35,1.7856166362762451,0.9867248809701822,23.729999542236328,0.0600000000000005,0.03535226354107923,1.4439460501061772,False,True,False,False,False
2022-11-15,0.8552995920181274,0.042445410043001175,0.3902439024390244,1.7877707481384277,1.30177441765388,24.540000915527344,0.03000000000000025,0.012153577652508574,0.7515250099646706,False,False,False,False,True
2022-11-16,0.8043543100357056,0.0397351011633873,0.4285714285714286,1.7814308404922485,1.2242351958375852,24.11000061035156,0.020000000000000462,0.015419723215384984,0.8665270651108112,False,False,False,False,True
2022-11-17,0.8840084671974182,0.04628176614642143,0.21621621621621623,1.7858210802078247,1.3454696089257905,23.93000030517578,0.08000000000000007,0.04724908064135658,1.2206574517493778,False,True,True,False,False
2022-11-18,0.679208517074585,0.027696015313267708,0.21621621621621623,1.7867299318313599,1.0337620642306862,23.1200008392334,0.08000000000000007,0.019293172593227048,0.9558961933760526,False,True,False,False,False
2022-11-21,0.4821344017982483,0.014380703680217266,0.16666666666666663,1.7859508991241455,0.7338133163969921,22.36000061035156,0.02999999999999936,0.004380189254110434,0.7089300944532163,False,False,False,False,True
2022-11-22,0.5699841380119324,0.019293803721666336,0.16666666666666663,1.7865310907363892,0.8675214816619554,21.290000915527344,0.010000000000000675,0.015185673806176858,0.681765751413526,False,False,False,False,True
2022-11-23,0.7096325159072876,0.030192721635103226,0.21621621621621623,1.785650610923767,1.0800676906249338,20.350000381469727,0.009999999999999787,0.03789231118961123,0.6575090841926825,False,False,True,False,False
2022-11-24,0.8533593416213989,0.042416155338287354,0.26315789473684215,1.7849102020263672,1.2988213374070574,20.350000381469727,0.0,0.0,0.04844428194442432,False,False,False,False,False
2022-11-25,1.031805157661438,0.060196179896593094,0.4651162790697675,1.7863266468048096,1.5704176300115906,20.5,0.040000000000000036,0.021528566505445212,0.4813889279005916,False,False,False,False,True
2022-11-28,0.7553937435150146,0.03456694260239601,0.3902439024390244,1.7835094928741455,1.14971673053575,22.209999084472656,0.040000000000000036,0.012506665173971143,0.7775517143787085,False,False,False,False,True
2022-11-29,0.5513830780982971,0.019667882472276688,0.16666666666666663,1.7837581634521484,0.8392104849506367,21.88999938964844,0.020000000000000462,0.012352178622964338,0.7484921849932474,False,False,False,False,False
2022-11-30,0.7768382430076599,0.03678661584854126,0.5333333333333333,1.7849140167236328,1.1823554703404169,20.57999992370605,0.10000000000000053,0.02960853898325677,1.3330509996404905,False,True,False,False,False
2022-12-01,0.6709636449813843,0.02824464999139309,0.3076923076923077,1.7812926769256592,1.0212132875588396,19.84000015258789,0.1299999999999999,0.008283389778253714,1.804314535672235,False,True,False,True,False
2022-12-02,0.6328043937683105,0.025203056633472443,0.05882352941176472,1.7826342582702637,0.9631345307237089,19.059999465942383,0.03000000000000025,0.01538489189690484,0.525223935495984,False,False,False,False,True
2022-12-05,0.6947838068008423,0.029308512806892395,0.3076923076923077,1.7837907075881958,1.057467808863801,20.75,0.1299999999999999,0.038880723953062635,2.0437721939043336,False,True,True,True,False
2022-12-06,0.525790810585022,0.01802985556423664,0.35,1.7858352661132812,0.8002588012956421,22.170000076293945,0.07000000000000028,0.03545814375496281,1.0752776093020957,False,True,False,False,False
2022-12-07,0.6153150796890259,0.02585652656853199,0.35,1.777855396270752,0.9365156221410377,22.68000030517578,0.08000000000000007,0.030632749756287048,1.1446831221320657,False,True,False,False,False
2022-12-08,0.7429482936859131,0.03460147604346275,0.35,1.7867106199264526,1.130774633105899,22.290000915527344,0.04999999999999982,0.0076671881430039335,0.7181998406480746,False,False,False,False,False
2022-12-09,0.5759724974632263,0.02018965221941471,0.26315789473684215,1.7879135608673096,0.8766358238294951,22.82999992370605,0.020000000000000462,0.006176359536017806,0.6836685953112832,False,False,False,False,False
2022-12-12,0.9671657085418701,0.053274430334568024,0.5,1.7869831323623657,1.4720357507024402,25.0,0.05999999999999961,0.029823995623774024,1.2628155923665512,False,False,False,False,True
2022-12-13,0.9945651292800903,0.05728713423013687,0.5652173913043479,1.7844066619873047,1.5137379393956323,22.549999237060547,0.16999999999999993,0.029889156256413862,1.8022523158794668,False,True,False,True,False
2022-12-14,0.9858732223510742,0.05652827024459839,0.5652173913043479,1.7862950563430786,1.5005087712931158,21.13999938964844,0.010000000000000675,0.024760541980726636,0.534691666548022,False,False,False,False,False
2022-12-15,0.8315125107765198,0.04033395275473595,0.5957446808510638,1.7784889936447144,1.265570245314788,22.82999992370605,0.0,0.01525550380977947,1.201702063824568,False,False,False,False,True
2022-12-16,0.6079499125480652,0.025446821004152298,0.16666666666666663,1.7865405082702637,0.925305765085892,22.6200008392334,0.0600000000000005,0.024203304811225124,0.7243475311903075,False,True,False,False,False
2022-12-19,0.4371394217014313,0.014394388534128666,0.26315789473684215,1.7836858034133911,0.6653305127577727,22.420000076293945,0.08000000000000007,0.012041910372351694,1.0014161874979228,False,True,False,False,False
2022-12-20,0.8090566396713257,0.03786953166127205,0.35,1.7855836153030396,1.2313921879373735,21.479999542236328,0.0,0.01189852620001286,0.8818914704916986,False,False,False,False,True
2022-12-21,0.7398281693458557,0.031361211091279984,0.11428571428571432,1.7842055559158325,1.1260257730763952,20.06999969482422,0.040000000000000036,0.02850309055409994,0.7293692497672024,False,False,False,False,True
2022-12-22,0.4067797362804413,0.010979573242366314,0.21621621621621623,1.7837837934494019,0.6191227720106841,21.96999931335449,0.03000000000000025,0.010271024405837714,0.9365427328381689,False,False,False,False,True
2022-12-23,0.7642818093299866,0.0341995470225811,0.26315789473684215,1.7829031944274902,1.1632444543980447,20.8700008392334,0.0699999999999994,0.026362555091380635,0.9906560168480278,False,True,False,False,False
2022-12-26,0.6716318130493164,0.026652023196220398,0.3076923076923077,1.7848471403121948,1.0222302459505475,20.8700008392334,0.0,0.0,0.06580704208996986,False,False,False,False,True
2022-12-27,0.7375775575637817,0.03245650231838226,0.26315789473684215,1.7863616943359375,1.122600319738973,21.64999961853028,0.010000000000000675,0.0003771296793377843,0.7729288041677886,False,False,False,False,True
2022-12-28,0.6057071089744568,0.023809432983398438,0.3902439024390244,1.7862606048583984,0.9218921959187922,22.13999938964844,0.010000000000000675,0.007192910089678151,0.47073489841745025,False,False,False,False,True
2022-12-29,0.7118694186210632,0.030349016189575195,0.26315789473684215,1.7871088981628418,1.0834722786251487,21.440000534057617,0.03000000000000025,0.007117436711298275,0.7359902295270752,False,False,False,False,False
2022-12-30,0.8573206067085266,0.04647010937333107,0.625,1.7736302614212036,1.3048504219525099,21.670000076293945,0.07000000000000028,0.023447444636044423,0.6343617271025247,False,True,False,False,False
2023-01-01,0.9103168845176697,0.05282319337129593,0.4651162790697675,1.7873680591583252,1.3855112796527183,21.670000076293945,0.0,0.0,0.0,False,False,False,False,True
2023-01-02,0.7634714841842651,0.040515363216400146,0.4285714285714286,1.774682879447937,1.1620111315313837,21.670000076293945,0.0,0.0,0.0,False,False,False,False,False
2023-01-03,0.8467093110084534,0.0454460084438324,0.4285714285714286,1.7872463464736938,1.288699925203269,22.89999961853028,0.009999999999999787,0.04237547001737596,1.023229790190113,False,False,True,False,False
2023-01-04,0.5645202398300171,0.020170964300632477,0.16666666666666663,1.7876842021942139,0.8592053747208778,22.01000022888184,0.040000000000000036,0.054630716854441985,1.141023965539476,False,False,True,False,False
2023-01-05,0.6857760548591614,0.027165891602635384,0.21621621621621623,1.7862517833709717,1.0437579215358017,22.459999084472656,0.08999999999999986,0.01133043125657096,0.9641627045422455,False,True,False,False,False
2023-01-06,0.6031528115272522,0.022306570783257484,0.21621621621621623,1.7849621772766113,0.9180045300028016,21.1299991607666,0.20999999999999996,0.0013564635509055734,2.01729673346699,False,True,False,True,False
2023-01-09,0.7817064523696899,0.03642842918634415,0.26315789473684215,1.787716269493103,1.1897649330204123,21.96999931335449,0.04999999999999982,0.011590434949835249,0.8356074283154811,False,False,False,False,True
2023-01-10,0.4819903075695038,0.014175930060446262,0.26315789473684215,1.7869807481765747,0.7335940035591728,20.57999992370605,0.04999999999999982,0.0065443371219586766,0.8349570623532094,False,False,False,False,True
2023-01-11,0.5328429341316223,0.01799352467060089,0.3076923076923077,1.7859703302383423,0.8109922029116039,21.09000015258789,0.040000000000000036,0.030029147061982897,1.0188850793978261,False,False,False,False,True
2023-01-12,0.7727866768836975,0.03444697707891464,0.21621621621621623,1.7865501642227173,1.176188946725969,18.82999992370605,0.08000000000000007,0.012580341889957936,1.16376521186491,False,True,False,False,False
2023-01-13,0.7821193337440491,0.03631885349750519,0.3902439024390244,1.7853150367736816,1.190393342545779,18.350000381469727,0.09999999999999964,0.018578748863303574,0.9973222157942122,False,True,False,False,False
2023-01-16,0.7733426094055176,0.03617585077881813,0.3902439024390244,1.7841590642929077,1.1770350815091501,18.350000381469727,0.0,0.0,0.19569538543202483,False,False,False,False,True
2023-01-17,0.7806203365325928,0.035669781267642975,0.4651162790697675,1.7842135429382324,1.1881118540004567,19.36000061035156,0.040000000000000036,0.003999001742649888,0.4738850181649408,False,False,False,False,True
2023-01-18,0.43523621559143066,0.01194471213966608,0.21621621621621623,1.784340262413025,0.6624338142808385,20.34000015258789,0.1200000000000001,0.008768651100673708,1.2080757356852536,False,True,False,False,False
2023-01-19,0.6368167996406555,0.02372584119439125,0.21621621621621623,1.782784342765808,0.96924145204883,20.520000457763672,0.03000000000000025,0.010637713060058118,0.5769969001779366,False,False,False,False,True
2023-01-20,0.5897020697593689,0.021990224719047546,0.35,1.7850232124328613,0.8975323683236599,19.850000381469727,0.04999999999999982,0.012125807213962503,0.9016038081262461,False,False,False,False,True
2023-01-23,0.7417502999305725,0.032093070447444916,0.3902439024390244,1.785549283027649,1.128951274790561,19.809999465942383,0.07000000000000028,0.003805383434663412,0.5482124230175154,False,True,False,False,False
2023-01-24,0.5711711049079895,0.018995195627212524,0.16666666666666663,1.7861480712890625,0.8693280569886702,19.200000762939453,0.08999999999999986,0.018424082115101825,0.6741219760974709,False,True,False,False,False
2023-01-25,0.6276849508285522,0.023661626502871513,0.4285714285714286,1.787251353263855,0.9553426880596768,19.07999992370605,0.009999999999999787,0.0002496165799490413,0.13145384317507391,False,False,False,False,True
2023-01-26,0.7926249504089355,0.03658236563205719,0.3902439024390244,1.7846640348434448,1.2063829947608098,18.729999542236328,0.05999999999999961,0.010672732119007655,0.6251070775647114,False,False,False,False,True
2023-01-27,0.6697533130645752,0.028311429545283318,0.5,1.7875163555145264,1.019371150440015,18.51000022888184,0.020000000000000462,0.01655401310600002,0.367674294568366,False,False,False,False,False
2023-01-30,0.6530529260635376,0.027613241225481033,0.5957446808510638,1.7888566255569458,0.99395299665419,19.940000534057617,0.05999999999999961,0.022592644641995285,0.8184609989349596,False,False,False,False,False
2023-01-31,0.7768762111663818,0.03605436161160469,0.3902439024390244,1.7861803770065308,1.182413258252595,19.39999961853028,0.040000000000000036,0.012374989769701195,0.6179649747752136,False,False,False,False,True
2023-02-01,0.5787258148193359,0.027132326737046242,0.4651162790697675,1.779391884803772,0.88082640001042,17.8700008392334,0.1200000000000001,0.03168733664749546,1.5210987670523528,False,True,False,True,False
2023-02-02,0.710690438747406,0.03237322345376015,0.5,1.7851325273513794,1.0816778596253285,18.729999542236328,0.0,0.006960516716146614,0.42175852856681684,False,False,False,False,True
2023-02-03,0.48111027479171753,0.014801159501075745,0.21621621621621623,1.7835211753845215,0.732254584988756,18.32999992370605,0.20999999999999996,0.03336543063000175,1.9379687408700284,False,True,False,True,False
2023-02-06,0.8381994366645813,0.0439097099006176,0.4651162790697675,1.7774380445480347,1.275747812491321,19.43000030517578,0.14000000000000057,0.00976280595859702,1.0570728086706263,False,True,False,False,False
2023-02-07,0.7739208936691284,0.03850813955068588,0.35,1.7834786176681519,1.1779152358638647,18.65999984741211,0.02999999999999936,0.040071460668805514,0.8324213687900709,False,False,True,False,False
2023-02-08,0.7616510391235352,0.03465178608894348,0.3902439024390244,1.7848132848739624,1.1592403961879807,19.6299991607666,0.019999999999999574,0.017094456827861038,0.6991599758482792,False,False,False,False,True
2023-02-09,0.5691810250282288,0.01962883584201336,0.26315789473684215,1.785610318183899,0.8662991357770425,20.709999084472656,0.03000000000000025,0.005238671219238711,0.7349919983105102,False,False,False,False,True
2023-02-10,0.7384982109069824,0.03286529704928398,0.26315789473684215,1.7849044799804688,1.1240015632107234,20.530000686645508,0.019999999999999574,0.02104278018052952,0.7276914992368425,False,False,False,False,True
2023-02-13,0.5607025027275085,0.019366169348359108,0.35,1.7854468822479248,0.8533947411840991,20.34000015258789,0.019999999999999574,0.0052545869349556185,0.6309661405908664,False,False,False,False,True
2023-02-14,0.4813123941421509,0.013467331416904926,0.11428571428571432,1.7854267358779907,0.7325622126342761,18.90999984741211,0.08000000000000007,0.013568070603816373,0.6448504945149904,False,True,False,False,False
2023-02-15,0.7496660351753235,0.03352292627096176,0.4651162790697675,1.7833431959152222,1.1409991019317198,18.229999542236328,0.020000000000000462,0.005962608707683614,0.6668409876247698,False,False,False,False,True
2023-02-16,0.7422488331794739,0.03190344572067261,0.3076923076923077,1.7852625846862793,1.129710047314044,20.170000076293945,0.0,0.0012732173583041018,0.880387451631432,False,False,False,False,True
2023-02-17,0.7194916009902954,0.031090175732970238,0.35,1.786421298980713,1.0950733153935008,20.020000457763672,0.020000000000000462,0.027774201576087343,0.5195574951524047,False,False,False,False,True
2023-02-20,0.7624683976173401,0.032862745225429535,0.3902439024390244,1.7877020835876465,1.1604844238798178,20.020000457763672,0.0,0.0,0.27165106938308337,False,False,False,False,True
2023-02-21,0.7022166848182678,0.02938060835003853,0.4285714285714286,1.785300374031067,1.068780722540979,22.8700008392334,0.07000000000000028,0.0023605607785119886,1.538083620987032,False,True,False,True,False
2023-02-22,0.6452940106391907,0.026261750608682632,0.3902439024390244,1.7850028276443481,0.9821438508269102,22.290000915527344,0.009999999999999787,0.029447290678574767,0.5559968984916035,False,False,False,False,True
2023-02-23,0.8782508969306946,0.04503084346652031,0.4651162790697675,1.783501148223877,1.3367065301741912,21.13999938964844,0.0,0.01928548423873444,0.7947017905417637,False,False,False,False,True
2023-02-24,0.547562837600708,0.019543040543794632,0.21621621621621623,1.7848888635635376,0.8333960412218463,21.670000076293945,0.1200000000000001,0.012260391013708904,1.2561996812362501,False,True,False,False,False
2023-02-27,0.5866407155990601,0.023251544684171677,0.21621621621621623,1.780847430229187,0.8928729570875747,20.950000762939453,0.0,0.008421094365324677,0.6136391262189994,False,False,False,False,True
2023-02-28,0.4662081003189087,0.016399739310145378,0.3076923076923077,1.7853493690490723,0.7095733284125151,20.700000762939453,0.02999999999999936,0.017940672597551277,0.7381767914251406,False,False,False,False,False
2023-03-01,0.4945198893547058,0.016799630597233772,0.26315789473684215,1.7863024473190308,0.7526641506562759,20.57999992370605,0.08000000000000007,0.008271979013679598,1.0386168171726384,False,True,False,False,False
2023-03-02,0.8855836391448975,0.04732470586895943,0.5652173913043479,1.7840529680252075,1.347867036170899,19.59000015258789,0.0,0.006031474201232179,0.8327164577919199,False,False,False,False,True
2023-03-03,0.5940386056900024,0.022818269208073616,0.3902439024390244,1.7853893041610718,0.9041326187954455,18.489999771118164,0.02999999999999936,0.019260562517824376,1.0247211752969865,False,False,False,False,True
2023-03-06,0.6758692860603333,0.027776749804615974,0.35,1.7866219282150269,1.0286797216812966,18.61000061035156,0.02999999999999936,0.009741538036617925,0.39597836621615584,False,False,False,False,True
2023-03-07,0.5801758170127869,0.02000861056149006,0.3902439024390244,1.786458969116211,0.883033317654941,19.59000015258789,0.11000000000000032,0.03645046952900799,1.4921676955195973,False,True,True,True,False
2023-03-08,0.569720983505249,0.019754361361265182,0.16666666666666663,1.7869288921356201,0.8671209579064344,19.11000061035156,0.04999999999999982,0.011929577890763987,0.4663461904549939,False,False,False,False,True
2023-03-09,0.680057168006897,0.027431823313236237,0.26315789473684215,1.7862457036972046,1.0350537193226699,22.61000061035156,0.14999999999999947,0.012337765260806322,1.3229525080043822,False,True,False,False,False
2023-03-10,0.8024932146072388,0.039621707051992416,0.4285714285714286,1.7838155031204224,1.22140259023342,24.799999237060547,0.3000000000000007,0.012598579694905965,2.4750106510012078,False,True,False,True,False
2023-03-13,0.7987045645713806,0.039528992027044296,0.35,1.784824013710022,1.2156362274990635,26.520000457763672,0.5699999999999994,0.02482299637797336,3.036753575876265,False,True,False,True,False
2023-03-14,0.7141785025596619,0.02967245690524578,0.16666666666666663,1.7869250774383545,1.0869867271617024,23.729999542236328,0.16999999999999993,0.04750090381919492,1.8279587607500583,False,True,True,True,False
2023-03-15,0.7932335138320923,0.03668873384594917,0.3902439024390244,1.7860188484191895,1.2073092342950953,26.13999938964844,0.27,0.05356111183001655,2.3782730265549303,False,True,True,True,False
2023-03-16,0.7901919484138489,0.03670050576329231,0.5,1.7859517335891724,1.2026799417196743,22.989999771118164,0.20999999999999952,0.010885630715347538,1.7535061429800425,False,True,False,True,False
2023-03-17,0.6375362277030945,0.024394268169999123,0.35,1.7865204811096191,0.9703364286579216,25.51000022888184,0.3299999999999996,0.02383709953048818,2.538056399422417,False,True,False,True,False
2023-03-20,0.7207270860671997,0.029937902465462685,0.16666666666666663,1.7878410816192627,1.0969537358701578,24.14999961853028,0.10999999999999988,0.013395073691869541,1.2356924267728964,False,True,False,False,False
2023-03-21,0.7886953949928284,0.036033518612384796,0.4285714285714286,1.786916732788086,1.2004021726475063,21.3799991607666,0.25,0.024678224358261502,2.0406052279470672,False,True,False,True,False
2023-03-22,0.6419621109962463,0.025220658630132675,0.21621621621621623,1.7831840515136719,0.9770726666969837,22.26000022888184,0.20999999999999996,0.022392715694534715,1.5648651118718293,False,True,False,True,False
2023-03-23,0.7418978214263916,0.032975465059280396,0.16666666666666663,1.7864024639129639,1.129175803962682,22.61000061035156,0.20000000000000018,0.013346817995684823,1.7023926470273631,False,True,False,True,False
2023-03-24,0.7236757874488831,0.03115067444741726,0.21621621621621623,1.785185694694519,1.101441688465714,21.739999771118164,0.0,0.010056067246045686,0.510426926495769,False,False,False,False,True
2023-03-27,0.6015129089355469,0.02215457893908024,0.26315789473684215,1.786355972290039,0.915508582078532,20.600000381469727,0.18000000000000016,0.049985705057509655,1.6040213444862244,False,True,True,True,False
2023-03-28,0.6748825907707214,0.027324188500642776,0.21621621621621623,1.7850056886672974,1.027177961715522,19.96999931335449,0.07999999999999963,0.005342104401159453,0.6596340615021983,False,True,False,False,False
2023-03-29,0.5544641613960266,0.022335104644298553,0.11428571428571432,1.7773994207382202,0.8438999241285288,19.1200008392334,0.0600000000000005,0.003146964770220251,0.6235612438106565,False,True,False,False,False
2023-03-30,0.4775615632534027,0.01880953460931778,0.35,1.7862732410430908,0.7268534110149544,19.020000457763672,0.019999999999999574,0.019004257140161407,0.6013203671755367,False,False,False,False,True
2023-03-31,0.5163388848304749,0.01745723746716976,0.21621621621621623,1.78541100025177,0.7858728770421292,18.700000762939453,0.040000000000000036,0.017329084862010014,0.9032986020447387,False,False,False,False,True
2023-04-01,0.5949771404266357,0.022244509309530258,0.26315789473684215,1.7870911359786987,0.9055610779244226,18.700000762939453,0.0,0.0,0.0,False,False,False,False,True
2023-04-03,0.7479861378669739,0.033755265176296234,0.21621621621621623,1.7859588861465454,1.1384422816541195,18.549999237060547,0.08999999999999941,0.06088112219194386,1.2223838882530496,False,True,True,False,False
2023-04-04,0.5236353278160095,0.016410894691944122,0.11428571428571432,1.7870140075683594,0.7969781352546665,19.0,0.13000000000000034,0.0035995932923826857,1.2825653370024648,False,True,False,False,False
2023-04-05,0.42948195338249207,0.013389470987021923,0.3902439024390244,1.7846488952636719,0.6536757704258263,19.07999992370605,0.04999999999999982,0.0012397531256915784,0.4336897867087833,False,False,False,False,True
2023-04-06,0.5064700841903687,0.017186734825372696,0.3076923076923077,1.783251166343689,0.7708524650998022,18.39999961853028,0.029999999999999805,0.0011158185926500863,0.31535156349245297,False,False,False,False,True
2023-04-07,0.7286700010299683,0.03158910199999809,0.3076923076923077,1.782579779624939,1.1090429308103011,18.39999961853028,0.15000000000000036,0.0,0.47443793975230375,False,True,False,False,False
2023-04-10,0.6127517819404602,0.023296458646655083,0.3902439024390244,1.786208987236023,0.9326142576775762,18.96999931335449,0.029999999999999805,0.01196722229656011,0.8661079268735911,False,False,False,False,True
2023-04-11,0.7717700600624084,0.034795720130205154,0.4285714285714286,1.785604476928711,1.174641645893768,19.100000381469727,0.03000000000000025,0.022199720539117784,0.6059888729401415,False,False,False,False,True
2023-04-12,0.6743599772453308,0.02750319428741932,0.16666666666666663,1.7824074029922485,1.02638253877364,19.09000015258789,0.08000000000000007,0.020997231721795018,0.7259824864088088,False,True,False,False,False
2023-04-13,0.7644459009170532,0.0347948782145977,0.3076923076923077,1.7845680713653564,1.1634942034125293,17.799999237060547,0.009999999999999787,0.013299657230972706,0.8523746671674535,False,False,False,False,True
2023-04-14,0.7338983416557312,0.03270476311445236,0.3076923076923077,1.7821277379989624,1.1170005168268444,17.06999969482422,0.1200000000000001,0.004372037329607892,1.0759978961529428,False,True,False,False,False
2023-04-17,0.5631091594696045,0.021977795287966728,0.3076923076923077,1.7856196165084839,0.8570576964902538,16.950000762939453,0.09999999999999964,0.020692441123898675,0.9628208734721413,False,True,False,False,False
2023-04-18,0.5637546181678772,0.019354596734046936,0.21621621621621623,1.785852313041687,0.8580400909972837,16.829999923706055,0.010000000000000675,0.00037106536196596096,0.285677526070761,False,False,False,False,True
2023-04-19,0.6004160046577454,0.02171812392771244,0.21621621621621623,1.7866549491882324,0.9138390829453829,16.459999084472656,0.04999999999999982,0.02124810476439265,0.5830814971943827,False,False,False,False,True
2023-04-20,0.7736314535140991,0.03550723195075989,0.26315789473684215,1.7856277227401733,1.1774747050922203,17.170000076293945,0.10000000000000053,0.02390657403234986,0.9598931615954949,False,True,False,False,False
2023-04-21,0.6919891834259033,0.02854713797569275,0.35,1.7866748571395874,1.0532143645146823,16.770000457763672,0.03000000000000025,0.007476211896136675,0.9224824614224502,False,False,False,False,True
2023-04-24,0.7436673045158386,0.031577885150909424,0.35,1.7857966423034668,1.1318689746829886,16.889999389648438,0.04999999999999982,0.011364476033946858,0.751897977569957,False,False,False,False,False
2023-04-25,0.8750198483467102,0.045179542154073715,0.5,1.7837491035461426,1.3317888423510238,18.76000022888184,0.26000000000000023,0.021691185064036667,1.854813842517087,False,True,False,True,False
2023-04-26,0.5607466101646423,0.021773362532258034,0.3902439024390244,1.783801555633545,0.8534618731385918,18.84000015258789,0.040000000000000036,0.03660310303301095,0.5764218583556314,False,False,True,False,False
2023-04-27,0.6965327262878418,0.029845133423805237,0.35,1.7847495079040527,1.0601296815782968,17.030000686645508,0.17000000000000037,0.006172018364703824,1.3415614051095295,False,True,False,False,False
2023-04-28,0.7466291189193726,0.03311900049448013,0.05882352941176472,1.7852962017059326,1.1363768854271779,15.779999732971191,0.03000000000000025,0.02666116251206674,0.8000559235619753,False,False,False,False,True
2023-05-01,0.7683671712875366,0.03621986508369446,0.21621621621621623,1.7856205701828003,1.1694624156046511,16.079999923706055,0.09999999999999964,0.014694506066871504,0.9120655581726219,False,True,False,False,False
2023-05-02,0.7112733125686646,0.03026929497718811,0.4285714285714286,1.7846633195877075,1.0825649993320647,17.780000686645508,0.16999999999999948,0.05431690462630723,1.857526125360205,False,True,True,True,False
2023-05-03,0.6015960574150085,0.022613760083913803,0.21621621621621623,1.7868613004684448,0.9156351348846367,18.34000015258789,0.08000000000000007,0.043640250492054555,1.0356945622993978,False,True,True,False,False
2023-05-04,0.7250983715057373,0.02998003363609314,0.3902439024390244,1.7856615781784058,1.1036068754358206,20.09000015258789,0.14000000000000012,0.0005832738089583955,1.0925703886821099,False,True,False,False,False
2023-05-05,0.7887336611747742,0.03588901832699776,0.35,1.787513256072998,1.2004604141539716,17.190000534057617,0.16999999999999993,0.03974788991781164,1.740349724893356,False,True,True,True,False
2023-05-08,0.7887035012245178,0.03497705236077309,0.16666666666666663,1.7877082824707031,1.2004145104121158,16.979999542236328,0.08000000000000007,0.025191744981273523,1.0517214461878113,False,True,False,False,False
2023-05-09,0.8179998397827148,0.0406348779797554,0.3076923076923077,1.780249834060669,1.245003826742784,17.709999084472656,0.009999999999999787,0.007489589201697733,0.4394258435115131,False,False,False,False,True
2023-05-10,0.7619686126708984,0.037362322211265564,0.5,1.7868659496307373,1.1597237462603287,16.940000534057617,0.10999999999999988,0.01572469062037385,1.063454865982906,False,True,False,False,False
2023-05-11,0.6873244643211365,0.027295509353280067,0.16666666666666663,1.7856934070587158,1.0461146160139276,16.93000030517578,0.009999999999999787,0.023566520582778416,0.8444574818784791,False,False,False,False,True
2023-05-12,0.47340068221092224,0.01402523834258318,0.11428571428571432,1.786024808883667,0.7205205090159934,17.030000686645508,0.08999999999999986,0.011780731088235186,0.7346051319787279,False,True,False,False,False
2023-05-15,0.6058615446090698,0.025013092905282974,0.11428571428571432,1.780245304107666,0.9221272484783744,17.1200008392334,0.010000000000000231,0.015161461989485758,0.5460193534354381,False,False,False,False,True
2023-05-16,0.7150068879127502,0.0336899571120739,0.4285714285714286,1.7854351997375488,1.0882475378421625,17.989999771118164,0.0699999999999994,0.003521874427818261,0.9638634647729458,False,True,False,False,False
2023-05-17,0.6409632563591003,0.023864135146141052,0.11428571428571432,1.7860312461853027,0.9755524000842948,16.8700008392334,0.0600000000000005,0.027421875320501776,0.9451813957028546,False,True,False,False,False
2023-05-18,0.6874999403953552,0.02851046808063984,0.4285714285714286,1.7878552675247192,1.0463816923301799,16.049999237060547,0.1200000000000001,0.013408193192320006,1.2099270498008947,False,True,False,False,False
2023-05-19,0.8638402819633484,0.04137810692191124,0.4651162790697675,1.7883846759796143,1.3147734320151152,16.809999465942383,0.040000000000000036,0.004323241524432753,0.641215359585476,False,False,False,False,True
2023-05-22,0.8195827603340149,0.038987766951322556,0.35,1.7851409912109375,1.2474130474393577,17.209999084472656,0.009999999999999787,0.006130642152662347,0.366341707356481,False,False,False,False,True
2023-05-23,0.4820099174976349,0.015639737248420715,0.3902439024390244,1.7857609987258911,0.7336238500632648,18.530000686645508,0.03000000000000025,0.012698663238921881,0.7284679958664962,False,False,False,False,True
2023-05-24,0.6522631049156189,0.02468891814351082,0.35,1.786014199256897,0.9927508810744823,20.030000686645508,0.04999999999999982,0.019423261561333227,1.114282688544584,False,False,False,False,True
2023-05-25,0.6035671830177307,0.02298184111714363,0.16666666666666663,1.7877827882766724,0.9186352074996039,19.13999938964844,0.1900000000000004,0.034346874029264285,1.553210188776244,False,True,False,True,False
2023-05-26,1.059719204902649,0.06640518456697464,0.5652173913043479,1.7810859680175781,1.6129030853197701,17.950000762939453,0.040000000000000036,0.011626377853486858,0.8480643274856168,False,False,False,False,True
2023-05-29,0.48818036913871765,0.019637763500213623,0.3076923076923077,1.788209080696106,0.7430153383402307,17.950000762939453,0.0,0.0,0.08272750463100453,False,False,False,False,True
2023-05-30,0.8767253160476685,0.04302952438592911,0.3076923076923077,1.7871516942977905,1.3343845810184582,17.459999084472656,0.08000000000000007,0.045177585296412914,1.0048039176659858,False,True,True,False,False
2023-05-31,0.748680055141449,0.03409871086478233,0.3902439024390244,1.7859755754470825,1.1394984305922342,17.940000534057617,0.05999999999999961,0.01992072842377901,0.8881121671043835,False,False,False,False,True
2023-06-01,0.638014554977417,0.024584749713540077,0.3076923076923077,1.7864747047424316,0.9710644474887384,15.649999618530272,0.07000000000000028,0.029092466561862373,1.0537307260620326,False,True,False,False,False
2023-06-02,0.7109493613243103,0.02993396855890751,0.16666666666666663,1.784053087234497,1.0820719423419725,14.600000381469728,0.16999999999999993,0.02312567005336863,1.4876048276273965,False,True,False,False,False
2023-06-05,0.746137797832489,0.03293099254369736,0.3902439024390244,1.7859439849853516,1.1356290898854429,14.729999542236328,0.040000000000000036,0.005698864041843166,0.4867334052711841,False,False,False,False,True
2023-06-06,0.6137294769287109,0.022427449002861977,0.4651162790697675,1.7865920066833496,0.93410231909588,13.960000038146973,0.04999999999999982,0.005698864041843166,0.46788540143936064,False,False,False,False,True
2023-06-07,0.5756049752235413,0.020984146744012833,0.3076923076923077,1.7837824821472168,0.876076451354627,13.9399995803833,0.04999999999999982,0.010951810218261748,0.7482829959291546,False,False,False,False,True
2023-06-08,0.6136702299118042,0.022675763815641403,0.35,1.7848598957061768,0.934012144551602,13.649999618530272,0.040000000000000036,0.017244174573166404,0.8884609252470801,False,False,False,False,True
2023-06-09,0.5690877437591553,0.020167291164398193,0.4651162790697675,1.7852438688278198,0.8661571607651761,13.829999923706056,0.07000000000000028,0.01583523480218929,0.5565488114958645,False,True,False,False,True
2023-06-12,0.5248203277587891,0.01681234873831272,0.3076923076923077,1.7867776155471802,0.7987817168590864,15.010000228881836,0.040000000000000036,0.044438740090224194,0.7754991444717516,False,False,True,False,False
2023-06-13,0.6116289496421814,0.02182149328291416,0.3902439024390244,1.7860013246536255,0.9309052958414482,14.609999656677246,0.1200000000000001,0.03369288097774703,1.1439044613100835,False,True,False,False,False
2023-06-14,0.5713216066360474,0.021064747124910355,0.3076923076923077,1.7879970073699951,0.8695571221036624,13.880000114440918,0.07000000000000028,0.016704601798410934,0.852596098515562,False,True,False,False,False
2023-06-15,0.6405107378959656,0.024963954463601112,0.3076923076923077,1.7870160341262817,0.9748636625187419,14.5,0.1200000000000001,0.0338430471338933,1.2505652373854284,False,True,False,False,False
2023-06-16,0.9115102887153625,0.0484999343752861,0.5333333333333333,1.784925937652588,1.3873276526160347,13.539999961853027,0.08000000000000007,0.01629243932063762,0.6583887025957398,False,True,False,False,True
2023-06-19,0.6421590447425842,0.02512226812541485,0.26315789473684215,1.7870899438858032,0.9773724018019081,13.539999961853027,0.0,0.0,0.09066255209073203,False,False,False,False,True
2023-06-20,0.6554521918296814,0.0256469938904047,0.35,1.7863513231277466,0.9976047028220243,13.880000114440918,0.020000000000000462,0.01799315889506481,0.6015853908127832,False,False,False,False,True
2023-06-21,0.7779096364974976,0.03489486128091812,0.26315789473684215,1.7861380577087402,1.183986141802589,13.199999809265137,0.0,0.02838754272677768,0.595522041666086,False,False,False,False,True
2023-06-22,0.787316083908081,0.036014363169670105,0.5,1.7869642972946167,1.1983028475678885,12.90999984741211,0.08999999999999986,0.04252959469990003,1.0944012342000105,False,True,True,False,False
2023-06-23,0.7932032346725464,0.03689075633883476,0.5333333333333333,1.784870982170105,1.2072631491155246,13.4399995803833,0.05999999999999961,0.005047944078748756,0.768881373461014,False,False,False,False,True
2023-06-26,0.5689306855201721,0.021312028169631958,0.3902439024390244,1.7827086448669434,0.8659181165758674,14.25,0.05999999999999961,0.003031823224082686,0.6057953932153755,False,False,False,False,True
2023-06-27,0.7194561958312988,0.03223543241620064,0.3076923076923077,1.7855032682418823,1.0950194283921917,13.739999771118164,0.08999999999999986,0.024368402149869794,1.0501091698375995,False,True,False,False,False
2023-06-28,0.606511652469635,0.024232644587755203,0.4285714285714286,1.7850509881973267,0.9231167190562832,13.43000030517578,0.03000000000000025,0.027103519547670096,0.6086625808564744,False,False,False,False,True
2023-06-29,0.5240241289138794,0.01718747988343239,0.26315789473684215,1.7866209745407104,0.7975698943616345,13.539999961853027,0.16000000000000014,0.0043035937272328795,1.1354613481397793,False,True,False,False,False
2023-06-30,0.6276931762695312,0.022626321762800217,0.21621621621621623,1.7867341041564941,0.9553552072620012,13.59000015258789,0.0,0.011103299539925615,0.6329873310242574,False,False,False,False,True
2023-07-01,0.6987490057945251,0.02765551023185253,0.3902439024390244,1.7877930402755737,1.0635028808538434,13.59000015258789,0.0,0.0,0.0,False,False,False,False,True
2023-07-03,0.8716476559638977,0.044362202286720276,0.21621621621621623,1.781779408454895,1.3266563322734795,13.56999969482422,0.07000000000000028,0.012105801508016434,0.6449112259268744,False,True,False,False,True
2023-07-04,0.8773032426834106,0.04548874869942665,0.11428571428571432,1.7859134674072266,1.3352641910600285,13.56999969482422,0.0,0.0,0.04259724586771069,False,False,False,False,True
2023-07-05,0.4806995987892151,0.01427234336733818,0.3902439024390244,1.78642737865448,0.7316295320611138,14.18000030517578,0.0,0.0282544571938681,0.6438146223020612,False,False,False,False,True
2023-07-06,0.5386121869087219,0.018819503486156464,0.4651162790697675,1.7853528261184692,0.8197730625592579,15.4399995803833,0.04999999999999982,0.00013931521652299494,0.9041051819268167,False,False,False,False,False
2023-07-07,0.8071959018707275,0.039450738579034805,0.3076923076923077,1.785863995552063,1.2285601266463528,14.829999923706056,0.04999999999999982,0.028286899130277376,0.6952868250134514,False,False,False,False,True
2023-07-10,0.7787812352180481,0.035556402057409286,0.3076923076923077,1.785709261894226,1.1853127236546805,15.06999969482422,0.09000000000000075,0.01184900149194501,0.635124752314567,False,True,False,False,True
2023-07-11,0.6572930812835693,0.02675110474228859,0.35,1.7862149477005005,1.000406554733523,14.84000015258789,0.03000000000000025,0.024896482365693196,0.6359359972580988,False,False,False,False,True
2023-07-12,0.5623262524604797,0.018645597621798515,0.11428571428571432,1.786266803741455,0.8558661042980071,13.539999961853027,0.16000000000000014,0.012219545827685252,1.635646244292797,False,True,False,True,False
2023-07-13,0.4713589549064636,0.013906258158385754,0.26315789473684215,1.7867748737335205,0.717412979914409,13.609999656677246,0.1299999999999999,0.014937376716626538,1.2651926496934813,False,True,False,False,False
2023-07-14,0.43828120827674866,0.01387184951454401,0.35,1.7856663465499878,0.6670683231905611,13.34000015258789,0.15000000000000036,0.019303353554000147,0.831305759456819,False,True,False,False,False
2023-07-17,0.7644265294075012,0.03383633866906166,0.3902439024390244,1.7877318859100342,1.163464719783867,13.479999542236328,0.0,0.016982378389891473,0.6276457230914172,False,False,False,False,True
2023-07-18,0.6433950662612915,0.025700274854898453,0.26315789473684215,1.7849925756454468,0.9792536387482818,13.300000190734863,0.0,0.02134835522726508,0.5403501872848641,False,False,False,False,True
2023-07-19,0.7401556968688965,0.03343621641397476,0.4285714285714286,1.782979965209961,1.1265242731979326,13.760000228881836,0.0,0.005294539567524126,0.3576893822079062,False,False,False,False,True
2023-07-20,0.751583993434906,0.03452789783477783,0.4285714285714286,1.7862988710403442,1.143918253325866,13.989999771118164,0.05999999999999961,0.003709088729944021,0.881548310611227,False,False,False,False,True
2023-07-21,0.8101780414581299,0.03706224262714386,0.21621621621621623,1.7862623929977417,1.2330989725209234,13.600000381469728,0.020000000000000462,0.018861102278281194,0.3262868152876454,False,False,False,False,True
2023-07-24,0.790438711643219,0.038945041596889496,0.5652173913043479,1.7868728637695312,1.2030555177894042,13.90999984741211,0.010000000000000675,0.021437162555230316,0.4793282847047852,False,False,False,False,True
2023-07-25,0.9010455012321472,0.04507984593510628,0.5652173913043479,1.7843241691589355,1.3714001428183387,13.859999656677246,0.040000000000000036,0.01123961339214219,0.9457640402896076,False,False,False,False,True
2023-07-26,0.8373616933822632,0.04209250584244728,0.5957446808510638,1.788874864578247,1.2744727589502456,13.1899995803833,0.02999999999999936,0.010731729729881678,0.5798888719400935,False,False,False,False,True
2023-07-27,0.7678278684616089,0.035919975489377975,0.653061224489796,1.7871180772781372,1.1686415913826909,14.40999984741211,0.08999999999999986,0.016491814562992424,1.39693098911477,False,True,False,False,False
2023-07-28,0.8889069557189941,0.0475308932363987,0.3902439024390244,1.78528892993927,1.3529251567853566,13.329999923706056,0.040000000000000036,0.0060995458759762755,1.1359810792089555,False,False,False,False,True
2023-07-31,0.8292276263237,0.0405348539352417,0.26315789473684215,1.7839865684509277,1.2620926286343477,13.630000114440918,0.009999999999999787,0.015026778429613863,0.47605204447233734,False,False,False,False,True
2023-08-01,0.49479979276657104,0.017377762123942375,0.3902439024390244,1.7871590852737427,0.7530901664107328,13.93000030517578,0.040000000000000036,0.005270592453453737,0.9698086582464486,False,False,False,False,True
2023-08-02,0.7208725214004517,0.03035273402929306,0.35,1.7870932817459106,1.097175089882269,16.09000015258789,0.040000000000000036,0.023375487751982504,1.0070681914798345,False,False,False,False,True
2023-08-03,0.6426938772201538,0.02693757973611355,0.3076923076923077,1.7846992015838623,0.9781864221095616,15.920000076293944,0.020000000000000462,0.02558516577812764,0.8405397669274884,False,False,False,False,True
2023-08-04,0.772224485874176,0.03663603216409683,0.4285714285714286,1.7837926149368286,1.1753332864627584,17.100000381469727,0.1200000000000001,0.015453207943668446,1.1336982542067913,False,True,False,False,False
2023-08-07,0.6833345293998718,0.02854507975280285,0.3902439024390244,1.7862054109573364,1.0400418956980548,15.770000457763672,0.020000000000000462,0.010682272518840463,0.625504068128361,False,False,False,False,True
2023-08-08,0.6103930473327637,0.02327689342200756,0.35,1.7866708040237427,0.9290242403327894,15.989999771118164,0.019999999999999574,0.01188896357162239,0.6104966347350115,False,False,False,False,True
2023-08-09,0.6877449154853821,0.027685338631272316,0.3076923076923077,1.7845306396484375,1.046754546834187,15.960000038146973,0.04999999999999982,0.01769115419565015,0.5422019413914767,False,False,False,False,True
2023-08-10,0.4289536774158478,0.012890417128801346,0.3076923076923077,1.786689043045044,0.6528717291924893,15.850000381469728,0.03000000000000025,0.018897845248432077,0.5450219361727855,False,False,False,False,True
2023-08-11,0.5293557047843933,0.01703641004860401,0.3076923076923077,1.7868813276290894,0.8056846054392339,14.84000015258789,0.0699999999999994,0.0044576032105352326,0.9735574297906232,False,True,False,False,False
2023-08-14,0.5326159596443176,0.017114995047450066,0.3076923076923077,1.7864964008331299,0.8106467455025385,14.81999969482422,0.07000000000000028,0.008207653636332246,0.522030228548451,False,True,False,False,True
2023-08-15,0.6102575659751892,0.02205047942698002,0.26315789473684215,1.7868685722351074,0.9288180363698677,16.459999084472656,0.040000000000000036,0.018593860122390282,0.8494833829758167,False,False,False,False,True
2023-08-16,0.818342387676239,0.03815799206495285,0.3902439024390244,1.7850619554519653,1.245525188016392,16.780000686645508,0.04999999999999982,0.02007925112993547,0.775402240653111,False,False,False,False,True
2023-08-17,0.8169309496879578,0.03750551864504814,0.3902439024390244,1.7835102081298828,1.2433769654726234,17.889999389648438,0.02999999999999936,0.012643369992997755,0.7073461378610794,False,False,False,False,True
2023-08-18,0.7569231390953064,0.03306594863533974,0.3902439024390244,1.7873269319534302,1.152044485698358,17.299999237060547,0.020000000000000462,0.01064103846235831,0.5253940840133994,False,False,False,False,True
2023-08-21,0.7249270677566528,0.031772419810295105,0.4651162790697675,1.7851626873016357,1.103346149439588,17.1299991607666,0.04999999999999982,0.006544430041808269,0.775385265529696,False,False,False,False,True
2023-08-22,0.6666478514671326,0.0268437210470438,0.11428571428571432,1.7845271825790405,1.014644607249437,16.969999313354492,0.04999999999999982,0.004594317974920159,0.4768897122444346,False,False,False,False,True
2023-08-23,0.663026750087738,0.026507500559091568,0.16666666666666663,1.7830373048782349,1.0091332552232957,15.979999542236328,0.0699999999999994,0.01833760382286176,1.4285495285618346,False,True,False,False,False
2023-08-24,0.6984386444091797,0.028977520763874054,0.16666666666666663,1.7857898473739624,1.0630305077632436,17.200000762939453,0.03000000000000025,0.0020261328906361342,0.5648946551670995,False,False,False,False,True
2023-08-25,0.6009394526481628,0.02151482366025448,0.11428571428571432,1.7862377166748047,0.9146357759512687,15.68000030517578,0.04999999999999982,0.009818794333739334,0.5591689790379366,False,False,False,False,True
2023-08-28,0.9579873085021973,0.051913756877183914,0.3902439024390244,1.7877514362335205,1.4580661352856399,15.079999923706056,0.04999999999999982,0.0033764384300072336,0.770851928420319,False,False,False,False,True
2023-08-29,0.567537784576416,0.02299588918685913,0.4285714285714286,1.7842578887939453,0.8637981075967572,14.449999809265137,0.11000000000000032,0.013146725055070974,1.3619142541521656,False,True,False,False,False
2023-08-30,0.8377618193626404,0.04044998437166214,0.653061224489796,1.7875057458877563,1.2750817546401239,13.880000114440918,0.03000000000000025,0.005774247736830773,0.4931417156558491,False,False,False,False,True
2023-08-31,0.5397559404373169,0.019532686099410057,0.3076923076923077,1.7858284711837769,0.8215138667143413,13.56999969482422,0.05000000000000071,0.024205466734826153,0.5300412429067805,False,False,False,False,True
2023-09-01,0.6466671228408813,0.02404765784740448,0.21621621621621623,1.7852469682693481,0.984233741145356,13.09000015258789,0.020000000000000462,0.022698761459047923,0.8710172593714502,False,False,False,False,True
2023-09-04,0.6000887155532837,0.02104067988693714,0.21621621621621623,1.785068154335022,0.913340945699275,13.09000015258789,0.0,0.0,0.3454100310887497,False,False,False,False,True
2023-09-05,0.8332375288009644,0.039603572338819504,0.4285714285714286,1.7845306396484375,1.268195739767457,14.010000228881836,0.07000000000000028,0.013237529032624096,0.881679614329318,False,True,False,False,False
2023-09-06,0.7819302678108215,0.03476564586162567,0.35,1.7860190868377686,1.1901055823300344,14.449999809265137,0.0699999999999994,0.009757277178098711,0.7181633498539574,False,True,False,False,True
2023-09-07,0.5145599246025085,0.015809906646609306,0.16666666666666663,1.7855521440505981,0.7831652820234926,14.399999618530272,0.0699999999999994,0.007683062332156432,0.6532848357006927,False,True,False,False,True
2023-09-08,0.5566796064376831,0.018745018169283867,0.05882352941176472,1.7845745086669922,0.8472718533400716,13.84000015258789,0.040000000000000036,0.0073403170700308,0.46050697530583523,False,False,False,False,True
2023-09-11,0.36315229535102844,0.008717278018593788,0.21621621621621623,1.7848049402236938,0.5527213764767415,13.800000190734863,0.010000000000000675,0.0025171777234120896,0.6003071242418554,False,False,False,False,True
2023-09-12,0.3651699423789978,0.009625067934393883,0.3076923076923077,1.7846920490264893,0.5557922551599271,14.229999542236328,0.010000000000000675,0.01760103856922335,0.5240163377678003,False,False,False,False,True
2023-09-13,0.5141099691390991,0.015891142189502716,0.16666666666666663,1.784184217453003,0.7824804453688089,13.479999542236328,0.020000000000000462,0.0036084805448579615,0.3436521586788683,False,False,False,False,True
2023-09-14,0.5685694217681885,0.01898358017206192,0.11428571428571432,1.784490942955017,0.8653682695810286,12.81999969482422,0.040000000000000036,0.018357433089449593,0.7453379486573747,False,False,False,False,True
2023-09-15,0.7305449843406677,0.031237076967954636,0.21621621621621623,1.7860735654830933,1.1118966739082456,13.789999961853027,0.019999999999999574,0.006742887206266701,0.7607139502530025,False,False,False,False,True
2023-09-18,0.7522966265678406,0.03362071514129639,0.26315789473684215,1.784618854522705,1.1450028879852114,14.0,0.03000000000000025,0.007791608294717811,0.3027555227319212,False,False,False,False,True
2023-09-19,0.6837204694747925,0.028272248804569244,0.21621621621621623,1.7845886945724487,1.0406293002998666,14.109999656677246,0.03000000000000025,0.003065542232370433,0.39337717183091525,False,False,False,False,True
2023-09-20,0.5140220522880554,0.016397953033447266,0.21621621621621623,1.7827163934707642,0.7823466350541104,15.140000343322754,0.040000000000000036,0.01013892518999615,0.7140662369395125,False,False,False,False,True
2023-09-21,0.5962762832641602,0.022712843492627144,0.3076923076923077,1.7808685302734375,0.907538386140807,17.540000915527344,0.0,0.007225883702320246,1.2815458296528517,False,False,False,False,True
2023-09-22,0.7416819334030151,0.03558512032032013,0.26315789473684215,1.7817639112472534,1.1288472202610973,17.200000762939453,0.020000000000000462,0.004452879835824319,0.5279527278070484,False,False,False,False,True
2023-09-25,0.7367685437202454,0.03379843756556511,0.3902439024390244,1.7830952405929565,1.1213689926871753,16.899999618530273,0.009999999999999787,0.0038951523946915145,0.643361105502444,False,False,False,False,True
2023-09-26,1.0906156301498413,0.06633999198675156,0.625,1.7830753326416016,1.6599277493779496,18.940000534057617,0.04999999999999982,0.007885852891051037,0.8778646624960476,False,False,False,False,False
2023-09-27,0.3482157289981842,0.013697574846446514,0.5,1.7810131311416626,0.5299877751197678,18.21999931335449,0.05999999999999961,0.03575108748920641,0.9259686456997941,False,False,False,False,True
2023-09-28,0.6646786332130432,0.02924521267414093,0.3076923076923077,1.7821407318115234,1.0116474376379072,17.34000015258789,0.05999999999999961,0.02125330795910152,0.8343144801277212,False,False,False,False,True
2023-09-29,0.6431306004524231,0.028317766264081,0.4651162790697675,1.787503719329834,0.9788511191778975,17.520000457763672,0.009999999999999787,0.010082257120324734,0.42684578794787886,False,False,False,False,True
2023-10-01,0.48876163363456726,0.015657739713788033,0.35,1.78574800491333,0.7439000286378165,17.520000457763672,0.0,0.0,0.0,False,False,False,False,True
2023-10-02,0.7984752058982849,0.03686579689383507,0.16666666666666663,1.7847956418991089,1.2152871413357011,17.610000610351562,0.08999999999999986,0.021937311039610385,1.1082757795153397,False,True,False,False,False
2023-10-03,0.6396287083625793,0.02383815310895443,0.26315789473684215,1.785886287689209,0.9735212048666014,19.780000686645508,0.03000000000000025,0.004605497105124812,0.9380320595830839,False,False,False,False,True
2023-10-04,0.5263254642486572,0.016844037920236588,0.4285714285714286,1.7868144512176514,0.8010725494467233,18.57999992370605,0.10000000000000053,0.05778490630519073,1.1369948825191938,False,True,True,False,False
2023-10-05,0.6593686938285828,0.025536729022860527,0.3076923076923077,1.7860556840896606,1.0035656575055523,18.489999771118164,0.019999999999999574,0.02293985990456182,0.37166441043819404,False,False,False,False,True
2023-10-06,0.5295343995094299,0.018365606665611267,0.4285714285714286,1.7869791984558105,0.805956580573787,17.450000762939453,0.04999999999999982,0.0058147148857052855,0.9448989823936985,False,False,False,False,True
2023-10-09,0.6252830624580383,0.024259690195322037,0.35,1.7870646715164185,0.951686990262116,17.700000762939453,0.0,0.042448843526906366,0.6969265429011997,False,False,True,False,False
2023-10-10,0.5559773445129395,0.021970169618725777,0.5957446808510638,1.7855263948440552,0.8462030037619178,17.030000686645508,0.1200000000000001,0.004757723350522269,1.1175303014553772,False,True,False,False,False
2023-10-11,0.9645240902900696,0.052083820104599,0.5652173913043479,1.7815349102020264,1.4680151816603253,16.09000015258789,0.03000000000000025,0.02927157376628209,0.766385268938247,False,False,False,False,True
2023-10-12,0.552736759185791,0.019377898424863815,0.11428571428571432,1.784613847732544,0.8412708009215627,16.690000534057617,0.0699999999999994,0.00697111232142511,0.9100194717710731,False,True,False,False,False
2023-10-13,0.6745249629020691,0.027524735778570175,0.26315789473684215,1.78471839427948,1.026633648570986,19.31999969482422,0.019999999999999574,0.05605216933477308,1.4335824520368485,False,False,True,False,False
2023-10-16,0.7645649313926697,0.034971933811903,0.26315789473684215,1.784244418144226,1.1636753689708024,17.209999084472656,0.04999999999999982,0.011815437062472789,0.8597154238574249,False,False,False,False,True
2023-10-17,0.7126405239105225,0.03088582307100296,0.3076923076923077,1.784809947013855,1.0846459084836255,17.8799991607666,0.10000000000000053,0.0,0.8643382493478498,False,True,False,False,False
2023-10-18,0.5524091720581055,0.01860515959560871,0.21621621621621623,1.7857998609542847,0.8407722100811678,19.21999931335449,0.0,0.018974120503322922,0.8868527285150605,False,False,False,False,True
2023-10-19,0.8327292203903198,0.04062006250023842,0.35,1.7859524488449097,1.2674220893513566,21.39999961853028,0.05000000000000071,0.011818507052563376,1.022825868699044,False,False,False,False,True
2023-10-20,0.652999222278595,0.025847896933555603,0.4285714285714286,1.786007046699524,0.9938712589636521,21.709999084472656,0.0699999999999994,0.006961657770482077,1.0011655670688357,False,True,False,False,False
2023-10-23,0.8570947647094727,0.0422244668006897,0.11428571428571432,1.7838654518127441,1.3045066882017353,20.3700008392334,0.020000000000000462,0.037424043305457566,1.0389183165114457,False,False,True,False,False
2023-10-24,0.8633161187171936,0.041895970702171326,0.4285714285714286,1.7845698595046997,1.3139756503829403,18.96999931335449,0.03000000000000025,0.020682649969345768,0.6937116236485659,False,False,False,False,False
2023-10-25,0.7469156980514526,0.03142359107732773,0.5,1.786779761314392,1.136813061693666,20.190000534057617,0.0600000000000005,0.019512255690981917,1.2158630239045842,False,True,False,False,False
2023-10-26,0.8215670585632324,0.03902435302734375,0.5333333333333333,1.7892006635665894,1.2504331689218153,20.68000030517578,0.0600000000000005,0.0258614688619776,0.9358421387846931,False,True,False,False,False
2023-10-27,0.6320815682411194,0.024701662361621857,0.5,1.7880316972732544,0.9620343831397444,21.270000457763672,0.02999999999999936,0.02761659159195151,0.6250452964929827,False,False,False,False,True
2023-10-30,0.544192373752594,0.01898104138672352,0.4651162790697675,1.7874095439910889,0.8282661619911672,19.75,0.040000000000000036,0.038491536178239194,0.789149670320201,False,False,True,False,False
2023-10-31,0.6729145050048828,0.02595219761133194,0.35,1.787889003753662,1.024182515762283,18.13999938964844,0.040000000000000036,0.015796580982288866,0.5096804097243984,False,False,False,False,True
2023-11-01,0.6213465929031372,0.022409604862332344,0.3076923076923077,1.7872809171676636,0.9456956447613514,16.8700008392334,0.1200000000000001,0.007184401086049341,1.0340541834050756,False,True,False,False,False
2023-11-02,0.7493274807929993,0.03279498964548111,0.21621621621621623,1.785078763961792,1.1404838188215591,15.65999984741211,0.03000000000000025,0.024801720920969217,1.118396985467126,False,False,False,False,True
2023-11-03,0.6450514793395996,0.02549671195447445,0.35,1.7851696014404297,0.9817747157960575,14.90999984741211,0.15000000000000036,0.023931889330452094,1.196550742921287,False,True,False,False,False
2023-11-06,0.4780788719654083,0.014942366629838943,0.3076923076923077,1.7844771146774292,0.7276407599785256,14.890000343322754,0.09999999999999964,0.0038430290287170266,0.884353444073931,False,True,False,False,False
2023-11-07,0.5881367921829224,0.021949006244540215,0.5,1.7876118421554565,0.8951500004088835,14.8100004196167,0.019999999999999574,0.04362531181365625,0.8482148075696234,False,False,True,False,False
2023-11-08,0.766386091709137,0.03607795014977455,0.5333333333333333,1.7821540832519531,1.1664471929404943,14.449999809265137,0.019999999999999574,0.026720657915963564,0.6686282878318202,False,False,False,False,True
2023-11-09,0.7851844429969788,0.0369812473654747,0.16666666666666663,1.7878379821777344,1.195058469069882,15.289999961853027,0.10000000000000053,0.005427908124148395,0.9683412551690969,False,True,False,False,False
2023-11-10,0.6990333795547485,0.027787208557128906,0.21621621621621623,1.7874630689620972,1.0639357005226069,14.170000076293944,0.009999999999999787,0.018704362473102698,0.8676753985843385,False,False,False,False,True
2023-11-13,0.650244951248169,0.025601515546441078,0.26315789473684215,1.7852410078048706,0.9896792312810085,14.760000228881836,0.020000000000000462,0.014025887336881482,0.5247457561067669,False,False,False,False,True
2023-11-14,0.47892430424690247,0.014094313606619835,0.11428571428571432,1.7853329181671143,0.7289275162522086,14.15999984741211,0.21999999999999975,0.0,1.7790744181127438,False,True,False,True,False
2023-11-15,0.5201168060302734,0.016305629163980484,0.11428571428571432,1.786514163017273,0.7916229103821495,14.18000030517578,0.10000000000000053,0.020656536355641464,1.0059641308144718,False,True,False,False,False
2023-11-16,0.6884492039680481,0.026681777089834213,0.16666666666666663,1.7874783277511597,1.0478264808534932,14.31999969482422,0.07000000000000028,0.050291447777469855,1.0575047406421,False,True,True,False,False
2023-11-17,0.6929218769073486,0.027684250846505165,0.26315789473684215,1.7858277559280396,1.054633933195632,13.800000190734863,0.04999999999999982,0.04019625542750305,0.5503755511224385,False,False,True,False,True
2023-11-20,0.6478101015090942,0.025652926415205002,0.26315789473684215,1.7846821546554565,0.985973365955293,13.40999984741211,0.009999999999999787,0.022282492152545963,0.5941519465251446,False,False,False,False,True
2023-11-21,0.5837992429733276,0.019990867003798485,0.16666666666666663,1.7859207391738892,0.8885482077165218,13.350000381469728,0.02999999999999936,0.0021883020161750366,0.3263905309435463,False,False,False,False,True
2023-11-22,0.6753575801849365,0.0265975221991539,0.16666666666666663,1.7852238416671753,1.027900900290323,12.850000381469728,0.02999999999999936,0.008652448763583287,0.48013698024920376,False,False,False,False,True
2023-11-23,0.573006272315979,0.020096275955438614,0.11428571428571432,1.7861396074295044,0.8721211998898565,12.850000381469728,0.0,0.0,0.17712504128151738,False,False,False,False,True
2023-11-24,0.48307839035987854,0.015095138922333717,0.3076923076923077,1.7864067554473877,0.7352500763014234,12.460000038146973,0.03000000000000025,0.02044093137429659,0.605036444729227,False,False,False,False,True
2023-11-27,1.113518238067627,0.07061649113893509,0.6799999999999999,1.7808483839035034,1.6947857445917467,12.6899995803833,0.08000000000000007,0.009042618774556921,0.836607447732925,False,True,False,False,False
2023-11-28,0.508054792881012,0.01832079328596592,0.35,1.7828384637832642,0.7732644073620984,12.6899995803833,0.10999999999999943,0.02049391495704711,0.9730778214419379,False,True,False,False,False
2023-11-29,0.6483721137046814,0.02599356323480606,0.3902439024390244,1.7844303846359253,0.9868287540619312,12.979999542236328,0.09000000000000075,0.018798724434829772,0.7501265502138917,False,True,False,False,False
2023-11-30,0.7520922422409058,0.03459611535072327,0.4651162790697675,1.7841302156448364,1.144691813023109,12.920000076293944,0.09000000000000075,0.02470547613007046,0.9146265580451796,False,True,False,False,False
2023-12-01,0.5158804655075073,0.016075821593403816,0.11428571428571432,1.7830532789230347,0.7851751583096915,12.630000114440918,0.17000000000000082,0.02519628598623136,1.5442284686541803,False,True,False,True,False
2023-12-04,0.9512416124343872,0.05063532665371895,0.5652173913043479,1.7852448225021362,1.4477991193156878,13.079999923706056,0.08000000000000007,0.01400333908378304,1.1572618962089296,False,True,False,False,False
2023-12-05,0.6172975301742554,0.024291926994919777,0.35,1.786624789237976,0.9395329313389152,12.850000381469728,0.0699999999999994,0.00990653695719157,0.9869774046738997,False,True,False,False,False
2023-12-06,0.8401718139648438,0.0398370698094368,0.35,1.7856147289276123,1.2787497902022942,12.970000267028809,0.02999999999999936,0.041502109910038776,0.7577831441226788,False,False,True,False,False
2023-12-07,0.602702260017395,0.021968042477965355,0.26315789473684215,1.7854756116867065,0.9173187861595438,13.0600004196167,0.019999999999999574,0.0005767145110153749,0.4302471119337873,False,False,False,False,True
2023-12-08,0.6828455924987793,0.027708739042282104,0.11428571428571432,1.7860019207000732,1.0392977289106167,12.350000381469728,0.1299999999999999,0.026892237675278707,1.3294695608068758,False,True,False,False,False
2023-12-11,0.6752274036407471,0.027243750169873238,0.16666666666666663,1.7864928245544434,1.027702770305712,12.630000114440918,0.0,0.001262663597626279,0.43558719444628624,False,False,False,False,True
2023-12-12,0.649327278137207,0.0248905997723341,0.16666666666666663,1.787455677986145,0.9882825237521293,12.06999969482422,0.020000000000000462,0.038738483117218614,0.603017416772449,False,False,True,False,True
2023-12-13,0.6778770685195923,0.028018640354275703,0.21621621621621623,1.7852294445037842,1.0317355863935789,12.1899995803833,0.27000000000000046,0.012456716677692548,1.7340924236059374,False,True,False,True,False
2023-12-14,0.7121352553367615,0.029504194855690002,0.16666666666666663,1.7872872352600098,1.0838768847292537,12.479999542236328,0.08999999999999986,0.029920708641966165,1.5132009772405528,False,True,False,True,False
2023-12-15,0.6848920583724976,0.027562232688069344,0.21621621621621623,1.784807562828064,1.0424124701613664,12.279999732971191,0.07000000000000028,0.0020977774791575143,0.4237832613188101,False,True,False,False,True
2023-12-18,0.635432243347168,0.023865893483161926,0.11428571428571432,1.7865647077560425,0.9671341437097591,12.5600004196167,0.010000000000000675,0.014454746526187279,0.4344911939051647,False,False,False,False,True
2023-12-19,0.5996338129043579,0.021610358729958534,0.16666666666666663,1.7862625122070312,0.9126485793794252,12.529999732971191,0.019999999999999574,0.013296079590339183,0.5472222877173579,False,False,False,False,True
2023-12-20,0.5587068796157837,0.01885378174483776,0.21621621621621623,1.7855796813964844,0.850357383118731,13.670000076293944,0.07000000000000028,0.010564892523759362,0.8329363196183389,False,True,False,False,False
2023-12-21,0.48060375452041626,0.01399289071559906,0.21621621621621623,1.785994052886963,0.7314836561383782,13.649999618530272,0.009999999999999787,0.004456179539259253,0.3591011054452452,False,False,False,False,True
2023-12-22,0.6009384989738464,0.022165969014167786,0.26315789473684215,1.7861735820770264,0.9146343244495498,13.029999732971191,0.020000000000000462,0.004476125993481794,0.38499533879839454,False,False,False,False,True
2023-12-25,0.6005832552909851,0.020970143377780914,0.16666666666666663,1.7862025499343872,0.9140936400593108,13.029999732971191,0.0,0.0,0.01413360522950431,False,False,False,False,True
2023-12-26,0.7184443473815918,0.0331643708050251,0.4285714285714286,1.785089373588562,1.0934793850685847,12.989999771118164,0.04999999999999982,0.026958008447507176,0.4747533961904344,False,False,False,False,True
2023-12-27,0.5646933913230896,0.021608972921967506,0.26315789473684215,1.7850383520126343,0.8594689130016906,12.43000030517578,0.05999999999999961,0.019508890795290057,0.9823890667889409,False,False,False,False,False
2023-12-28,0.5814034342765808,0.022802984341979027,0.3076923076923077,1.7856215238571167,0.8849017632424181,12.470000267028809,0.05999999999999961,0.032083969530532386,0.897742659985145,False,False,False,False,True
2023-12-29,0.7103548049926758,0.03180692717432976,0.3076923076923077,1.786232829093933,1.0811670217391816,12.449999809265137,0.02999999999999936,0.0016733390980192553,0.4173444188560699,False,False,False,False,True
2024-01-01,0.8217101097106934,0.03965403512120247,0.3902439024390244,1.7814310789108276,1.2506508941796297,12.449999809265137,0.0,0.0,0.0,False,False,False,False,True
2024-01-02,0.5690627098083496,0.020183397457003593,0.3076923076923077,1.7847529649734497,0.8661190588450586,13.199999809265137,0.09999999999999964,0.017884082702065207,0.8873141142197954,False,True,False,False,False
2024-01-03,0.48209115862846375,0.014788758009672165,0.3076923076923077,1.785373568534851,0.7337474998659319,14.039999961853027,0.0,0.03243224969365954,0.8172750313359773,False,False,False,False,True
2024-01-04,0.4748322367668152,0.013964956626296043,0.16666666666666663,1.7847014665603638,0.7226993491741421,14.130000114440918,0.04999999999999982,0.007039776591817315,0.6307059766603543,False,False,False,False,True
2024-01-05,0.7078363299369812,0.02967423014342785,0.16666666666666663,1.785901665687561,1.0773338778565018,13.350000381469728,0.020000000000000462,0.02219262473481276,0.702590435112029,False,False,False,False,True
2024-01-08,0.7841327786445618,0.03566300868988037,0.26315789473684215,1.7858895063400269,1.1934578255495165,13.079999923706056,0.040000000000000036,0.042059056051780175,1.0013247510406431,False,False,True,False,False
2024-01-09,0.22479888796806335,0.003535789903253317,0.05882352941176472,1.785608172416687,0.3421461254101279,12.760000228881836,0.0,0.020558744884156432,0.40069169294197926,False,False,False,False,True
2024-01-10,0.6662403345108032,0.027410391718149185,0.5,1.788417935371399,1.0140243624212384,12.6899995803833,0.009999999999999787,0.012116228070753188,0.44838236930754033,False,False,False,False,True
2024-01-11,0.5873834490776062,0.019962484017014503,0.26315789473684215,1.7885407209396362,0.8940034047699186,12.4399995803833,0.11000000000000032,0.009066160142918278,0.7274218109588395,False,True,False,False,True
2024-01-12,0.5755588412284851,0.022550435736775398,0.3076923076923077,1.7850406169891357,0.8760062349589819,12.699999809265137,0.1200000000000001,0.009122436117268151,0.8820886867370239,False,True,False,False,False
2024-01-15,0.4775596261024475,0.013999690301716328,0.11428571428571432,1.784257411956787,0.7268504626520882,12.699999809265137,0.0,0.0,0.03408099148657686,False,False,False,False,True
2024-01-16,0.6729961037635803,0.02706098183989525,0.16666666666666663,1.7849868535995483,1.0243067098780947,13.84000015258789,0.08000000000000007,0.003859927259520113,1.0513401153380755,False,True,False,False,False
2024-01-17,0.6715400218963623,0.026300253346562386,0.26315789473684215,1.7853869199752808,1.0220905389101167,14.789999961853027,0.1200000000000001,0.002207451692810558,1.0887258504764565,False,True,False,False,False
2024-01-18,0.8283606767654419,0.038451187312603,0.5,1.7853080034255981,1.2607731228531351,14.130000114440918,0.0,0.020731842895027164,0.6147653112588647,False,False,False,False,True
2024-01-19,0.6584617495536804,0.026893220841884613,0.4651162790697675,1.7859127521514893,1.002185279371009,13.300000190734863,0.04999999999999982,0.009085399046793619,0.6968959906545379,False,False,False,False,True
2024-01-22,0.7132097482681274,0.029620211571455002,0.4285714285714286,1.7859286069869995,1.085512273572012,13.1899995803833,0.019999999999999574,0.02395805985137134,0.8015003945023876,False,False,False,False,True
2024-01-23,0.4351451098918915,0.011448360048234463,0.21621621621621623,1.7858024835586548,0.662295150507268,12.550000190734863,0.0600000000000005,0.010965604213236446,0.6356706174023881,False,True,False,False,True
2024-01-24,0.5241838693618774,0.01613042503595352,0.0,1.7864855527877808,0.7978130208995272,13.140000343322754,0.03000000000000025,0.00963467369566473,0.8147811109351711,False,False,False,False,True
2024-01-25,0.3155762255191803,0.006932058837264776,0.16666666666666663,1.785605549812317,0.48031012879512,13.449999809265137,0.05999999999999961,0.029782513692604873,1.0194873679131584,False,False,False,False,True
2024-01-26,0.8628624677658081,0.04724961146712303,0.3902439024390244,1.7826460599899292,1.3132851891590964,13.260000228881836,0.05999999999999961,0.00836719194948543,0.3733222192835399,False,False,False,False,True
2024-01-29,0.5462301969528198,0.02209673635661602,0.35,1.7873413562774658,0.8313677490075905,13.600000381469728,0.04999999999999982,0.015892877310340836,0.8006121994884282,False,False,False,False,True
2024-01-30,0.6120725274085999,0.024653136730194092,0.4285714285714286,1.7868210077285767,0.9315804255783876,13.3100004196167,0.07000000000000028,0.013454289960908028,0.776696662158264,False,True,False,False,False
2024-01-31,0.4270246624946594,0.015734700486063957,0.26315789473684215,1.7801506519317627,0.6499357494502911,14.350000381469728,0.09000000000000075,0.0256407779573653,1.2518237162310557,False,True,False,False,False
2024-02-01,0.8496294617652893,0.0434887558221817,0.3902439024390244,1.7848014831542969,1.2931444234661198,13.880000114440918,0.0699999999999994,0.02712799220968254,1.1149025002942745,False,True,False,False,False
2024-02-02,0.6802196502685547,0.027262365445494652,0.11428571428571432,1.7854390144348145,1.035301018928004,13.850000381469728,0.16000000000000014,0.02108224463230446,1.5822687127166677,False,True,False,True,False
2024-02-05,0.6309272646903992,0.024507056921720505,0.21621621621621623,1.783681035041809,0.9602775217468972,13.670000076293944,0.09999999999999964,0.006893726576010728,1.1808824274615857,False,True,False,False,False
2024-02-06,0.5667322278022766,0.0192977637052536,0.3076923076923077,1.7850735187530518,0.86257204223869,13.0600004196167,0.07000000000000028,0.007255816521489322,1.0747430674906024,False,True,False,False,False
2024-02-07,0.6099976301193237,0.023612583056092262,0.4651162790697675,1.7862340211868286,0.9284224114326475,12.829999923706056,0.020000000000000462,0.007474425755050085,0.5757646003413196,False,False,False,False,True
2024-02-08,1.1012983322143555,0.06985500454902649,0.5957446808510638,1.7813550233840942,1.676186927318383,12.789999961853027,0.04999999999999982,0.03145249377319104,0.7617159409169986,False,False,False,False,True
2024-02-09,0.890914261341095,0.04667206481099129,0.4285714285714286,1.78399658203125,1.3559802957467797,12.93000030517578,0.020000000000000462,0.008101378780224877,0.3758172562063051,False,False,False,False,True
2024-02-12,0.6034759879112244,0.02154817245900631,0.3076923076923077,1.7848663330078125,0.9184964076477473,13.93000030517578,0.020000000000000462,0.0010406066744543807,0.3633173381925225,False,False,False,False,True
2024-02-13,0.6057207584381104,0.020976826548576355,0.21621621621621623,1.7854317426681519,0.921912970537142,15.850000381469728,0.17999999999999972,0.012274907944354041,1.5572049169893367,False,True,False,True,False
2024-02-14,0.6400301456451416,0.024036549031734467,0.26315789473684215,1.7841228246688843,0.974132196371343,14.380000114440918,0.08000000000000007,0.015921679161541746,0.8305885800077357,False,True,False,False,False
2024-02-15,0.42345088720321655,0.011670354753732681,0.16666666666666663,1.7854267358779907,0.6444964281969433,14.010000228881836,0.0,0.017974226785918646,0.5580239392681219,False,False,False,False,True
2024-02-16,0.5262026786804199,0.016529126092791557,0.16666666666666663,1.785390019416809,0.8008856686004326,14.239999771118164,0.08000000000000007,0.014756706567403022,0.8559883407093929,False,True,False,False,False
2024-02-19,0.3044869601726532,0.006082605570554733,0.11428571428571432,1.784879207611084,0.46343215752820666,14.239999771118164,0.0,0.0,0.15779512021741218,False,False,False,False,True
2024-02-20,0.4714473485946655,0.013502863235771656,0.26315789473684215,1.7854026556015015,0.7175475159799668,15.420000076293944,0.04999999999999982,0.01283619478373943,0.6823550532359767,False,False,False,False,True
2024-02-21,0.6697725653648376,0.02573442831635475,0.26315789473684215,1.784983515739441,1.0194004526309626,15.34000015258789,0.04999999999999982,0.003459502921188573,0.6380049216855578,False,False,False,False,True
2024-02-22,0.5991349220275879,0.022189952433109283,0.4651162790697675,1.786670207977295,0.9118892625427977,14.539999961853027,0.05000000000000071,0.008944564222842288,0.8031265888828236,False,False,False,False,True
2024-02-23,0.6382935643196106,0.02429354377090931,0.21621621621621623,1.7855792045593262,0.9714891024603338,13.75,0.020000000000000462,0.027338940164422176,0.7564191312356867,False,False,False,False,True
2024-02-26,0.734714150428772,0.03170371428132057,0.21621621621621623,1.7850189208984375,1.1182421858283884,13.739999771118164,0.020000000000000462,0.014149700208427873,0.65516543954167,False,False,False,False,True
2024-02-27,0.6266107559204102,0.02368486113846302,0.3902439024390244,1.7865809202194214,0.9537077528112057,13.43000030517578,0.009999999999999787,0.016491276620095974,0.452596262840643,False,False,False,False,True
2024-02-28,0.5238734483718872,0.016936102882027626,0.35,1.7869070768356323,0.79734055709007,13.84000015258789,0.0600000000000005,0.0041929014273733856,0.652849180628258,False,True,False,False,True
2024-02-29,0.4284559488296509,0.013043537735939026,0.26315789473684215,1.7832679748535156,0.6521141813735813,13.399999618530272,0.0,0.0035714167278451114,0.49118934189560826,False,False,False,False,True
2024-03-01,0.5248571038246155,0.017754297703504562,0.16666666666666663,1.7853182554244995,0.7988376903941161,13.109999656677246,0.09999999999999964,0.02161493552946414,1.1536771136414568,False,True,False,False,False
2024-03-04,0.42853522300720215,0.011347062885761261,0.16666666666666663,1.7865633964538574,0.6522348374539535,13.489999771118164,0.07000000000000028,0.015500321222901015,0.8466459753704911,False,True,False,False,False
2024-03-05,0.6050671339035034,0.021366389468312263,0.21621621621621623,1.78704035282135,0.9209181475466451,14.460000038146973,0.07000000000000028,0.007521181992922621,0.9128381772580921,False,True,False,False,False
2024-03-06,0.4345919191837311,0.011921018362045288,0.35,1.7865928411483765,0.6614531887915283,14.5,0.009999999999999787,0.012461958518869665,0.47490848357551724,False,False,False,False,True
2024-03-07,0.5663958191871643,0.01948102004826069,0.05882352941176472,1.7839759588241577,0.8620600250073965,14.4399995803833,0.04999999999999982,0.002530647324635815,0.5737653895362145,False,False,False,False,True
2024-03-08,0.648709237575531,0.025211015716195107,0.3076923076923077,1.786096453666687,0.9873418599195137,14.739999771118164,0.019999999999999574,0.011724336602441099,0.5215933977492188,False,False,False,False,True
2024-03-11,0.7596338391304016,0.033228132873773575,0.3076923076923077,1.7859247922897339,1.1561701978962258,15.220000267028809,0.02999999999999936,0.0010260592127862012,0.5297027291865247,False,False,False,False,True
2024-03-12,0.3688371181488037,0.0089943315833807,0.11428571428571432,1.7853394746780396,0.5613737328628563,13.84000015258789,0.07000000000000028,0.004759192874690399,0.8529683989636239,False,True,False,False,False
2024-03-13,0.4868682622909546,0.015209962613880634,0.21621621621621623,1.7869209051132202,0.741018298772357,13.75,0.03000000000000025,0.027468711760172404,0.8481900860006958,False,False,False,False,True
2024-03-14,0.575745701789856,0.019760072231292725,0.11428571428571432,1.7854396104812622,0.8762906385770018,14.399999618530272,0.0699999999999994,0.01913340619143611,0.8425435722250302,False,True,False,False,False
2024-03-15,0.6046391725540161,0.021514708176255226,0.21621621621621623,1.785451054573059,0.9202667861503504,14.40999984741211,0.040000000000000036,0.002711045610756635,0.586983651935043,False,False,False,False,True
2024-03-18,0.8648244142532349,0.043878406286239624,0.35,1.7858809232711792,1.3162712910700207,14.329999923706056,0.010000000000000675,0.02051855427951299,0.5131291323758647,False,False,False,False,True
2024-03-19,0.6637496948242188,0.028718050569295883,0.11428571428571432,1.783171534538269,1.0102335842449752,13.81999969482422,0.05000000000000071,0.009025874969929681,0.8069009684386488,False,False,False,False,True
2024-03-20,0.5227433443069458,0.01838129200041294,0.16666666666666663,1.7860081195831299,0.7956205275533365,13.039999961853027,0.08999999999999986,0.02167812289445159,0.7649012374833934,False,True,False,False,False
2024-03-21,0.473883718252182,0.014031932689249516,0.11428571428571432,1.7857508659362793,0.7212556946365467,12.920000076293944,0.03000000000000025,0.007496202357380355,0.44152769089815186,False,False,False,False,True
2024-03-22,0.3743574619293213,0.008808703161776066,0.0,1.7859588861465454,0.5697757505619132,13.0600004196167,0.03000000000000025,0.005442220602357217,0.7594581161070921,False,False,False,False,True
2024-03-25,0.3014513850212097,0.007366784382611513,0.11428571428571432,1.7865185737609863,0.45881198219795677,13.1899995803833,0.04999999999999982,0.01623851331766346,0.7446309195746545,False,False,False,False,True
2024-03-26,0.8631288409233093,0.044546931982040405,0.5652173913043479,1.7863942384719849,1.3136906117329183,13.239999771118164,0.019999999999999574,0.004034904322067767,0.2735972889098948,False,False,False,False,True
2024-03-27,0.5487408638000488,0.020429596304893494,0.5,1.7859691381454468,0.8351890087199477,12.779999732971191,0.019999999999999574,0.003313548720420556,0.5604263016992792,False,False,False,False,True
2024-03-28,0.7196165919303894,0.03334641084074974,0.3076923076923077,1.7846230268478394,1.095263552837516,13.010000228881836,0.04999999999999982,0.022125868956703876,0.6739823972247285,False,False,False,False,True
2024-03-29,0.41890907287597656,0.012099429033696651,0.26315789473684215,1.7847858667373657,0.6375837419801942,13.010000228881836,0.0,0.0,0.1029133016366047,False,False,False,False,True
2024-04-01,0.5644941926002502,0.019079670310020447,0.26315789473684215,1.7855316400527954,0.8591657305801841,13.649999618530272,0.1299999999999999,0.0064717498702835385,1.1750996311865398,False,True,False,False,False
2024-04-02,0.47614729404449463,0.014141585677862167,0.21621621621621623,1.7840014696121216,0.7247008793254582,14.609999656677246,0.019999999999999574,0.017055991293518424,0.6802279968639158,False,False,False,False,True
2024-04-03,0.705704391002655,0.02928239479660988,0.21621621621621623,1.784491777420044,1.0740890457642083,14.329999923706056,0.020000000000000462,0.00328290570716927,0.6656177700578684,False,False,False,False,True
2024-04-04,0.7721730470657349,0.03407472372055054,0.4651162790697675,1.7865008115768433,1.1752549960888028,16.350000381469727,0.02999999999999936,0.013486962431429106,0.7832951329047646,False,False,False,False,True
2024-04-05,0.9813753366470337,0.055202532559633255,0.625,1.7844349145889282,1.493662944874287,16.030000686645508,0.08000000000000007,0.003688849418979956,0.8776442692935549,False,True,False,False,False
2024-04-08,0.6894504427909851,0.03013165481388569,0.5,1.7869528532028198,1.049350376220479,15.1899995803833,0.04999999999999982,0.0055383012907208595,0.5776830472080161,False,False,False,False,True
2024-04-09,0.783464252948761,0.03640799969434738,0.3902439024390244,1.786329746246338,1.192440322844664,14.979999542236328,0.040000000000000036,0.013981317374481605,0.5640936663508066,False,False,False,False,True
2024-04-10,0.6089396476745605,0.02430579625070095,0.3902439024390244,1.7868305444717407,0.9268121517133953,15.800000190734863,0.22999999999999954,0.01143264568113267,1.7147255424139523,False,True,False,True,False
2024-04-11,0.4328925907611847,0.01390797272324562,0.3902439024390244,1.7858901023864746,0.6588667941664083,14.90999984741211,0.040000000000000036,0.013899686155501634,0.6380663906635333,False,False,False,False,True
2024-04-12,0.7086833715438843,0.029172679409384727,0.21621621621621623,1.7850525379180908,1.0786230835393353,17.309999465942383,0.04999999999999982,0.007499531492312528,0.8374277754902817,False,False,False,False,True
2024-04-15,0.6337301731109619,0.02357807569205761,0.16666666666666663,1.7859805822372437,0.9645435760171976,19.229999542236328,0.04999999999999982,0.0029227821040329616,1.2576980081733564,False,False,False,False,True
2024-04-16,0.7003328204154968,0.028920559212565422,0.21621621621621623,1.7847332954406738,1.0659134623332782,18.39999961853028,0.040000000000000036,0.0005856186910557781,0.8838938032273239,False,False,False,False,True
2024-04-17,0.4023559093475342,0.010697705671191216,0.05882352941176472,1.7839127779006958,0.6123896637722032,18.209999084472656,0.040000000000000036,0.03177890888493984,1.0091822347862667,False,False,False,False,True
2024-04-18,0.6003093719482422,0.021598462015390396,0.26315789473684215,1.7855678796768188,0.9136767869094536,18.0,0.05000000000000071,0.00048362852018968283,0.6562261736739137,False,False,False,False,True
2024-04-19,0.6755368113517761,0.027421973645687103,0.3076923076923077,1.7839893102645874,1.028173691894593,18.709999084472656,0.010000000000000675,0.004943592704170108,0.6437675796690155,False,False,False,False,True
2024-04-22,0.3651565611362457,0.008791058324277401,0.21621621621621623,1.785122275352478,0.5557718887764358,16.940000534057617,0.0,0.0034942010280367697,0.7734443449083074,False,False,False,False,True
2024-04-23,0.4741622507572174,0.014541623182594776,0.21621621621621623,1.7827873229980469,0.7216796238572828,15.6899995803833,0.10999999999999943,0.006136859871728184,0.8138700192296295,False,True,False,False,False
2024-04-24,0.8442206382751465,0.041566453874111176,0.4285714285714286,1.7872775793075562,1.2849121407493005,15.970000267028809,0.02999999999999936,0.006619787763345819,0.4771877530026541,False,False,False,False,True
2024-04-25,1.0344736576080322,0.0586271695792675,0.5957446808510638,1.7840182781219482,1.574479113258403,15.369999885559082,0.07000000000000028,0.009135802798019732,0.7712553080150767,False,True,False,False,False
2024-04-26,0.7073414325714111,0.03115241602063179,0.3076923076923077,1.7829499244689941,1.0765806391833215,15.029999732971191,0.0,0.0033448697098901192,0.5743475777452425,False,False,False,False,True
2024-04-29,0.5566881895065308,0.019356485456228256,0.3076923076923077,1.7844085693359375,0.8472849168555404,14.670000076293944,0.009999999999999787,0.014656692597929677,0.6693829774069014,False,False,False,False,True
2024-04-30,0.47679203748703003,0.014457637444138527,0.3076923076923077,1.7858723402023315,0.7256821852061992,15.649999618530272,0.07000000000000028,0.008507549595007546,1.3216884759043355,False,True,False,False,False
2024-05-01,0.37013310194015503,0.00866890698671341,0.21621621621621623,1.7861175537109375,0.5633462329797971,15.390000343322754,0.08000000000000007,0.036417375411537556,0.9700929722756728,False,True,True,False,False
2024-05-02,0.6447542309761047,0.024126335978507996,0.16666666666666663,1.7857766151428223,0.9813223008540907,14.68000030517578,0.08999999999999986,0.000633150419681705,0.654194479729907,False,True,False,False,True
2024-05-03,0.6051071882247925,0.021575773134827614,0.05882352941176472,1.7856593132019043,0.9209791106188332,13.489999771118164,0.0600000000000005,0.010696604611133864,0.8502241606978314,False,True,False,False,False
2024-05-06,0.5305374264717102,0.01741797849535942,0.21621621621621623,1.7860709428787231,0.8074831975064956,13.489999771118164,0.010000000000000675,0.004725760595284179,0.6965231967757398,False,False,False,False,True
2024-05-07,0.5638765096664429,0.01870398223400116,0.11428571428571432,1.7853015661239624,0.858225611060713,13.229999542236328,0.0,0.0012751003018784957,0.274787833935198,False,False,False,False,True
2024-05-08,0.4553331434726715,0.012653202749788761,0.0,1.7855347394943237,0.6930215367974649,13.0,0.019999999999999574,0.00775247740240026,0.4217593229132272,False,False,False,False,True
2024-05-09,0.5139627456665039,0.016284577548503876,0.21621621621621623,1.7841579914093018,0.7822563697909749,12.6899995803833,0.040000000000000036,0.003412379582464986,0.6656583875609734,False,False,False,False,True
2024-05-10,0.6859948039054871,0.027586909011006355,0.11428571428571432,1.7866390943527222,1.044090859742543,12.550000190734863,0.07000000000000028,0.01269697063562969,0.8724796588336162,False,True,False,False,False
2024-05-13,0.6862542033195496,0.026542071253061295,0.16666666666666663,1.7859545946121216,1.0444856682100463,13.600000381469728,0.020000000000000462,0.010929077949739963,0.7066929761270555,False,False,False,False,True
2024-05-14,0.4191598892211914,0.010562805458903313,0.0,1.7861040830612183,0.6379654869322287,13.420000076293944,0.040000000000000036,0.014000560976655585,0.7936293674134096,False,False,False,False,True
2024-05-15,0.3752077519893646,0.008641538210213184,0.11428571428571432,1.785436749458313,0.5710699004224761,12.449999809265137,0.07999999999999918,0.007788110021032857,1.1046650995161293,False,True,False,False,False
2024-05-16,0.5191197991371155,0.01616073213517666,0.11428571428571432,1.7865921258926392,0.7901054560540407,12.420000076293944,0.04999999999999982,0.007601786273661482,0.5722015029273595,False,False,False,False,True
2024-05-17,0.6826848387718201,0.026817234233021736,0.26315789473684215,1.7860851287841797,1.039053060152148,11.989999771118164,0.04999999999999982,0.010421265723094209,1.0129823863148717,False,False,False,False,True
2024-05-20,0.7134242057800293,0.028831722214818,0.21621621621621623,1.7856402397155762,1.0858386800210187,12.149999618530272,0.009999999999999787,0.0032527803713788828,0.4029012646785114,False,False,False,False,True
2024-05-21,0.6057332158088684,0.02178049087524414,0.35,1.785780668258667,0.9219319307783433,11.859999656677246,0.0,0.006789927983864352,0.36319188874879627,False,False,False,False,True
2024-05-22,0.37523502111434937,0.00918578915297985,0.3076923076923077,1.7849841117858887,0.5711114042997469,12.289999961853027,0.040000000000000036,0.02155286414589508,1.0443109016584575,False,False,False,False,True
2024-05-23,0.5273309946060181,0.017680920660495758,0.4285714285714286,1.7857913970947266,0.8026029765714436,12.770000457763672,0.04999999999999982,0.009065031477321739,1.04156649564118,False,False,False,False,True
2024-05-24,0.7440147995948792,0.03363630548119545,0.3902439024390244,1.7837947607040405,1.1323978656217626,11.93000030517578,0.019999999999999574,0.010996921124401204,0.5010707417330198,False,False,False,False,True
2024-05-27,0.5219135284423828,0.01767648383975029,0.26315789473684215,1.7850478887557983,0.7943575396202982,11.93000030517578,0.0,0.0,0.1591989898732171,False,False,False,False,True
2024-05-28,0.5618037581443787,0.019868679344654083,0.26315789473684215,1.7851661443710327,0.8550708627938401,12.920000076293944,0.010000000000000675,0.026786756378970544,0.8391391620571881,False,False,False,False,True
2024-05-29,0.4748958945274353,0.013607775792479515,0.05882352941176472,1.7856030464172363,0.7227962369138695,14.279999732971191,0.019999999999999574,0.007544339248005905,0.9117181248522994,False,False,False,False,True
2024-05-30,0.5222765803337097,0.01765032298862934,0.3076923076923077,1.785794734954834,0.7949101081808596,14.470000267028809,0.040000000000000036,0.016800695999504178,0.9716609555461074,False,False,False,False,True
2024-05-31,0.6228320002555847,0.023781780153512955,0.21621621621621623,1.7848129272460938,0.9479564494071814,12.920000076293944,0.03000000000000025,0.011878845804019988,0.7413058678458532,False,False,False,False,True
2024-06-01,0.6203823089599609,0.024120492860674858,0.26315789473684215,1.7847857475280762,0.9442279950859676,12.920000076293944,0.0,0.0,0.0,False,False,False,False,True
2024-06-03,0.7250255346298218,0.0319129154086113,0.5957446808510638,1.7865569591522217,1.1034960169920502,13.109999656677246,0.0699999999999994,0.03664184346355892,1.0734286764990004,False,True,True,False,False
2024-06-04,0.8543658256530762,0.04389554634690285,0.5,1.7842541933059692,1.3003532160334965,13.15999984741211,0.05000000000000071,0.013155424182365927,0.9337385899341454,False,False,False,False,True
2024-06-05,0.7677665948867798,0.0356215164065361,0.35,1.7849764823913574,1.1685483323972603,12.630000114440918,0.04999999999999982,0.011132340007921293,0.9567063295299827,False,False,False,False,True
2024-06-06,0.5740983486175537,0.022636184468865395,0.26315789473684215,1.7795917987823486,0.8737833507955545,12.579999923706056,0.0,0.019784141207532357,0.44226037242818644,False,False,False,False,True
2024-06-07,0.7152710556983948,0.03216691315174103,0.11428571428571432,1.7862231731414795,1.0886496038182598,12.220000267028809,0.15000000000000036,0.0002648169491052954,1.7396467868838736,False,True,False,True,False
2024-06-10,0.7760291695594788,0.0359349250793457,0.21621621621621623,1.7860366106033325,1.1811240525697615,12.739999771118164,0.0,0.028839985781384136,0.4868318984911547,False,False,False,False,True
2024-06-11,0.5200543403625488,0.018062161281704903,0.3902439024390244,1.7863982915878296,0.7915278370195706,12.850000381469728,0.0600000000000005,0.002056074519455109,0.7029918520975613,False,True,False,False,True
2024-06-12,0.4862087368965149,0.016494793817400932,0.3076923076923077,1.7839922904968262,0.7400144946149753,12.039999961853027,0.05999999999999961,0.007672652323998719,1.0728539987395465,False,False,False,False,True
2024-06-13,0.42575541138648987,0.011782021261751652,0.11428571428571432,1.785656452178955,0.6480039367409043,11.9399995803833,0.07000000000000028,0.001527530140252864,0.8249090724893943,False,True,False,False,False
2024-06-14,0.31017956137657166,0.006385155953466892,0.21621621621621623,1.7858397960662842,0.47209635272521505,12.65999984741211,0.009999999999999787,0.0021647146502488113,0.4988588126578058,False,False,False,False,True
2024-06-17,0.5352945327758789,0.01777602545917034,0.26315789473684215,1.7864829301834106,0.8147235602362553,12.75,0.08000000000000007,0.02368173270151175,0.9295946449570481,False,True,False,False,False
2024-06-18,0.3064686954021454,0.007190483156591654,0.21621621621621623,1.7847813367843628,0.46644837809979517,12.300000190734863,0.05999999999999961,0.015318370591335118,0.9786197540137168,False,False,False,False,True
2024-06-19,0.4766228199005127,0.014634388498961926,0.05882352941176472,1.7861205339431763,0.7254246343699763,12.300000190734863,0.0,0.0,0.05550669636731139,False,False,False,False,True
2024-06-20,0.6835248470306396,0.027096563950181007,0.21621621621621623,1.7853320837020874,1.0403315610098054,13.279999732971191,0.009999999999999787,0.007328706088144621,0.5791748954013333,False,False,False,False,True
2024-06-21,0.5251113772392273,0.01734689064323902,0.26315789473684215,1.7849618196487427,0.7992246970398812,13.199999809265137,0.0,0.017679954670203557,0.6635283170300892,False,False,False,False,True
2024-06-24,0.6800606846809387,0.027121614664793015,0.26315789473684215,1.7836092710494995,1.035059071735258,13.329999923706056,0.009999999999999787,0.011086512827385597,0.5256935045633786,False,False,False,False,True
2024-06-25,0.9056479930877686,0.04849403724074364,0.4651162790697675,1.785047173500061,1.378405180831944,12.84000015258789,0.05999999999999961,0.009848601417631109,0.8407245395739652,False,False,False,False,True
2024-06-26,0.6090592741966248,0.021934695541858673,0.26315789473684215,1.784995675086975,0.9269942244602425,12.550000190734863,0.05999999999999961,0.0008656365268331356,0.6643004351961671,False,False,False,False,True
2024-06-27,0.6297973990440369,0.023904835805296898,0.3076923076923077,1.784172534942627,0.9585578550855932,12.239999771118164,0.009999999999999787,0.0103296090759315,0.5364588409394019,False,False,False,False,True
2024-06-28,0.5306569337844849,0.016835223883390427,0.21621621621621623,1.7854365110397339,0.8076650888156279,12.4399995803833,0.009999999999999787,0.0024497433826136117,0.5414419623689637,False,False,False,False,True
2024-07-01,0.5699442625045776,0.02008753828704357,0.35,1.7858786582946777,0.8674607907463396,12.220000267028809,0.05999999999999961,0.022314730893051582,0.9881456097226083,False,False,False,False,True
2024-07-02,0.4276701509952545,0.011116721667349339,0.21621621621621623,1.7859896421432495,0.6509181893167497,12.029999732971191,0.02999999999999936,0.006859641948525841,0.42086223897772607,False,False,False,False,True
2024-07-03,0.608481228351593,0.022343577817082405,0.26315789473684215,1.7867226600646973,0.9261144329809576,12.09000015258789,0.03000000000000025,0.01283837572594937,1.0248040340350515,False,False,False,False,True
2024-07-04,0.6802096962928772,0.026500055566430092,0.11428571428571432,1.785304307937622,1.0352858688788145,12.09000015258789,0.0,0.0,0.2257393689620093,False,False,False,False,True
2024-07-05,0.6653326153755188,0.026003610342741013,0.16666666666666663,1.7844029664993286,1.0126428049415486,12.479999542236328,0.11000000000000032,0.008620666262815213,1.1642689240226858,False,True,False,False,False
2024-07-08,0.621187150478363,0.02312854491174221,0.3902439024390244,1.7864654064178467,0.9454529718177457,12.369999885559082,0.020000000000000462,0.0100309234759548,0.624566715202038,False,False,False,False,True
2024-07-09,0.4868016839027405,0.015400370582938194,0.16666666666666663,1.7872406244277954,0.7409169658086159,12.510000228881836,0.0,0.01123742298134811,0.42529370671158306,False,False,False,False,True
2024-07-10,0.367863267660141,0.009919870644807816,0.3076923076923077,1.7878391742706299,0.5598915228108562,12.850000381469728,0.0,0.008439837303350295,0.5077216331584807,False,False,False,False,True
2024-07-11,0.6413668990135193,0.024586308747529984,0.05882352941176472,1.7863361835479736,0.976166748186761,12.920000076293944,0.1200000000000001,0.006313817339399286,1.3791222999488004,False,True,False,False,False
2024-07-12,0.6878888607025146,0.02844270132482052,0.35,1.7865829467773438,1.0469736328748627,12.460000038146973,0.04999999999999982,0.00497487718457279,0.4863158188879827,False,False,False,False,True
2024-07-15,0.7821442484855652,0.0348653718829155,0.16666666666666663,1.7869668006896973,1.190431263028182,13.119999885559082,0.009999999999999787,0.0036558097911436604,0.5203022371710926,False,False,False,False,True
2024-07-16,0.4806191623210907,0.014335312880575657,0.35,1.7876158952713013,0.7315071069630219,13.1899995803833,0.010000000000000675,0.0141393083402237,0.7976610314599072,False,False,False,False,True
2024-07-17,0.5399199724197388,0.018218904733657837,0.3902439024390244,1.7880111932754517,0.8217635250099684,14.479999542236328,0.009999999999999787,0.02554990555897696,0.7257138386473262,False,False,False,False,True
2024-07-18,0.4269774556159973,0.011895234696567059,0.35,1.787705898284912,0.6498639001152123,15.93000030517578,0.040000000000000036,0.00036215102259085086,0.8432078450406073,False,False,False,False,True
2024-07-19,0.48828959465026855,0.016564005985856056,0.3902439024390244,1.7868824005126953,0.7431815806464577,16.520000457763672,0.03000000000000025,0.03301929291921013,1.0794051896247892,False,False,False,False,True
2024-07-22,0.3115210235118866,0.009250907227396965,0.3902439024390244,1.787608027458191,0.4741380713303694,14.90999984741211,0.009999999999999787,0.004377450337009314,0.5453038517884455,False,False,False,False,True
2024-07-23,0.6230127811431885,0.02394578792154789,0.35,1.7866545915603638,0.9482315997017443,14.720000267028809,0.09999999999999964,0.035987036715088294,0.9697771987667859,False,True,True,False,False
2024-07-24,0.013971651904284954,0.0007527417619712651,0.05882352941176472,1.7862433195114136,0.021264992046176243,18.040000915527344,0.03000000000000025,0.008152711246338207,1.0141389700830488,False,False,False,False,True
2024-07-25,0.41717392206192017,0.010798727162182331,0.05882352941176472,1.786023736000061,0.6349428253217632,18.459999084472656,0.040000000000000036,0.008853621226170283,1.0433668451288796,False,False,False,False,False
2024-07-26,0.9179995656013489,0.05056356266140938,0.4285714285714286,1.7795602083206177,1.3972043960613545,16.389999389648438,0.04999999999999982,0.014410891435045592,0.9175519103211425,False,False,False,False,True
2024-07-29,0.6789014935493469,0.03063427284359932,0.4285714285714286,1.7845244407653809,1.033294771396102,16.600000381469727,0.0,0.017651057634833656,0.30320593416210334,False,False,False,False,False
2024-07-30,0.7768599987030029,0.03706322982907295,0.4285714285714286,1.7871986627578735,1.182388582723376,17.690000534057617,0.010000000000000675,0.014348515000907724,1.0411102104478032,False,False,False,False,True
2024-07-31,0.892329752445221,0.04520159587264061,0.5957446808510638,1.785618543624878,1.3581346871728528,16.360000610351562,0.05999999999999961,0.04167269848409472,1.4811207654326277,False,False,True,False,False
2024-08-01,0.7184212803840637,0.02992093190550804,0.3076923076923077,1.7847644090652466,1.0934442768707622,18.59000015258789,0.1299999999999999,0.020750402038848037,1.5099493107679605,False,True,False,True,False
2024-08-02,0.6728801131248474,0.027564072981476784,0.35,1.7828452587127686,1.0241301709815502,23.38999938964844,0.28000000000000025,0.037246526920984735,2.369846816499922,False,True,True,True,False
2024-08-05,0.5878100991249084,0.021952560171484947,0.3076923076923077,1.7846964597702026,0.8946527703513499,38.56999969482422,0.010000000000000231,0.007920213535323128,2.1551048832984936,True,False,False,True,False
2024-08-06,0.7723186612129211,0.03411109745502472,0.21621621621621623,1.784857988357544,1.1754766222574862,27.709999084472656,0.10000000000000009,0.0035581604246184284,1.7217973601925676,False,True,False,True,False
2024-08-07,0.5602530241012573,0.01891087181866169,0.26315789473684215,1.7852568626403809,0.8527106302802748,27.850000381469727,0.009999999999999787,0.02735475291781775,0.7467692359328343,False,False,False,False,True
2024-08-08,0.5350798964500427,0.016844315454363823,0.11428571428571432,1.7861663103103638,0.8143968816306764,23.790000915527344,0.040000000000000036,0.012680120334173317,1.124555553510678,False,False,False,False,True
2024-08-09,0.6831576824188232,0.027389438822865486,0.3902439024390244,1.7849109172821045,1.039772732848082,20.3700008392334,0.009999999999999787,0.008495037712886067,0.7999392315493911,False,False,False,False,True
2024-08-12,0.5684747099876404,0.0200846865773201,0.35,1.7839725017547607,0.865224117316584,20.709999084472656,0.040000000000000036,0.04105103282825873,0.8874017522012352,False,False,True,False,False
2024-08-13,0.7789711952209473,0.035186879336833954,0.3076923076923077,1.785077691078186,1.1856018446532866,18.1200008392334,0.07999999999999963,0.021590373742851554,1.029852771625575,False,True,False,False,False
2024-08-14,0.6057214140892029,0.022125298157334328,0.26315789473684215,1.7866226434707642,0.9219139684445736,16.190000534057617,0.009999999999999787,0.01764025786340273,0.8631291066996801,False,False,False,False,False
2024-08-15,0.4752339720726013,0.01430545374751091,0.16666666666666663,1.786037564277649,0.7233107942731709,15.229999542236328,0.14000000000000012,0.015212363125069572,1.6128901902204908,False,True,False,True,False
2024-08-16,0.5702782273292542,0.019816257059574127,0.3076923076923077,1.7866768836975098,0.8679690885044788,14.800000190734863,0.020000000000000462,0.01950842936361674,0.7500762855685829,False,False,False,False,True
2024-08-19,0.672773540019989,0.02839742973446846,0.26315789473684215,1.7832856178283691,1.0239679656644785,14.649999618530272,0.0,0.03019695357839325,0.6135314368438343,False,False,False,False,True
2024-08-20,0.7723742127418518,0.03527098149061203,0.21621621621621623,1.7870906591415405,1.1755611722326043,15.880000114440918,0.0699999999999994,0.004447171575921338,0.732454307567867,False,True,False,False,True
2024-08-21,0.6803746223449707,0.026667598634958267,0.16666666666666663,1.786180019378662,1.035536887957303,16.270000457763672,0.07000000000000028,0.028912071948662188,0.8646437603758318,False,True,False,False,False
2024-08-22,0.6735332608222961,0.02658993750810623,0.21621621621621623,1.7863250970840454,1.0251242682211876,17.549999237060547,0.07000000000000028,0.014903019205474877,1.1018023346776755,False,True,False,False,False
2024-08-23,0.5189722180366516,0.016786662861704826,0.11428571428571432,1.7847793102264404,0.7898808361630623,15.859999656677246,0.0900000000000003,0.024622451234376896,1.2084123349471885,False,True,False,False,False
2024-08-26,0.7230267524719238,0.030614593997597694,0.35,1.7867259979248047,1.1004538508272388,16.149999618530273,0.010000000000000231,0.034026222936781814,0.49279165928855445,False,False,False,False,True
2024-08-27,0.7897822856903076,0.035202041268348694,0.3902439024390244,1.785551905632019,1.2020564310126085,15.43000030517578,0.08000000000000007,0.024715209335050226,0.6380563725086978,False,True,False,False,True
2024-08-28,0.526683509349823,0.017534488812088966,0.11428571428571432,1.7846591472625732,0.8016174976232613,17.110000610351562,0.0,0.013462411477556557,0.6449274195584002,False,False,False,False,True
2024-08-29,0.599748432636261,0.023217350244522095,0.26315789473684215,1.7865500450134277,0.912823031742249,15.649999618530272,0.040000000000000036,0.018480975585486448,0.6269662269566874,False,False,False,False,True
2024-08-30,0.7184395790100098,0.030876893550157547,0.21621621621621623,1.7869873046875,1.093472127559991,15.0,0.040000000000000036,0.031582987731720635,0.9172269477780858,False,False,False,False,True
2024-09-01,0.5317992568016052,0.017918583005666733,0.21621621621621623,1.7868858575820923,0.8094037157181332,15.0,0.0,0.0,0.0,False,False,False,False,True
2024-09-02,0.5349487066268921,0.01728195510804653,0.26315789473684215,1.7874526977539062,0.814197209425489,15.0,0.0,0.0,0.13467657676353662,False,False,False,False,True
2024-09-03,0.5673738121986389,0.01961922086775303,0.3076923076923077,1.7874637842178345,0.8635485400199875,20.71999931335449,0.03000000000000025,0.04462491355686993,1.6263495943166097,False,False,True,True,False
2024-09-04,0.5258720517158508,0.01863105036318302,0.4285714285714286,1.7858792543411255,0.8003824510983092,21.31999969482422,0.1200000000000001,0.016339756459788468,1.0043891498443005,False,True,False,False,False
2024-09-05,0.6347922682762146,0.0252993181347847,0.16666666666666663,1.786319375038147,0.966160095337612,19.89999961853028,0.009999999999999787,0.0007227383460923775,0.5413237110233646,False,False,False,False,True
2024-09-06,0.7092154026031494,0.03171125426888466,0.16666666666666663,1.7834070920944214,1.07943284006069,22.3799991607666,0.08999999999999986,0.021635156991438365,1.155730336054396,False,True,False,False,False
2024-09-09,0.8153462409973145,0.03956914693117142,0.26315789473684215,1.7858023643493652,1.2409650232103273,19.450000762939453,0.020000000000000018,0.015251812532925513,0.8635716135772759,False,False,False,False,True
2024-09-10,0.5615957975387573,0.018198397010564804,0.05882352941176472,1.7857666015625,0.8547543447002924,19.07999992370605,0.0900000000000003,0.04403506466059692,1.0152256291490518,False,True,True,False,False
2024-09-11,0.6000669598579407,0.021061060950160027,0.16666666666666663,1.785672664642334,0.9133078333163157,17.690000534057617,0.03000000000000025,0.023449106693669286,0.7641843268352478,False,False,False,False,True
2024-09-12,0.5599137544631958,0.018707947805523872,0.26315789473684215,1.7851618528366089,0.852194258543825,17.06999969482422,0.020000000000000018,0.02436286739070148,0.8509818940270311,False,False,False,False,True
2024-09-13,0.5338679552078247,0.017495375126600266,0.21621621621621623,1.7824771404266357,0.8125522951027014,16.559999465942383,0.07000000000000028,0.004650490701332721,0.9388030176864233,False,True,False,False,False
2024-09-16,0.5740380883216858,0.0206439346075058,0.21621621621621623,1.7860989570617676,0.8736916340307002,17.139999389648438,0.009999999999999787,0.020758923822648434,0.45606555419846145,False,False,False,False,True
2024-09-17,0.48344820737838745,0.014047445729374886,0.11428571428571432,1.7845757007598877,0.7358129414523022,17.610000610351562,0.029999999999999805,0.015572315146450855,0.4407572951997491,False,False,False,False,True
2024-09-18,0.6469566226005554,0.024341681972146034,0.26315789473684215,1.7851794958114624,0.9846743626358578,18.229999542236328,0.020000000000000018,0.0039408744496371995,0.4372196216962948,False,False,False,False,True
2024-09-19,0.6616666316986084,0.025586968287825584,0.16666666666666663,1.7863041162490845,1.007063141615768,16.329999923706055,0.020000000000000018,0.014559871958021553,0.9601458131576435,False,False,False,False,True
2024-09-20,0.7554284334182739,0.03508615121245384,0.21621621621621623,1.7803444862365723,1.1497695289107701,16.149999618530273,0.040000000000000036,0.0004170262146345749,0.37419352349435653,False,False,False,False,True
2024-09-23,0.5746485590934753,0.021651988849043846,0.35,1.7857285737991333,0.874620776568423,15.890000343322754,0.020000000000000018,0.02178728969472221,0.3794136855339574,False,False,False,False,True
2024-09-24,0.8505955934524536,0.039902057498693466,0.4285714285714286,1.7856067419052124,1.2946148854260835,15.390000343322754,0.07999999999999963,0.016769149514566983,1.3089635774647568,False,True,False,False,False
2024-09-25,1.0398656129837036,0.06179255247116089,0.5957446808510638,1.7810618877410889,1.5826857225385715,15.40999984741211,0.03999999999999959,0.026479354040803038,0.7933149085723232,False,False,False,False,True
2024-09-26,0.8830702304840088,0.047385118901729584,0.35,1.7859874963760376,1.3440416033911002,15.369999885559082,0.07000000000000028,0.029413947297257437,1.2980431000770816,False,True,False,False,False
2024-09-27,0.7635534405708313,0.035102106630802155,0.3076923076923077,1.7865933179855347,1.1621358699603397,16.959999084472656,0.050000000000000266,0.007508348000242471,1.1003017844501082,False,False,False,False,True
2024-09-30,0.4393007159233093,0.013338328339159489,0.4285714285714286,1.786831259727478,0.668620023887347,16.729999542236328,0.11000000000000032,0.00014671267121890708,1.5885272458926554,False,True,False,True,False
2024-10-01,0.57537442445755,0.02201729640364647,0.4651162790697675,1.7873684167861938,0.8757255508141162,19.26000022888184,0.050000000000000266,0.024059184564979574,1.1512294585249359,False,False,False,False,True
2024-10-02,0.8316120505332947,0.041046228259801865,0.5957446808510638,1.785788655281067,1.2657217458066836,18.89999961853028,0.020000000000000018,0.0038590291938218613,0.4938973097111017,False,False,False,False,True
2024-10-03,0.7764319181442261,0.03516190126538277,0.26315789473684215,1.7842217683792114,1.1817370398893665,20.489999771118164,0.07000000000000028,0.05021569050716046,1.0882533988812222,False,True,True,False,False
2024-10-04,0.5965277552604675,0.023282457143068314,0.26315789473684215,1.7830859422683716,0.9079211290002731,19.209999084472656,0.22999999999999998,0.009048588790040668,1.4439455013794538,False,True,False,False,False
2024-10-07,0.7572894096374512,0.03372170403599739,0.26315789473684215,1.7837612628936768,1.1526019530772202,22.63999938964844,0.06000000000000005,0.03643489329725291,1.0222469958625326,False,True,True,False,False
2024-10-08,0.5539401769638062,0.018427859991788864,0.16666666666666663,1.7842555046081543,0.8431024146529262,21.420000076293945,0.010000000000000231,0.047384615071751846,1.6002636240111463,False,False,True,True,False
2024-10-09,0.8564543724060059,0.04246127977967262,0.21621621621621623,1.7861534357070923,1.3035320047975865,20.86000061035156,0.010000000000000231,0.004495639157300779,1.2124090971842671,False,False,False,False,True
2024-10-10,0.6362502574920654,0.024291491135954857,0.26315789473684215,1.7869960069656372,0.9683791693090277,20.93000030517578,0.010000000000000231,0.03501599503871056,0.7954909265401242,False,False,False,False,True
2024-10-11,0.6863438487052917,0.030269039794802666,0.3902439024390244,1.784307599067688,1.04462210937161,20.459999084472656,0.029999999999999805,0.0038306753550028105,0.9336754478805287,False,False,False,False,True
2024-10-14,0.5211799740791321,0.01693347468972206,0.21621621621621623,1.7851227521896362,0.7932410626419975,19.700000762939453,0.0,0.023161832450448117,0.9166802224294801,False,False,False,False,True
2024-10-15,0.728096067905426,0.031022125855088234,0.35,1.786422848701477,1.1081693989321784,20.63999938964844,0.0,0.04501833368193964,1.1585154444114627,False,False,True,False,False
2024-10-16,0.7455108165740967,0.03261057287454605,0.3076923076923077,1.7839381694793701,1.134674818224214,19.57999992370605,0.020000000000000018,0.0026956452410500376,0.4047508526888157,False,False,False,False,True
2024-10-17,0.6360951066017151,0.02490241639316082,0.3076923076923077,1.7858303785324097,0.9681430281231566,19.11000061035156,0.029999999999999805,0.003969929843791853,0.7922844961742727,False,False,False,False,True
2024-10-18,0.7119609713554382,0.030071716755628586,0.3076923076923077,1.7853310108184814,1.0836116227901498,18.030000686645508,0.009999999999999787,0.020731272950514246,0.9576341219615069,False,False,False,False,True
2024-10-21,0.7481671571731567,0.03267978876829147,0.35,1.7858268022537231,1.138717794824112,18.3700008392334,0.0699999999999994,0.019173521255787307,0.862351956002837,False,True,False,False,False
2024-10-22,0.6537404656410217,0.02431398257613182,0.26315789473684215,1.7862935066223145,0.9949994386745603,18.200000762939453,0.010000000000000675,0.02145191051924833,0.5202371415008711,False,False,False,False,True
2024-10-23,0.5236928462982178,0.016733180731534958,0.26315789473684215,1.7868732213974,0.7970656789520794,19.239999771118164,0.040000000000000036,0.018480152964078123,0.8679019562908165,False,False,False,False,True
2024-10-24,0.6112539172172546,0.02282378450036049,0.4285714285714286,1.7854288816452026,0.9303344927905448,19.07999992370605,0.0,0.008229249128125282,0.5615600229689781,False,False,False,False,True
2024-10-25,0.7846542000770569,0.0347592793405056,0.3076923076923077,1.786919116973877,1.19425143411425,20.32999992370605,0.040000000000000036,0.022399983188136297,0.5966660413766839,False,False,False,False,True
2024-10-28,0.9276068210601807,0.04969904199242592,0.5652173913043479,1.7837955951690674,1.4118267336573107,19.799999237060547,0.009999999999999787,0.06325767149745243,0.7941430392623268,False,False,True,False,False
2024-10-29,0.7120047211647034,0.030693935230374336,0.4651162790697675,1.7855511903762817,1.0836782104314981,19.34000015258789,0.009999999999999787,0.002526164855852997,0.35991105013062274,False,False,False,False,True
2024-10-30,0.06825929880142212,0.003289137501269579,0.16666666666666663,1.7849658727645874,0.10389132623928596,20.350000381469727,0.040000000000000036,0.020616273238773353,0.6066152163006296,False,False,False,False,True
2024-10-31,0.9527117013931274,0.05208754166960716,0.5,1.7859538793563843,1.4500366092151602,23.15999984741211,0.009999999999999787,0.00942926421915935,0.8946247481527306,False,False,False,False,False
2024-11-01,0.8205372095108032,0.04395679756999016,0.5333333333333333,1.7718311548233032,1.2488657285032665,21.8799991607666,0.04999999999999982,0.0033152567667684707,0.699274704810957,False,False,False,False,False
2024-11-04,0.7936407327651978,0.041533976793289185,0.625,1.7856476306915283,1.2079290255290067,21.979999542236328,0.040000000000000036,0.028094971727140816,0.785099403963873,False,False,False,False,True
2024-11-05,0.7651520371437073,0.03576457127928734,0.5957446808510638,1.7871825695037842,1.1645689497164156,20.489999771118164,0.020000000000000462,0.0072493924953977995,0.7848694611860016,False,False,False,False,True
2024-11-06,0.5868462324142456,0.020666087046265602,0.3902439024390244,1.7869319915771484,0.8931857557079681,16.270000457763672,0.07999999999999918,0.004175888887395729,2.1594397632514104,False,True,False,True,False
2024-11-07,0.743858277797699,0.032436221837997437,0.3076923076923077,1.786637783050537,1.1321596379021708,15.199999809265137,0.05999999999999961,0.009302367042198334,1.5884457550542819,False,False,False,True,False
2024-11-08,0.604066789150238,0.02286779321730137,0.3076923076923077,1.786479115486145,0.9193956129625207,14.9399995803833,0.04999999999999982,0.027744576093622797,0.8434580003500304,False,False,False,False,True
2024-11-11,0.6101157665252686,0.02228439413011074,0.26315789473684215,1.7853318452835083,0.9286022162080592,14.970000267028809,0.0,0.03381331188501857,1.1668386066180734,False,False,False,False,True
2024-11-12,0.7303612232208252,0.030367692932486534,0.35,1.7853419780731201,1.1116169876708117,14.710000038146973,0.08000000000000007,0.0011751151308629915,1.0551767582129958,False,True,False,False,False
2024-11-13,0.4280559718608856,0.012507722713053226,0.21621621621621623,1.785212755203247,0.6515054124808466,14.020000457763672,0.07000000000000028,0.004540433309838221,0.6417270443655005,False,True,False,False,True
2024-11-14,0.429979532957077,0.012136898003518581,0.4285714285714286,1.7868964672088623,0.6544330914475907,14.3100004196167,0.07000000000000028,0.003937825382706706,0.7618023261832592,False,True,False,False,False
2024-11-15,0.8321279883384705,0.03999445214867592,0.21621621621621623,1.785688042640686,1.2665070082365342,16.139999389648438,0.03000000000000025,0.024758122586162834,0.8144059455962185,False,False,False,False,True
2024-11-18,0.6751750111579895,0.02718072384595871,0.26315789473684215,1.786716103553772,1.0276230284300374,15.579999923706056,0.019999999999999574,0.0314316815457234,0.8100590273800329,False,False,False,False,True
2024-11-19,0.7218145728111267,0.031415753066539764,0.26315789473684215,1.7852776050567627,1.098608901423834,16.350000381469727,0.020000000000000462,0.0033200423491468456,0.5356027669843041,False,False,False,False,True
2024-11-20,0.7186897397041321,0.03152412548661232,0.3076923076923077,1.7859673500061035,1.093852874604594,17.15999984741211,0.040000000000000036,0.00752204667821843,0.5033409609525166,False,False,False,False,True
2024-11-21,0.5985782742500305,0.022638162598013878,0.26315789473684215,1.7855041027069092,0.9110420391333274,16.8700008392334,0.03000000000000025,0.017702062836089993,0.6378065834062459,False,False,False,False,True
2024-11-22,0.5674235820770264,0.01878472976386547,0.11428571428571432,1.7864079475402832,0.8636242902659355,15.239999771118164,0.03000000000000025,0.01613165616169976,1.0500494246589085,False,False,False,False,True
2024-11-25,0.3754763901233673,0.00946270115673542,0.16666666666666663,1.786037802696228,0.5714787703128801,14.600000381469728,0.16000000000000014,0.032817831932857366,1.7107242056738332,False,True,False,True,False
2024-11-26,0.7979437112808228,0.03767458349466324,0.26315789473684215,1.7847355604171753,1.2144782012840634,14.100000381469728,0.0,0.0024690419843933498,0.3926592443895149,False,False,False,False,True
2024-11-27,0.5294543504714966,0.016702301800251007,0.05882352941176472,1.7851160764694214,0.8058347451482684,14.100000381469728,0.019999999999999574,0.0007272590783866661,0.6890498553166736,False,False,False,False,True
2024-11-28,0.47235772013664246,0.014965185895562172,0.16666666666666663,1.7818787097930908,0.7189331104488118,14.100000381469728,0.0,0.0,0.05548925364731075,False,False,False,False,True
2024-11-29,0.6771825551986694,0.028257662430405617,0.16666666666666663,1.7860527038574219,1.03067853026689,13.510000228881836,0.0600000000000005,0.010532590263325758,0.8138821436460012,False,True,False,False,False
2024-12-01,0.7387101650238037,0.031707681715488434,0.16666666666666663,1.7850754261016846,1.1243241594677182,13.510000228881836,0.0,0.0,0.0,False,False,False,False,True
2024-12-02,0.6340771317481995,0.024332519620656967,0.16666666666666663,1.7867871522903442,0.965071650486255,13.34000015258789,0.040000000000000036,0.0014694855729144862,0.47121016902116936,False,False,False,False,True
2024-12-03,0.7698914408683777,0.03732241690158844,0.3076923076923077,1.780418872833252,1.1717823689455207,13.300000190734863,0.0,0.02666057579336023,0.5812289987360716,False,False,False,False,True
2024-12-04,0.767518937587738,0.03659740090370178,0.3076923076923077,1.7864766120910645,1.1681713955446693,13.449999809265137,0.040000000000000036,0.020220236738356157,0.6028624960566183,False,False,False,False,True
2024-12-05,0.6082346439361572,0.022388773038983345,0.4285714285714286,1.7865033149719238,0.9257391290678001,13.539999961853027,0.020000000000000462,0.0035077185456158233,0.28033245121979306,False,False,False,False,True
2024-12-06,0.6153536438941956,0.022466305643320084,0.3076923076923077,1.7845814228057861,0.9365743172417901,12.770000457763672,0.05000000000000071,0.016236609142369574,0.6354393820364316,False,False,False,False,True
2024-12-09,0.6461986303329468,0.02434624917805195,0.3076923076923077,1.7848632335662842,0.9835206909260139,14.1899995803833,0.03000000000000025,0.017260969981989227,0.8815961193496337,False,False,False,False,True
2024-12-10,0.5638498067855835,0.019552242010831833,0.3902439024390244,1.7830462455749512,0.8581849690125877,14.18000030517578,0.020000000000000462,0.003212526021897588,0.6778070694845083,False,False,False,False,True
2024-12-11,0.639488160610199,0.0251215398311615,0.05882352941176472,1.7832489013671875,0.9733072898007987,13.579999923706056,0.0,0.024482856092888028,0.7431819978774346,False,False,False,False,True
2024-12-12,0.8647930026054382,0.043985515832901,0.4651162790697675,1.7871196269989014,1.3162234822321588,13.920000076293944,0.02999999999999936,0.0038486866287925636,0.7449481255208332,False,False,False,False,True
2024-12-13,0.9526931047439575,0.050826963037252426,0.5333333333333333,1.7876185178756714,1.4500083049316443,13.8100004196167,0.07000000000000028,0.017975210387811913,1.1692640617612757,False,True,False,False,False
2024-12-16,0.749570906162262,0.03485620766878128,0.5333333333333333,1.7824863195419312,1.1408543146352732,14.6899995803833,0.0,0.008169085303321388,0.3881159197472423,False,False,False,False,True
2024-12-17,0.9340189695358276,0.050689175724983215,0.5,1.7862812280654907,1.4215860869011254,15.869999885559082,0.0,0.00894951991231352,0.45915409190236045,False,False,False,False,True
2024-12-18,0.7350696325302124,0.03206422179937363,0.4651162790697675,1.7856788635253906,1.1187832330940573,27.6200008392334,0.09999999999999964,0.007109371433892342,2.001931555152441,False,True,False,True,False
2024-12-19,0.37179329991340637,0.008421886712312698,0.11428571428571432,1.7854613065719604,0.5658730706750191,24.09000015258789,0.02999999999999936,0.009538091283001648,1.2523275686206352,False,False,False,False,True
2024-12-20,0.2194817066192627,0.0037788068875670433,0.11428571428571432,1.7850730419158936,0.33405332293659606,18.36000061035156,0.020000000000000462,0.006457718771803123,1.1059723802131576,False,False,False,False,True
2024-12-23,0.43880656361579895,0.01201558019965887,0.26315789473684215,1.7857211828231812,0.6678679191998844,16.780000686645508,0.0,0.003172334679828026,0.6673407822035827,False,False,False,False,True
2024-12-24,0.567211925983429,0.019341863691806793,0.3076923076923077,1.7851066589355469,0.8633021476032275,14.270000457763672,0.009999999999999787,0.012344072817911389,0.6639831753555403,False,False,False,False,True
2024-12-25,0.6464038491249084,0.025045065209269524,0.35,1.7871594429016113,0.9838330359521201,14.270000457763672,0.0,0.0,0.0005354397416669511,False,False,False,False,True
2024-12-26,0.8306891918182373,0.04073229059576988,0.5957446808510638,1.7858734130859375,1.2643171457372087,14.729999542236328,0.009999999999999787,0.006870850439029574,0.30473417042324713,False,False,False,False,True
2024-12-27,0.3005636930465698,0.00905792135745287,0.05882352941176472,1.7839970588684082,0.45746090625436114,15.949999809265137,0.009999999999999787,0.01397820105183989,0.620112863356396,False,False,False,False,True
2024-12-30,0.49718624353408813,0.01741156354546547,0.3076923076923077,1.7852675914764404,0.7567223680242211,17.399999618530273,0.0699999999999994,0.005508869073121758,0.8066723626899538,False,True,False,False,False
2024-12-31,0.6316803097724915,0.027653822675347328,0.4651162790697675,1.7840861082077026,0.9614236637915751,17.350000381469727,0.009999999999999787,0.010230673798029777,0.7083220458227691,False,False,False,False,True
2025-01-01,0.7488969564437866,0.03407301753759384,0.4285714285714286,1.786278486251831,1.139828556514395,17.350000381469727,0.0,0.0,0.0,False,False,False,False,True
2025-01-02,0.49217700958251953,0.014588352292776108,0.21621621621621623,1.7871307134628296,0.7490982645275636,17.93000030517578,0.0,0.01946897596799868,0.7604287252743833,False,False,False,False,True
2025-01-03,0.7227078676223755,0.028970248997211456,0.16666666666666663,1.7869261503219604,1.0999685049400274,16.1299991607666,0.03000000000000025,0.01128575241491081,0.9361611882084492,False,False,False,False,True
2025-01-06,0.5781639814376831,0.02024993672966957,0.35,1.7873729467391968,0.879971284060354,16.040000915527344,0.0,0.005423027593439933,0.4957526941063095,False,False,False,False,True
2025-01-07,0.6578283309936523,0.025569995865225792,0.21621621621621623,1.786454677581787,1.0012212100731785,17.81999969482422,0.019999999999999574,0.00933641113600725,1.0080576701760176,False,False,False,False,True
2025-01-08,0.811398983001709,0.036895107477903366,0.21621621621621623,1.785409927368164,1.2349572575963692,17.700000762939453,0.019999999999999574,0.01260435887354916,0.45276918435028907,False,False,False,False,True
2025-01-09,0.7145806550979614,0.029882369562983513,0.3902439024390244,1.7842904329299927,1.0875988072927332,17.700000762939453,0.010000000000000675,0.008149983753407142,0.4296063343425475,False,False,False,False,True
2025-01-10,0.6083241701126099,0.022712597623467445,0.26315789473684215,1.786565899848938,0.9258753887916489,19.540000915527344,0.13000000000000078,0.035221948576785955,1.4204545667334005,False,True,False,False,False
2025-01-13,0.3615053594112396,0.008798000402748585,0.05882352941176472,1.7866554260253906,0.550214723727296,19.190000534057617,0.0,0.028961416755598712,0.5542918633942581,False,False,False,False,True
2025-01-14,0.5685355067253113,0.01946485973894596,0.05882352941176472,1.7847579717636108,0.8653166505511551,18.709999084472656,0.03000000000000025,0.01688883153575027,0.7110828936152229,False,False,False,False,True
2025-01-15,0.7770200371742249,0.03509189561009407,0.26315789473684215,1.7867798805236816,1.1826321628555558,16.1200008392334,0.10000000000000053,0.03224858479460391,1.6818252469583903,False,True,False,True,False
2025-01-16,0.5605490803718567,0.018615320324897766,0.16666666666666663,1.785871982574463,0.8531612308450931,16.600000381469727,0.03999999999999915,0.01713752375435096,0.7282323215129298,False,False,False,False,True
2025-01-17,0.4827491343021393,0.013958657160401344,0.11428571428571432,1.7851929664611816,0.7347489453330206,15.970000267028809,0.03999999999999915,0.010219852162403065,0.6011055069128137,False,False,False,False,True
2025-01-20,0.6390876770019531,0.023705750703811646,0.16666666666666663,1.784188151359558,0.9726977497977759,15.970000267028809,0.0,0.0,0.02201958669237382,False,False,False,False,True
2025-01-21,0.5253551602363586,0.017725596204400063,0.16666666666666663,1.7868694067001343,0.7995957371667399,15.0600004196167,0.020000000000000462,0.025884229863912367,0.6439579995725176,False,False,False,False,True
2025-01-22,0.6840637922286987,0.02688659355044365,0.11428571428571432,1.787382960319519,1.0411518409186211,15.100000381469728,0.0,0.005947244685811981,0.5005543006179078,False,False,False,False,True
2025-01-23,0.5208432674407959,0.01590305007994175,0.16666666666666663,1.786784052848816,0.7927285918164169,15.020000457763672,0.0,0.010929066086830197,0.4780649706466879,False,False,False,False,True
2025-01-24,0.6139634847640991,0.021850761026144028,0.16666666666666663,1.7869389057159424,0.9344584813301214,14.850000381469728,0.020000000000000462,0.0005359179363271238,0.3494731951310606,False,False,False,False,True
2025-01-27,0.619348406791687,0.023171955719590187,0.35,1.7861510515213013,0.9426543857851141,17.899999618530273,0.09999999999999964,0.020159046665649605,1.475519175765062,False,True,False,False,False
2025-01-28,0.889270007610321,0.044003926217556,0.5,1.7848823070526123,1.353477725345918,16.40999984741211,0.020000000000000462,0.008166623519532124,0.5911033532119373,False,False,False,False,True
2025-01-29,0.7666584253311157,0.035624805837869644,0.5333333333333333,1.787099838256836,1.1668616874000584,16.559999465942383,0.019999999999999574,0.0157116955833283,0.3654836063411552,False,False,False,False,False
2025-01-30,0.8476080894470215,0.04424290731549263,0.5,1.783603310585022,1.290067874854345,15.84000015258789,0.03000000000000025,0.001513596515076543,0.6802219786529542,False,False,False,False,True
2025-01-31,0.5046094655990601,0.01783686876296997,0.11428571428571432,1.7860490083694458,0.7680205852464965,16.43000030517578,0.040000000000000036,0.0027537477775538832,0.5095634150819565,False,False,False,False,True
2025-02-01,0.5207016468048096,0.016608228906989098,0.3076923076923077,1.7864155769348145,0.7925130438111807,16.43000030517578,0.0,0.0,0.0,False,False,False,False,True
2025-02-03,0.6743680834770203,0.026192573830485344,0.21621621621621623,1.7866677045822144,1.0263948765382496,18.6200008392334,0.040000000000000036,0.008648621033832349,0.8632870602962025,False,False,False,False,True
2025-02-04,0.6455618739128113,0.024859167635440826,0.11428571428571432,1.7849655151367188,0.9825515413721677,17.209999084472656,0.04999999999999982,0.006307531016771506,0.7302991754676905,False,False,False,False,True
2025-02-05,0.48274677991867065,0.015060762874782085,0.3076923076923077,1.7840361595153809,0.7347453619381524,15.770000457763672,0.040000000000000036,0.02323903673808303,1.0964887960113212,False,False,False,False,True
2025-02-06,0.7679049372673035,0.03447210416197777,0.26315789473684215,1.7850289344787598,1.1687588908653384,15.5,0.040000000000000036,0.005930519651741406,0.5942875771401359,False,False,False,False,True
2025-02-07,0.6411706209182739,0.024610212072730064,0.3076923076923077,1.78490149974823,0.9758680109892681,16.540000915527344,0.08000000000000007,0.00550809086907833,1.0781784808424821,False,True,False,False,False
2025-02-10,0.6407724022865295,0.023653121665120125,0.26315789473684215,1.7857283353805542,0.9752619183028274,15.8100004196167,0.009999999999999787,0.018420834822808096,0.8651023938453943,False,False,False,False,True
2025-02-11,0.42668646574020386,0.011377829127013683,0.16666666666666663,1.7865782976150513,0.6494210106532748,16.020000457763672,0.009999999999999787,0.013732706945136286,0.5490307244701597,False,False,False,False,True
2025-02-12,0.37036868929862976,0.008646626956760883,0.21621621621621623,1.7862120866775513,0.5637047992637602,15.890000343322754,0.07000000000000028,0.02695576734257976,1.0396519586506867,False,True,False,False,False
2025-02-13,0.36647993326187134,0.008736439980566502,0.21621621621621623,1.7859234809875488,0.5577860742083623,15.100000381469728,0.05000000000000071,0.0011215734948457623,0.9946693023350175,False,False,False,False,True
2025-02-14,0.6022875905036926,0.02222105674445629,0.21621621621621623,1.7831536531448364,0.9166876550684543,14.770000457763672,0.04999999999999982,0.00774492439283847,0.8577437338378883,False,False,False,False,True
2025-02-17,0.681376039981842,0.028136642649769783,0.11428571428571432,1.7862530946731567,1.037061055480861,14.770000457763672,0.0,0.0,0.05299054271187615,False,False,False,False,True
2025-02-18,0.4841338098049164,0.014176552183926105,0.11428571428571432,1.7858421802520752,0.7368564351098064,15.350000381469728,0.03000000000000025,0.015569437709031853,0.9587859620172525,False,False,False,False,True
2025-02-19,0.5599851608276367,0.020093973726034164,0.26315789473684215,1.7852833271026611,0.8523029397350174,15.270000457763672,0.009999999999999787,0.005551735704513838,0.3441442213336852,False,False,False,False,True
2025-02-20,0.5035390257835388,0.01572583243250847,0.16666666666666663,1.7850918769836426,0.7663913652860429,15.65999984741211,0.0,0.004419282092243293,0.6948239171128858,False,False,False,False,True
2025-02-21,0.4819335639476776,0.01467779092490673,0.11428571428571432,1.7869617938995361,0.7335076392069064,18.209999084472656,0.08999999999999986,0.030358324246371637,1.3491164435074199,False,True,False,False,False
2025-02-24,0.644805371761322,0.026187554001808167,0.21621621621621623,1.7835948467254639,0.9814001376337593,18.979999542236328,0.0600000000000005,0.004252244899221935,0.5779342267220622,False,True,False,False,False
2025-02-25,0.8605214953422546,0.04390295594930649,0.4651162790697675,1.7811522483825684,1.3097222060338214,19.43000030517578,0.05999999999999961,0.025354028412746032,1.1645840978772308,False,False,False,False,True
2025-02-26,0.679448664188385,0.030027562752366066,0.26315789473684215,1.7798711061477661,1.0341275705072421,19.100000381469727,0.020000000000000462,0.004507423868616911,0.6864786939891026,False,False,False,False,False
2025-02-27,0.8429201245307922,0.046132709830999374,0.5,1.784896969795227,1.2829327459991955,21.1299991607666,0.020000000000000462,0.024898684414305094,0.9819475884887794,False,False,False,False,True
2025-02-28,0.7156996130943298,0.032577406615018845,0.35,1.7837131023406982,1.0893018724031287,19.6299991607666,0.08000000000000007,0.008421951647283876,1.461992683628906,False,True,False,False,False
2025-03-01,0.606103777885437,0.02368190884590149,0.26315789473684215,1.7867050170898438,0.92249592991494,19.6299991607666,0.0,0.0,0.0,False,False,False,False,True
2025-03-03,0.6225245594978333,0.02410740777850151,0.3076923076923077,1.7866533994674683,0.9474885215405953,22.780000686645508,0.03000000000000025,0.02012663812526405,1.240436291990091,False,False,False,False,True
2025-03-04,0.5785472989082336,0.020071852952241898,0.21621621621621623,1.7865749597549438,0.880554697032439,23.51000022888184,0.0,0.0016101973239743828,0.661766616969649,False,False,False,False,True
2025-03-05,0.718532383441925,0.030362961813807487,0.3902439024390244,1.78682279586792,1.093613376820998,21.93000030517578,0.03000000000000025,0.028983296211349874,1.2600933140140667,False,False,False,False,True
2025-03-06,0.7114148736000061,0.030248550698161125,0.35,1.785006046295166,1.0827804566184436,24.8700008392334,0.03000000000000025,0.0007537959571211061,0.7788190380402656,False,False,False,False,True
2025-03-07,0.7595473527908325,0.0334988608956337,0.3902439024390244,1.7869491577148438,1.1560385648341054,23.3700008392334,0.03000000000000025,0.010194995310435218,0.7254435318026676,False,False,False,False,True
2025-03-10,0.6172488331794739,0.02329327166080475,0.35,1.7844361066818237,0.939458814032401,27.86000061035156,0.10000000000000009,0.01518030411088045,1.5176082632029022,False,True,False,True,False
2025-03-11,0.8611699938774109,0.042395394295454025,0.26315789473684215,1.7835087776184082,1.31070922720258,26.920000076293945,0.04999999999999982,0.0033262991469502623,0.9232380058656078,False,False,False,False,True
2025-03-12,0.4824979901313782,0.015440373681485653,0.26315789473684215,1.7866860628128052,0.7343667014272702,24.229999542236328,0.06999999999999984,0.02135525494073498,1.0280927053340068,False,True,False,False,False
2025-03-13,0.5360227227210999,0.017780227586627007,0.35,1.7862528562545776,0.8158318725173879,24.65999984741211,0.06999999999999984,0.016837129109330107,1.0431435970975236,False,True,False,False,False
2025-03-14,0.6817281246185303,0.026667580008506775,0.21621621621621623,1.7869014739990234,1.0375969317716567,21.770000457763672,0.07999999999999963,0.009421998029068845,1.2452844171701154,False,True,False,False,False
2025-03-17,0.6502997279167175,0.024648670107126236,0.26315789473684215,1.7874854803085327,0.98976260191098,20.51000022888184,0.040000000000000036,0.005936519653962691,0.6657231470095047,False,False,False,False,True
2025-03-18,0.6848036050796509,0.028235647827386856,0.3902439024390244,1.785407543182373,1.042277843376951,21.700000762939453,0.019999999999999574,0.010113118438230373,0.7603941930937717,False,False,False,False,True
2025-03-19,0.2955813407897949,0.006472728680819273,0.16666666666666663,1.783653974533081,0.4498777169624011,19.89999961853028,0.04999999999999982,0.003878896794933695,0.7028385819213475,False,False,False,False,True
2025-03-20,0.6021071076393127,0.021732628345489502,0.16666666666666663,1.7847790718078613,0.9164129583681785,19.799999237060547,0.040000000000000036,0.016246088036584005,0.5481463980075924,False,False,False,False,True
2025-03-21,0.6442961096763611,0.02401045337319374,0.11428571428571432,1.7844849824905396,0.9806250357159401,19.280000686645508,0.010000000000000231,0.0002929052742830507,0.41367012453098506,False,False,False,False,True
2025-03-24,0.8894606232643127,0.04499445855617523,0.3076923076923077,1.785463809967041,1.3537678442519558,17.479999542236328,0.10000000000000009,0.012082566886560286,1.151162205840091,False,True,False,False,False
2025-03-25,0.7021787762641907,0.029550090432167053,0.4651162790697675,1.7877845764160156,1.068723025347658,17.149999618530273,0.08000000000000007,0.0015929423376386254,0.6629685110517329,False,True,False,False,False
2025-03-26,0.8140738606452942,0.03898818790912628,0.5,1.7842787504196167,1.2390284477609257,18.32999992370605,0.020000000000000018,0.00937621753636364,0.5291162112611192,False,False,False,False,True
2025-03-27,0.5364328026771545,0.01828322559595108,0.26315789473684215,1.7831164598464966,0.8164560182564559,18.690000534057617,0.009999999999999787,0.0038689830258036295,0.6065838591174334,False,False,False,False,True
2025-03-28,0.6104801893234253,0.022566339001059532,0.26315789473684215,1.7861860990524292,0.9291568713023413,21.64999961853028,0.08000000000000007,0.008041363887377528,1.3334617390962755,False,True,False,False,False
2025-03-31,0.8420515060424805,0.04544036462903023,0.5,1.768455147743225,1.2816107000899752,22.280000686645508,0.0,0.030107395982433616,0.8674218639125191,False,False,False,False,False
2025-04-01,1.1945847272872925,0.07891818135976791,0.8,1.7705669403076172,1.818169741006582,21.770000457763672,0.020000000000000018,0.003924961698320573,0.5658366109697833,False,False,False,False,False
2025-04-02,0.9316563606262207,0.05072837322950363,0.5957446808510638,1.7843108177185059,1.4179901728306061,21.51000022888184,0.040000000000000036,0.0071374195712401445,0.5517835710177906,False,False,False,False,True
2025-04-03,0.8074449896812439,0.041380416601896286,0.5,1.7800322771072388,1.2289392407515223,30.020000457763672,0.20000000000000018,0.06868416857286341,3.3297928820307954,True,True,True,True,False
2025-04-04,1.0458760261535645,0.06347014009952545,0.5333333333333333,1.7872732877731323,1.5918336306833576,45.310001373291016,0.029999999999999805,0.07697291776429882,3.817117120024586,True,False,True,True,False
2025-04-07,0.9377893209457397,0.05054761469364166,0.5333333333333333,1.7855181694030762,1.4273245989462533,46.97999954223633,0.04999999999999982,0.021029398155769208,2.5836726778682415,True,False,False,True,False
2025-04-08,0.740237832069397,0.0331914946436882,0.3902439024390244,1.7871817350387573,1.126649283783461,52.33000183105469,0.020000000000000018,0.01862373261662853,1.538996650244406,True,False,False,True,False
2025-04-09,0.7210699915885925,0.030017729848623276,0.3902439024390244,1.7868160009384155,1.0974756414569102,33.619998931884766,0.20000000000000018,0.04544366963540547,4.519491049901637,True,True,True,True,False
2025-04-10,0.6987624764442444,0.02838670276105404,0.21621621621621623,1.7868132591247559,1.063523383315621,40.720001220703125,0.07000000000000028,0.037253103871513815,2.501788200859721,True,True,True,True,False
2025-04-11,0.7572853565216064,0.0333263985812664,0.26315789473684215,1.7866032123565674,1.1525957841949157,37.560001373291016,0.1200000000000001,0.023526631030738265,1.9296575939698626,True,True,False,True,False
2025-04-14,0.21395061910152435,0.0032059347722679377,0.11428571428571432,1.7865214347839355,0.32563495316348867,30.88999938964844,0.1200000000000001,0.00048766610077244366,1.6915472155031428,True,True,False,True,False
2025-04-15,0.5638286471366882,0.018579956144094467,0.05882352941176472,1.7863072156906128,0.8581527638182026,30.1200008392334,0.0,0.003255691419577822,0.3276813457103547,True,False,False,False,False
2025-04-16,0.7577741742134094,0.03447674959897995,0.4651162790697675,1.786110281944275,1.1533397695446388,32.63999938964844,0.06999999999999984,0.018417311552441085,1.6066043878933522,True,True,False,True,False
2025-04-17,0.8412246704101562,0.04078182578086853,0.35,1.7859495878219604,1.280352248099808,29.64999961853028,0.040000000000000036,0.03476557838103833,0.9448188058108374,True,False,False,False,False
2025-04-18,0.7339329719543457,0.03289247676730156,0.4285714285714286,1.785830020904541,1.1170532244830071,29.64999961853028,0.0,0.0,0.011244517362417075,True,False,False,False,False
2025-04-21,0.8587186336517334,0.04173567146062851,0.3076923076923077,1.7863898277282715,1.3069782327533583,33.81999969482422,0.06000000000000005,0.02504824830480956,1.5876790766968585,True,True,False,True,False
2025-04-22,0.7501212954521179,0.03339216113090515,0.21621621621621623,1.7854220867156982,1.141692012564714,30.56999969482422,0.009999999999999787,0.01931131106134476,1.0854982905556654,True,False,False,False,False
2025-04-23,0.7451313138008118,0.033242929726839066,0.26315789473684215,1.7863250970840454,1.134097211259004,28.450000762939453,0.050000000000000266,0.0322353259480499,1.4037038406634097,False,False,False,False,True
2025-04-24,0.6761795878410339,0.02728027105331421,0.26315789473684215,1.7861579656600952,1.0291520040530389,26.46999931335449,0.040000000000000036,0.008316063471168533,1.099499123964927,False,False,False,False,True
2025-04-25,0.6523338556289673,0.02739536017179489,0.35,1.7846951484680176,0.992858564358243,24.84000015258789,0.029999999999999805,0.0036563038861121555,0.6704823325684777,False,False,False,False,True
2025-04-28,0.46241024136543274,0.018277745693922043,0.3902439024390244,1.7803353071212769,0.7037929496146869,25.14999961853028,0.07000000000000028,0.015511644237856004,0.718391387361937,False,True,False,False,False
2025-04-29,0.5683838129043579,0.02394176833331585,0.4651162790697675,1.7823885679244995,0.8650857710590145,24.170000076293945,0.020000000000000018,0.026620353701971133,0.8217697302786622,False,False,False,False,True
2025-04-30,0.3596442937850952,0.009982278570532799,0.3076923076923077,1.785057783126831,0.5473821634825596,24.700000762939453,0.04999999999999982,0.03726300009744943,1.052601986151593,False,False,True,False,False
2025-05-01,0.6527010202407837,0.025427967309951782,0.35,1.7859950065612793,0.9934173925199666,24.600000381469727,0.10000000000000009,0.0175398721772968,1.079921505944715,False,True,False,False,False
2025-05-02,0.5400683283805847,0.01874774508178234,0.5,1.7866337299346924,0.8219893242460935,22.68000030517578,0.1299999999999999,0.016166449969052366,1.2783344723087433,False,True,False,False,False
2025-05-05,0.5342171788215637,0.02034108154475689,0.5,1.7842955589294434,0.8130838168883407,23.63999938964844,0.0,0.02010117633128594,0.8212170611040394,False,False,False,False,True
2025-05-06,0.9699878096580505,0.05413561314344406,0.5333333333333333,1.7866755723953247,1.4763310164448307,24.76000022888184,0.050000000000000266,0.03373231650728492,1.302101531843573,False,False,False,False,True
2025-05-07,0.8763588666915894,0.04950735345482826,0.5957446808510638,1.7679448127746582,1.3338268414830239,23.549999237060547,0.0,0.01741253381123009,0.7938332482894253,False,False,False,False,True
2025-05-08,1.0208683013916016,0.0628969594836235,0.5957446808510638,1.7850035429000854,1.553771626863107,22.479999542236328,0.1200000000000001,0.03119425942023213,1.4796543883769102,False,True,False,False,False
2025-05-09,0.8920848369598389,0.04472997039556503,0.4285714285714286,1.7866122722625732,1.3577619233877032,21.89999961853028,0.020000000000000018,0.018358253241505196,0.5155968398382744,False,False,False,False,True
2025-05-12,0.5686177611351013,0.019239388406276703,0.35,1.7866076231002808,0.8654418425743984,18.38999938964844,0.10000000000000009,0.01512593360017167,1.9494441671782872,False,True,False,True,False
2025-05-13,0.4862384498119354,0.016286863014101982,0.3076923076923077,1.783839464187622,0.7400597179654005,18.21999931335449,0.03999999999999959,0.027385844879860066,0.914497772463795,False,False,False,False,True
2025-05-14,0.5730330348014832,0.02048421837389469,0.11428571428571432,1.7864454984664917,0.8721619326568393,18.6200008392334,0.03000000000000025,0.008200592311149002,0.8358802575659962,False,False,False,False,True
2025-05-15,0.5308293104171753,0.017608357593417168,0.3076923076923077,1.7846366167068481,0.8079274477512942,17.829999923706055,0.08999999999999986,0.024526397124652988,1.0735596929362936,False,True,False,False,False
2025-05-16,0.21637265384197235,0.005135984625667334,0.21621621621621623,1.7864181995391846,0.3293213139348584,17.239999771118164,0.020000000000000018,0.014020094966140206,0.7417962285074344,False,False,False,False,True
2025-05-19,0.48605531454086304,0.016388073563575745,0.3076923076923077,1.7841194868087769,0.7397809842759694,18.13999938964844,0.009999999999999787,0.0031953525790582304,0.8006476922606736,False,False,False,False,True
2025-05-20,0.6793157458305359,0.02786882407963276,0.26315789473684215,1.7859783172607422,1.0339252674551895,18.09000015258789,0.0,0.0020758051911764497,0.37476475641790113,False,False,False,False,True
2025-05-21,0.4884917438030243,0.014233794063329697,0.16666666666666663,1.7863472700119019,0.7434892536514067,20.8700008392334,0.029999999999999805,0.01595138422208553,1.095717712595891,False,False,False,False,True
2025-05-22,0.8094671368598938,0.037811167538166046,0.26315789473684215,1.7867423295974731,1.2320169687084432,20.280000686645508,0.0,0.006027531981941614,0.3906346917423152,False,False,False,False,True
2025-05-23,0.7984593510627747,0.03787954896688461,0.05882352941176472,1.7838772535324097,1.2152630101196267,22.290000915527344,0.0,0.005377638928633743,1.1853231089493124,False,False,False,False,True
2025-05-26,1.0627621412277222,0.0666162297129631,0.4285714285714286,1.7855148315429688,1.6175344644289116,22.290000915527344,0.0,0.0,0.01330921044126971,False,False,False,False,True
2025-05-27,0.693435549736023,0.028566444292664528,0.4285714285714286,1.7838982343673706,1.0554157483089006,18.959999084472656,0.08000000000000007,0.010455893316601461,1.4735458397928691,False,True,False,False,False
2025-05-28,0.6631456613540649,0.028605680912733078,0.21621621621621623,1.7783738374710083,1.009314239343854,19.309999465942383,0.040000000000000036,0.015481459149985888,0.5819722468849583,False,False,False,False,True
2025-05-29,0.7378880381584167,0.033777158707380295,0.35,1.7847156524658203,1.1230728742672875,19.18000030517578,0.040000000000000036,0.014660655724200389,0.6392190422589054,False,False,False,False,True
2025-05-30,0.6768594980239868,0.02868034690618515,0.26315789473684215,1.7823768854141235,1.0301868340596592,18.56999969482422,0.029999999999999805,0.0024644342013058207,0.42153718650129607,False,False,False,False,True
2025-06-01,0.7044460773468018,0.029902175068855286,0.26315789473684215,1.7848292589187622,1.0721738799651586,18.56999969482422,0.0,0.0,0.0,False,False,False,False,True
2025-06-02,0.7484663724899292,0.03268706053495407,0.3076923076923077,1.7853474617004395,1.139173203488374,18.36000061035156,0.04999999999999982,0.028061196054028237,1.3013542845530655,False,False,False,False,True
2025-06-03,0.5690826773643494,0.020554227754473686,0.11428571428571432,1.7832289934158325,0.8661494496622951,17.690000534057617,0.020000000000000018,0.01413506243041951,0.4436318137765317,False,False,False,False,True
2025-06-04,0.533913254737854,0.017874717712402344,0.21621621621621623,1.7843921184539795,0.8126212414343427,17.610000610351562,0.08999999999999986,0.008870664547419693,0.9058812598545128,False,True,False,False,False
2025-06-05,0.6850928664207458,0.02718389965593815,0.35,1.7854323387145996,1.0427181019920233,18.479999542236328,0.04999999999999982,0.008239635722055105,0.6762431469017145,False,False,False,False,True
2025-06-06,0.6699938178062439,0.026725560426712036,0.21621621621621623,1.7859002351760864,1.0197372010297154,16.770000457763672,0.1200000000000001,0.018914247203200674,1.3586070127361514,False,True,False,False,False
2025-06-09,0.5167029500007629,0.01679537631571293,0.3902439024390244,1.7867668867111206,0.7864269878232668,17.15999984741211,0.03000000000000025,0.01093410553760954,0.4975497302872026,False,False,False,False,True
2025-06-10,0.4264465272426605,0.01265289168804884,0.4651162790697675,1.7852623462677002,0.6490558218927199,16.950000762939453,0.0,0.004759317319035894,0.2759165597315028,False,False,False,False,True
2025-06-11,0.4807204306125641,0.014388310723006725,0.26315789473684215,1.786747694015503,0.731661238301783,17.260000228881836,0.06999999999999984,0.04763159863056643,1.0714062825502118,False,True,True,False,False
2025-06-12,0.6121793985366821,0.023564713075757027,0.35,1.7843555212020874,0.9317430844897464,18.020000457763672,0.040000000000000036,0.0016153995491636763,0.8275169897930016,False,False,False,False,True
2025-06-13,0.5553499460220337,0.01865258812904358,0.16666666666666663,1.7853926420211792,0.8452480970686869,20.81999969482422,0.06000000000000005,0.07008969602291071,1.4517836150202514,False,True,True,False,False
2025-06-16,0.6913527250289917,0.029853882268071175,0.26315789473684215,1.7871559858322144,1.0522456685551231,19.11000061035156,0.010000000000000231,0.016718962337807675,0.6676738874166291,False,False,False,False,True
2025-06-17,0.4290314018726349,0.011897752992808819,0.11428571428571432,1.7871272563934326,0.6529900265825684,21.600000381469727,0.03000000000000025,0.04188593780488681,0.8922541502038848,False,False,True,False,False
2025-06-18,0.8297465443611145,0.041611410677433014,0.35,1.7845011949539185,1.2628824270070693,20.13999938964844,0.0,0.004000579549590988,0.42613663855596573,False,False,False,False,True
2025-06-19,0.5942199230194092,0.02136605978012085,0.11428571428571432,1.7852741479873657,0.9044085855597253,20.13999938964844,0.0,0.0,0.15872883105526847,False,False,False,False,True
2025-06-20,0.6289659738540649,0.024123121052980423,0.11428571428571432,1.7849757671356201,0.9572924177434046,20.6200008392334,0.040000000000000036,0.0027986835739328697,0.4114360251252022,False,False,False,False,True
2025-06-23,0.6131342053413391,0.022451814264059067,0.21621621621621623,1.7867152690887451,0.9331963098668,19.82999992370605,0.06000000000000005,0.0895745972529296,1.2080987828948577,False,True,True,False,False
2025-06-24,0.6042072176933289,0.021629920229315758,0.11428571428571432,1.7850130796432495,0.9196093465906084,17.479999542236328,0.08999999999999986,0.06233202246291203,1.620519853784685,False,True,True,True,False
2025-06-25,0.6810465455055237,0.02818314917385578,0.26315789473684215,1.785862684249878,1.0365595616370287,16.760000228881836,0.009999999999999787,0.008507985708414267,0.4625891838637345,False,False,False,False,True
2025-06-26,0.371192991733551,0.009259325452148914,0.16666666666666663,1.7866252660751343,0.5649593957024869,16.59000015258789,0.040000000000000036,0.004917030567026082,0.7026756467168038,False,False,False,False,True
2025-06-27,0.5998994708061218,0.02166355587542057,0.3076923076923077,1.7864059209823608,0.913052913326958,16.31999969482422,0.029999999999999805,0.0042826433009324205,0.7669622928386776,False,False,False,False,True
2025-06-30,0.47930899262428284,0.013972623273730278,0.21621621621621623,1.7864662408828735,0.7295130157580145,16.729999542236328,0.009999999999999787,0.006277231686631524,0.5803666579772555,False,False,False,False,True
2025-07-01,0.5370218753814697,0.01831376738846302,0.35,1.787095308303833,0.8173525927243639,16.829999923706055,0.05999999999999961,0.005208289105660846,0.5623162996667734,False,False,False,False,True
2025-07-02,0.5292990207672119,0.01902274787425995,0.35,1.7831965684890747,0.805598331805825,16.639999389648438,0.0,0.030100091680430374,0.7680959440474227,False,False,False,False,True
2025-07-03,0.48013976216316223,0.015036453492939472,0.16666666666666663,1.7847247123718262,0.7307774551927715,16.3799991607666,0.10000000000000009,0.006693918018056522,0.8624756261264089,False,True,False,False,False
2025-07-04,0.6323267817497253,0.02347256988286972,0.05882352941176472,1.7839969396591187,0.9624076005191812,16.3799991607666,0.0,0.007490671729157405,0.23618979567116322,False,False,False,False,True
2025-07-07,0.7778674960136414,0.03485797718167305,0.4285714285714286,1.7851907014846802,1.1839220035703912,17.790000915527344,0.020000000000000018,0.021275820033905823,0.582145561840105,False,False,False,False,True
2025-07-08,0.8443767428398132,0.04040774703025818,0.26315789473684215,1.7859679460525513,1.2851497334368904,16.809999465942383,0.0,0.005871167894201612,1.476680735038132,False,False,False,False,True
2025-07-09,0.5716012716293335,0.018985982984304428,0.16666666666666663,1.786709189414978,0.8699827749826896,15.9399995803833,0.040000000000000036,0.0007314084547864752,0.8300024884811319,False,False,False,False,True
2025-07-10,0.6853122115135193,0.0282464399933815,0.26315789473684215,1.7858844995498657,1.0430519473873388,15.779999732971191,0.0,0.02682632301637433,0.5374597540105336,False,False,False,False,True
2025-07-11,0.65259850025177,0.026014380156993866,0.16666666666666663,1.7872508764266968,0.9932613560851996,16.399999618530273,0.040000000000000036,0.02784948612237681,0.8978705420109448,False,False,False,False,True
2025-07-14,0.5268343687057495,0.018586497753858566,0.26315789473684215,1.7836883068084717,0.801847107051398,17.200000762939453,0.0,0.021709389666200174,0.3546303983336767,False,False,False,False,True
2025-07-15,0.6533947587013245,0.02575625292956829,0.26315789473684215,1.7857155799865723,0.9944732693015089,17.3799991607666,0.050000000000000266,0.0068915136248062225,0.6406981369164133,False,False,False,False,True
2025-07-16,0.5199447870254517,0.015999075025320053,0.21621621621621623,1.7856965065002441,0.7913610957596278,17.15999984741211,0.07000000000000028,0.0021068389445204616,0.5652447230946418,False,True,False,False,False
2025-07-17,0.5638366341590881,0.018852872774004936,0.16666666666666663,1.7859337329864502,0.8581649201450973,16.520000457763672,0.03000000000000025,0.01732426359757877,0.4403569583396487,False,False,False,False,True
2025-07-18,0.6073688864707947,0.021253913640975952,0.26315789473684215,1.7862435579299927,0.924421437663736,16.40999984741211,0.03000000000000025,0.0029656691622079734,0.4784737898640119,False,False,False,False,True
2025-07-21,0.43378302454948425,0.011471062898635864,0.11428571428571432,1.786306381225586,0.6602220431774454,16.649999618530273,0.029999999999999805,0.002081157234508524,0.7000710930209695,False,False,False,False,True
2025-07-22,0.5704846978187561,0.019240425899624825,0.3076923076923077,1.785897135734558,0.8682833386265909,16.5,0.020000000000000018,0.014841707006914895,0.7608388840573227,False,False,False,False,True
2025-07-23,0.6585495471954346,0.027820074930787086,0.3902439024390244,1.7851802110671997,1.0023189082479926,15.369999885559082,0.04999999999999982,0.014605448906322316,0.9911492612601597,False,False,False,False,True
2025-07-24,0.5638354420661926,0.020097121596336365,0.05882352941176472,1.7876403331756592,0.8581631057679489,15.390000343322754,0.03000000000000025,0.011883119516578056,0.6025448287292784,False,False,False,False,True
2025-07-25,0.6536245942115784,0.027004998177289963,0.35,1.7863879203796387,0.9948230812157307,14.93000030517578,0.0,0.013263325783737123,0.5873302900572402,False,False,False,False,True
2025-07-28,0.7972410321235657,0.039040062576532364,0.3902439024390244,1.7833040952682495,1.2134087166739076,15.029999732971191,0.0,0.02350901306179054,0.675869795365308,False,False,False,False,True
2025-07-29,0.6864675879478455,0.03044969215989113,0.3902439024390244,1.7874279022216797,1.0448104417196196,15.979999542236328,0.050000000000000266,0.036790494628085035,0.8474445650133247,False,False,True,False,False
2025-07-30,0.37810519337654114,0.00974601786583662,0.26315789473684215,1.787138819694519,0.575479834800649,15.479999542236328,0.08000000000000007,0.011349894423839935,0.6942904859889293,False,True,False,False,True
2025-07-31,0.6353919506072998,0.023884104564785957,0.05882352941176472,1.7851794958114624,0.9670728177621414,16.719999313354492,0.0,0.01062767223144423,2.6978336011653647,False,False,False,True,False
2025-08-01,0.5685002207756042,0.020135682076215744,0.11428571428571432,1.78655207157135,0.865262944987561,20.3799991607666,0.25,0.028261640065498028,2.2332807624618964,False,True,False,True,False
2025-08-04,0.6484748721122742,0.02419968694448471,0.16666666666666663,1.7858710289001465,0.9869851533721279,17.520000457763672,0.0,0.015566859688174617,0.7810389251717376,False,False,False,False,True
2025-08-05,0.6398520469665527,0.02338637225329876,0.11428571428571432,1.78556489944458,0.9738611284253641,17.850000381469727,0.03000000000000025,0.017193230128598636,0.5324328437004312,False,False,False,False,True
2025-08-06,0.7508500218391418,0.03240285813808441,0.26315789473684215,1.7850239276885986,1.1428011413155634,16.770000457763672,0.03000000000000025,0.01250892960569061,0.5607598496915761,False,False,False,False,True
2025-08-07,0.712223470211029,0.030606478452682495,0.4285714285714286,1.7848907709121704,1.0840111486382393,16.56999969482422,0.03000000000000025,0.007330570262490177,0.36448267905674886,False,False,False,False,True
2025-08-08,0.47753456234931946,0.01430847030133009,0.3076923076923077,1.786671757698059,0.726812315372542,15.149999618530272,0.03999999999999959,0.0,0.8371169470953278,False,False,False,False,True
2025-08-11,0.5634066462516785,0.02016940340399742,0.3076923076923077,1.784539818763733,0.8575104743076503,16.25,0.0,0.0012515335842291364,0.73721116558168,False,False,False,False,True
2025-08-12,0.530545175075531,0.017206232994794846,0.16666666666666663,1.7861266136169434,0.8074949909579604,14.729999542236328,0.03999999999999959,0.012428397727227036,0.7822827089282954,False,False,False,False,True
2025-08-13,0.5728796720504761,0.019490648061037064,0.3076923076923077,1.786485195159912,0.8719285130366907,14.489999771118164,0.050000000000000266,0.00826577022677899,0.6113929772731146,False,False,False,False,True
2025-08-14,0.6559967398643494,0.025098642334342003,0.26315789473684215,1.7869465351104736,0.9984335103034376,14.829999923706056,0.07000000000000028,0.020694167954006026,0.7668983620898057,False,True,False,False,False
2025-08-15,0.7558269500732422,0.03239696845412254,0.26315789473684215,1.786790132522583,1.150376075191498,15.09000015258789,0.009999999999999787,0.0183028123262563,0.4623878011685355,False,False,False,False,True
2025-08-18,0.6122615337371826,0.024756237864494324,0.4285714285714286,1.7822123765945435,0.9318680950752749,14.989999771118164,0.020000000000000018,0.009824178912883674,0.3333844124129346,False,False,False,False,True
2025-08-19,0.7056208252906799,0.031139656901359558,0.3076923076923077,1.7858966588974,1.0739618579261017,15.56999969482422,0.020000000000000018,0.01701559258507146,0.5646237734134929,False,False,False,False,True
2025-08-20,0.7401652336120605,0.032317616045475006,0.26315789473684215,1.7851277589797974,1.1265387882151203,15.6899995803833,0.009999999999999787,0.013698854347058642,0.5005615603113747,False,False,False,False,True
2025-08-21,0.6338774561882019,0.02380817010998726,0.11428571428571432,1.785679578781128,0.9647677423138891,16.600000381469727,0.04999999999999982,0.00489232214518065,0.5120420308166106,False,False,False,False,True
2025-08-22,0.46943917870521545,0.013256409205496311,0.0,1.7852230072021484,0.7144910615951113,14.220000267028809,0.10999999999999988,0.002201595311539961,1.2687867796724184,False,True,False,False,False
2025-08-25,0.419454962015152,0.010771142318844795,0.0,1.7853858470916748,0.6384145906358996,14.789999961853027,0.04999999999999982,0.017749230996228604,0.6889259620616776,False,False,False,False,True
2025-08-26,0.8101011514663696,0.039606284350156784,0.35,1.787277102470398,1.232981945194848,14.619999885559082,0.1200000000000001,0.024210522845626414,0.9057995703737749,False,True,False,False,False
2025-08-27,0.6047186851501465,0.02239290624856949,0.3076923076923077,1.787254810333252,0.9203878051061523,14.850000381469728,0.020000000000000018,0.01412898724012468,0.5993141621100432,False,False,False,False,True
2025-08-28,0.6740829348564148,0.028607329353690147,0.26315789473684215,1.7845138311386108,1.0259608775243394,14.43000030517578,0.03000000000000025,0.00699027232038496,0.6749306290776,False,False,False,False,True
2025-08-29,0.6575170159339905,0.027562608942389488,0.26315789473684215,1.7867223024368286,1.00074738548086,15.359999656677246,0.03000000000000025,0.009175032640841074,0.6669150668226035,False,False,False,False,True
2025-09-01,0.5942214131355286,0.023271018639206886,0.26315789473684215,1.7838958501815796,0.9044108535311608,15.359999656677246,0.0,0.0,0.08969642209143545,False,False,False,False,True
2025-09-02,0.5577177405357361,0.019891219213604927,0.16666666666666663,1.7854599952697754,0.848851903679802,17.170000076293945,0.07000000000000028,0.024383834944995186,1.1778686714173014,False,True,False,False,False
2025-09-03,0.4355214536190033,0.012040075846016407,0.16666666666666663,1.7866898775100708,0.6628679493730346,16.350000381469727,0.050000000000000266,0.025008946927815856,0.931004889345536,False,False,False,False,True
2025-09-04,0.6010047793388367,0.022406049072742462,0.21621621621621623,1.7848063707351685,0.9147352038190039,15.300000190734863,0.020000000000000018,0.0076893540974172225,0.8331795662884207,False,False,False,False,True
2025-09-05,0.5128160119056702,0.015999969094991684,0.21621621621621623,1.7843531370162964,0.7805110296930203,15.18000030517578,0.08000000000000007,0.025689496168026515,1.060446780252538,False,True,False,False,False
2025-09-08,0.43510666489601135,0.012829980812966824,0.3076923076923077,1.7863006591796875,0.6622366368442303,15.109999656677246,0.019999999999999574,0.006283745775436778,0.40596932803805674,False,False,False,False,True
2025-09-09,0.473215788602829,0.014193188399076462,0.21621621621621623,1.7845458984375,0.7202390991202684,15.039999961853027,0.04999999999999982,0.005925275537221886,0.4558910076000264,False,False,False,False,True
2025-09-10,0.28578129410743713,0.006107184570282698,0.05882352941176472,1.7854641675949097,0.4349619492221111,15.350000381469728,0.0,0.016469051678726032,0.4940090914862241,False,False,False,False,True
2025-09-11,0.5552945733070374,0.019365113228559494,0.4651162790697675,1.7863086462020874,0.8451638192501413,14.710000038146973,0.020000000000000018,0.020629091857852444,0.658165675217788,False,False,False,False,True
2025-09-12,0.6057186722755432,0.021185288205742836,0.16666666666666663,1.786933422088623,0.9219097953771322,14.760000228881836,0.040000000000000036,0.005117549967248891,0.4029715072319374,False,False,False,False,True
2025-09-15,0.5734602808952332,0.02056029625236988,0.3076923076923077,1.7865456342697144,0.8728122054268449,15.6899995803833,0.020000000000000018,0.009683393717559774,0.6219453707025165,False,False,False,False,True
2025-09-16,0.6036731004714966,0.02198069542646408,0.26315789473684215,1.786137342453003,0.918796414909244,16.360000610351562,0.03000000000000025,0.019089884130282897,0.4049425106439213,False,False,False,False,True
2025-09-17,0.8193603157997131,0.0391632542014122,0.3902439024390244,1.7847278118133545,1.2470744846634563,15.720000267028809,0.010000000000000231,0.007311125238423699,0.5163809291935767,False,False,False,False,True
2025-09-18,0.6018844246864319,0.021006133407354355,0.05882352941176472,1.7858694791793823,0.9160740327168474,15.699999809265137,0.04999999999999982,0.007522419841541783,0.6805242437814161,False,False,False,False,True
2025-09-19,0.6530831456184387,0.024652287364006042,0.35,1.7861628532409668,0.9939989911149033,15.449999809265137,0.0,0.014099233791081467,0.4601103771131288,False,False,False,False,True
2025-09-22,0.5259932279586792,0.018090205267071724,0.16666666666666663,1.7846492528915405,0.8005668825354494,16.100000381469727,0.040000000000000036,0.0006383804178620167,0.6593616239360472,False,False,False,False,True
2025-09-23,0.7792940735816956,0.036041662096977234,0.35,1.7842011451721191,1.1860932687039452,16.639999389648438,0.08000000000000007,0.012217533366822408,0.7097067876273149,False,True,False,False,False
2025-09-24,0.6357810497283936,0.023931782692670822,0.26315789473684215,1.7846043109893799,0.9676650304633966,16.18000030517578,0.040000000000000036,0.0246118037305445,0.9933975739618575,False,False,False,False,True
2025-09-25,0.7428800463676453,0.031996533274650574,0.26315789473684215,1.7866249084472656,1.1306707600141501,16.739999771118164,0.07000000000000028,0.00015379713413476992,0.49437091799268795,False,True,False,False,False
2025-09-26,0.574687659740448,0.019735809415578842,0.4285714285714286,1.786485195159912,0.8746802881388923,15.289999961853027,0.010000000000000231,0.011323729841388186,0.5550111885753941,False,False,False,False,True
2025-09-29,0.5187045335769653,0.016501301899552345,0.11428571428571432,1.7854896783828735,0.7894734177743771,16.1200008392334,0.0,0.03515110555871015,1.0162170241914408,False,False,False,False,True
2025-09-30,0.6695507764816284,0.02611684426665306,0.16666666666666663,1.7849141359329224,1.0190628877624928,16.280000686645508,0.029999999999999805,0.017167832772092773,0.47040898403736076,False,False,False,False,True
2025-10-01,0.48521527647972107,0.014542380347847939,0.16666666666666663,1.786889910697937,0.7385024380588832,16.290000915527344,0.050000000000000266,0.009504705681002257,0.5684757922527782,False,False,False,False,True
2025-10-02,0.71687251329422,0.029933370649814606,0.21621621621621623,1.7856255769729614,1.0910870380794917,16.6299991607666,0.0,0.02126694342913016,0.4901609483227747,False,False,False,False,True
2025-10-03,0.4263772666454315,0.01086810790002346,0.0,1.7864577770233154,0.6489504065803948,16.649999618530273,0.03000000000000025,0.006592006795596461,0.6727431316761955,False,False,False,False,True
2025-10-06,0.6505553722381592,0.026040252298116684,0.21621621621621623,1.7867263555526733,0.9901516950904657,16.3700008392334,0.020000000000000018,0.013217089862355813,0.7322192157886429,False,False,False,False,True
2025-10-07,0.574120283126831,0.020613588392734528,0.3076923076923077,1.7871280908584595,0.873816735335086,17.239999771118164,0.03000000000000025,0.0006482080298395587,0.5581882029776203,False,False,False,False,True
2025-10-08,0.6059716939926147,0.021715514361858368,0.26315789473684215,1.7858933210372925,0.9222948969268914,16.299999237060547,0.010000000000000231,0.013196195725421411,0.49628803917714176,False,False,False,False,True
2025-10-09,0.7043664455413818,0.029911484569311142,0.21621621621621623,1.7851176261901855,1.0720526795716419,16.43000030517578,0.020000000000000018,0.01676648878307585,0.837421646248912,False,False,False,False,True
2025-10-10,0.6783941388130188,0.02748120203614235,0.21621621621621623,1.7862954139709473,1.0325225724817204,21.65999984741211,0.08000000000000007,0.04335861936876739,2.1475419202379604,False,True,True,True,False
2025-10-13,0.48391661047935486,0.013973657041788101,0.26315789473684215,1.7859972715377808,0.7365258555933583,19.030000686645508,0.0,0.009967142850277888,1.375230475165059,False,False,False,False,True
2025-10-14,0.5567435026168823,0.020080657675862312,0.3076923076923077,1.7853102684020996,0.8473691039552287,20.809999465942383,0.040000000000000036,0.01336851958276597,0.8789528350716039,False,False,False,False,True
2025-10-15,0.5250895023345947,0.016389837488532066,0.16666666666666663,1.7860554456710815,0.7991914032192071,20.63999938964844,0.020000000000000018,0.007352350820426068,0.591197402509823,False,False,False,False,True
2025-10-16,0.646327018737793,0.02434387616813183,0.21621621621621623,1.7856711149215698,0.9837160993449023,25.309999465942383,0.08999999999999986,0.013998351393044395,1.340201904575419,False,True,False,False,False
2025-10-17,0.5175763964653015,0.016176315024495125,0.05882352941176472,1.7854446172714233,0.7877563819599384,20.780000686645508,0.04999999999999982,0.0013913364167024156,1.2608316709103307,False,False,False,False,True
2025-10-20,0.4174583852291107,0.011453613638877869,0.21621621621621623,1.7857391834259033,0.6353757810688128,18.229999542236328,0.0,0.00034765266341718615,1.0419872474587144,False,False,False,False,True
2025-10-21,0.3721413016319275,0.009876786731183529,0.26315789473684215,1.7833083868026733,0.5664027327240814,17.8700008392334,0.009999999999999787,0.005202009939038632,1.2932855758623447,False,False,False,False,True
2025-10-22,0.4698103964328766,0.013150183483958244,0.05882352941176472,1.7842445373535156,0.7150560586391396,18.600000381469727,0.0,0.011692022927642043,0.4383247977960031,False,False,False,False,True
2025-10-23,0.6676866412162781,0.02604840323328972,0.35,1.7845276594161987,1.0162256554965992,17.299999237060547,0.029999999999999805,0.054714799651833346,1.2954568199799046,False,False,True,False,False
2025-10-24,0.6772520542144775,0.027478789910674095,0.35,1.785634160041809,1.0307843084546449,16.3700008392334,0.0,0.004704379077171694,0.39239365001599663,False,False,False,False,True
2025-10-27,0.4287356436252594,0.011646810919046402,0.26315789473684215,1.7852463722229004,0.6525398796120372,15.789999961853027,0.0,0.0030941906387402796,0.8669871657613668,False,False,False,False,True
2025-10-28,0.7165656089782715,0.030495671555399895,0.35,1.788058876991272,1.0906199266826224,16.420000076293945,0.009999999999999787,0.019101516385149786,0.4161859930060892,False,False,False,False,True
2025-10-29,0.696072518825531,0.027632391080260277,0.11428571428571432,1.788425087928772,1.0594292412801363,16.920000076293945,0.11999999999999966,0.005471256513851053,0.9659594891040008,False,True,False,False,False
2025-10-30,0.727899432182312,0.030194798484444618,0.26315789473684215,1.7872828245162964,1.107870117421541,16.90999984741211,0.020000000000000018,0.001486991652024372,0.8101507361618983,False,False,False,False,True
2025-10-31,0.9247205257415771,0.04881703481078148,0.5652173913043479,1.7875057458877563,1.407433763705476,17.440000534057617,0.009999999999999787,0.006746218098866663,0.37180710803054573,False,False,False,False,True
2025-11-01,0.7294136881828308,0.03181502968072891,0.3902439024390244,1.7872366905212402,1.1101748299943637,17.440000534057617,0.0,0.0,0.0,False,False,False,False,True
2025-11-03,0.7516587376594543,0.032158732414245605,0.35,1.7873934507369995,1.144032014773074,17.170000076293945,0.0,0.0011472540064279002,0.2616326347102087,False,False,False,False,True
2025-11-04,0.7453079223632812,0.03313801437616348,0.4285714285714286,1.7846312522888184,1.1343660112335472,19.0,0.020000000000000018,0.008058556254023408,0.9915489950537759,False,False,False,False,True
2025-11-05,0.29446256160736084,0.006459698546677828,0.26315789473684215,1.7856074571609497,0.4481749240085778,18.010000228881836,0.04999999999999982,0.015979083336420175,0.8701311608323438,False,False,False,False,True
2025-11-06,0.5233361721038818,0.016021408140659332,0.16666666666666663,1.7858725786209106,0.7965228173092622,19.5,0.06000000000000005,0.0028563939556933704,0.8411822077154668,False,True,False,False,False
2025-11-07,0.555461585521698,0.01850714534521103,0.21621621621621623,1.785224199295044,0.8454180134886395,19.07999992370605,0.020000000000000018,0.005370036298004699,0.30767752954773475,False,False,False,False,True
2025-11-10,0.4660037159919739,0.014160560443997383,0.3076923076923077,1.7855896949768066,0.7092622534504128,17.600000381469727,0.03000000000000025,0.006339712003289755,1.199676989010823,False,False,False,False,True
2025-11-11,0.6864988803863525,0.027391234412789345,0.35,1.7866443395614624,1.0448580691197664,17.280000686645508,0.0,0.015020499160101508,0.29576297756886627,False,False,False,False,True
2025-11-12,0.6506672501564026,0.02392151579260826,0.16666666666666663,1.7866415977478027,0.9903219743858481,17.510000228881836,0.020000000000000018,0.042673573823432065,0.9105648107682893,False,False,True,False,False
2025-11-13,0.4889402687549591,0.015209929086267948,0.16666666666666663,1.786688208580017,0.7441719130535122,20.0,0.020000000000000018,0.0034135030196003058,0.838581565563826,False,False,False,False,True
2025-11-14,0.6440524458885193,0.025696197524666786,0.3076923076923077,1.7861534357070923,0.9802541770267963,19.82999992370605,0.040000000000000036,0.02357410971397922,0.9222115875667861,False,False,False,False,True
2025-11-17,0.6821457743644714,0.027482222765684128,0.16666666666666663,1.7843875885009766,1.0382325988056174,22.3799991607666,0.020000000000000018,0.003000007336277477,0.6641450713748449,False,False,False,False,True
2025-11-18,0.6951867341995239,0.028144557029008865,0.05882352941176472,1.7849762439727783,1.0580810683399782,24.690000534057617,0.020000000000000018,0.013759053702353086,0.6968508699210818,False,False,False,False,True
2025-11-19,0.5670603513717651,0.018557796254754066,0.11428571428571432,1.7857086658477783,0.8630714495488018,23.65999984741211,0.0,0.02163510994555029,0.49772828567844063,False,False,False,False,True
2025-11-20,0.42332616448402405,0.011873146519064903,0.11428571428571432,1.7841438055038452,0.6443065989877864,26.420000076293945,0.03000000000000025,0.00505987320180612,0.9666673419474764,False,False,False,False,True
2025-11-21,0.688200831413269,0.027821462601423264,0.21621621621621623,1.7865420579910278,1.0474484553746128,23.43000030517578,0.040000000000000036,0.018430521854432058,1.341195316330536,False,False,False,False,True
2025-11-24,0.4317857325077057,0.01148531399667263,0.11428571428571432,1.7855709791183472,0.6571821449840695,20.520000457763672,0.04999999999999982,0.013344916077058677,0.9116233133824253,False,False,False,False,True
2025-11-25,0.6112874746322632,0.021919356659054756,0.21621621621621623,1.7857208251953125,0.9303855675072737,18.559999465942383,0.029999999999999805,0.015241315375265962,0.9659241852379409,False,False,False,False,True
2025-11-26,0.5161508917808533,0.01577162742614746,0.11428571428571432,1.7852040529251099,0.7855867497658181,17.190000534057617,0.020000000000000018,0.012007018164935879,0.7115296331409592,False,False,False,False,True
2025-11-27,0.4614470601081848,0.01295195147395134,0.16666666666666663,1.78436279296875,0.7023269782381654,17.190000534057617,0.0,0.0,0.0709801758529312,False,False,False,False,True
2025-11-28,0.5992641448974609,0.020992180332541466,0.26315789473684215,1.7852290868759155,0.91208594102569,16.350000381469727,0.020000000000000018,0.0017065241030111977,0.621657719433593,False,False,False,False,True
2025-12-01,0.6364655494689941,0.024009479209780693,0.21621621621621623,1.7839709520339966,0.9687068458220384,17.239999771118164,0.06999999999999984,0.013065435111999868,0.8648263853796234,False,True,False,False,False
2025-12-02,0.5671786069869995,0.020086240023374557,0.26315789473684215,1.7854256629943848,0.8632514357619283,16.59000015258789,0.03000000000000025,0.011529464955218671,0.6318888773853959,False,False,False,False,True
2025-12-03,0.2971571981906891,0.0067184423096477985,0.11428571428571432,1.783913016319275,0.45227618747437004,16.079999923706055,0.019999999999999574,0.005272592755580341,0.6037632652675727,False,False,False,False,True
2025-12-04,0.5643836259841919,0.019600821658968925,0.3076923076923077,1.7843832969665527,0.8589974470996651,15.779999732971191,0.029999999999999805,0.012139710922111746,0.4466400054000098,False,False,False,False,True
2025-12-05,0.664258599281311,0.02602754905819893,0.21621621621621623,1.7857152223587036,1.0110081418496497,15.40999984741211,0.040000000000000036,0.006847687085183907,0.6173799708262343,False,False,False,False,True
2025-12-08,0.3649345636367798,0.008967703208327293,0.35,1.7861405611038208,0.555434006391965,16.65999984741211,0.009999999999999787,0.020175545371656334,0.5506895243787402,False,False,False,False,True
2025-12-09,0.5207963585853577,0.01638297736644745,0.26315789473684215,1.7858531475067139,0.7926571960756252,16.93000030517578,0.040000000000000036,0.010757400115354088,0.6311787769902818,False,False,False,False,True
2025-12-10,0.5203877091407776,0.01618473418056965,0.21621621621621623,1.7864203453063965,0.7920352275891355,15.770000457763672,0.06999999999999984,0.0035986515765413785,0.6083289122682808,False,True,False,False,True
2025-12-11,0.42829883098602295,0.011030354537069798,0.11428571428571432,1.7872236967086792,0.6518750464654153,14.850000381469728,0.020000000000000018,0.01482020281145946,0.9323705274296034,False,False,False,False,True
2025-12-12,0.484541118144989,0.014978392980992794,0.16666666666666663,1.7852559089660645,0.7374763624220042,15.739999771118164,0.0,0.002781640379193817,0.738429363120252,False,False,False,False,True
2025-12-15,0.5692314505577087,0.018839353695511818,0.05882352941176472,1.7856014966964722,0.8663758839304221,16.5,0.010000000000000231,0.010852529776578024,0.41695176487163105,False,False,False,False,True
2025-12-16,0.43260589241981506,0.011025103740394115,0.11428571428571432,1.785069227218628,0.6584304364622052,16.479999542236328,0.029999999999999805,0.02765809692763188,0.7082939037379298,False,False,False,False,True
