target_date,gross_return,turnover,transaction_cost,net_return,wealth,tc_bps,model,universe,lookback,seed
2021-10-11,0.004769150982610881,1.0,0.0,0.004769150982610881,1.0047691509826109,0.0,oursmain,core6,10,42
2021-10-12,-0.0008906727307476103,0.5,0.0,-0.0008906727307476103,1.0038742304991342,0.0,oursmain,core6,10,42
2021-10-13,0.0010333011650800472,0.5,0.0,0.0010333011650800472,1.0049115349111029,0.0,oursmain,core6,10,42
2021-10-14,0.005311471308232285,1.0,0.0,0.005311471308232285,1.0102490936960948,0.0,oursmain,core6,10,42
2021-10-15,-0.0004959720681654289,0.0,0.0,-0.0004959720681654289,1.009748038363732,0.0,oursmain,core6,10,42
2021-10-18,0.0038168403843883425,0.0,0.0,0.0038168403843883425,1.0136020854546157,0.0,oursmain,core6,10,42
2021-10-19,-0.0008842049865052104,0.0,0.0,-0.0008842049865052104,1.0127058534363247,0.0,oursmain,core6,10,42
2021-10-20,-0.005870526365470141,0.5,0.0,-0.005870526365470141,1.0067607370232607,0.0,oursmain,core6,10,42
2021-10-21,-0.0010726189939305186,0.0,0.0,-0.0010726189939305186,1.0056808663343861,0.0,oursmain,core6,10,42
2021-10-22,0.002012043376453221,0.5,0.0,0.002012043376453221,1.00770433986032,0.0,oursmain,core6,10,42
2021-10-25,0.0006171427085064352,0.5,0.0,0.0006171427085064352,1.0083262372459951,0.0,oursmain,core6,10,42
2021-10-26,-0.0017204310061060824,0.0,0.0,-0.0017204310061060824,1.006591481523167,0.0,oursmain,core6,10,42
2021-10-27,0.0003059445880353451,0.0,0.0,0.0003059445880353451,1.0068994427393014,0.0,oursmain,core6,10,42
2021-10-28,0.0012925044866278768,0.5,0.0,0.0012925044866278768,1.0082008647866252,0.0,oursmain,core6,10,42
2021-10-29,-0.0023881398665253073,0.0,0.0,-0.0023881398665253073,1.005793140107963,0.0,oursmain,core6,10,42
2021-11-01,-0.0060883741825819016,0.0,0.0,-0.0060883741825819016,0.9996694951207117,0.0,oursmain,core6,10,42
2021-11-02,-4.24577810917981e-05,0.0,0.0,-4.24577810917981e-05,0.9996270513721237,0.0,oursmain,core6,10,42
2021-11-03,-0.00510730838868767,0.0,0.0,-0.00510730838868767,0.9945216477470917,0.0,oursmain,core6,10,42
2021-11-04,-0.001568438698996033,0.0,0.0,-0.001568438698996033,0.9929618015077759,0.0,oursmain,core6,10,42
2021-11-05,0.0015038201527204365,0.0,0.0,0.0015038201527204365,0.9944550374757649,0.0,oursmain,core6,10,42
2021-11-08,-0.006732033740263432,0.0,0.0,-0.006732033740263432,0.9877603326103032,0.0,oursmain,core6,10,42
2021-11-09,0.005634542612824589,0.0,0.0,0.005634542612824589,0.9933259102956538,0.0,oursmain,core6,10,42
2021-11-10,-0.001619052025489509,0.0,0.0,-0.001619052025489509,0.9917176639686184,0.0,oursmain,core6,10,42
2021-11-11,-0.0012009735037281644,0.0,0.0,-0.0012009735037281644,0.9905266373310129,0.0,oursmain,core6,10,42
2021-11-12,0.0009169328259304166,0.5,0.0,0.0009169328259304166,0.9914348837197402,0.0,oursmain,core6,10,42
2021-11-15,0.00043746246956288815,0.5,0.0,0.00043746246956288815,0.991868599272383,0.0,oursmain,core6,10,42
2021-11-16,-0.0083502343040891,0.0,0.0,-0.0083502343040891,0.9835862640695899,0.0,oursmain,core6,10,42
2021-11-17,-0.00107851333450526,0.0,0.0,-0.00107851333450526,0.9825254531681546,0.0,oursmain,core6,10,42
2021-11-18,-0.0015102120232768357,0.0,0.0,-0.0015102120232768357,0.9810416314156046,0.0,oursmain,core6,10,42
2021-11-19,0.0010562159586697817,0.0,0.0,0.0010562159586697817,0.9820778232428252,0.0,oursmain,core6,10,42
2021-11-22,0.0025187433493556455,1.0,0.0,0.0025187433493556455,0.9845514252286678,0.0,oursmain,core6,10,42
2021-11-23,0.0006070647941669449,0.0,0.0,0.0006070647941669449,0.985149111736971,0.0,oursmain,core6,10,42
2021-11-24,0.0028031933834427036,0.5,0.0,0.0028031933834427036,0.9879106752086965,0.0,oursmain,core6,10,42
2021-11-25,-0.0034059167373925447,0.0,0.0,-0.0034059167373925447,0.9845459337049544,0.0,oursmain,core6,10,42
2021-11-26,-0.0007040097552817315,0.0,0.0,-0.0007040097552817315,0.9838528037631031,0.0,oursmain,core6,10,42
2021-11-29,-0.00030986929778009653,0.0,0.0,-0.00030986929778009653,0.9835479379856821,0.0,oursmain,core6,10,42
2021-11-30,-0.0020818093325942755,0.5,0.0,-0.0020818093325942755,0.9815003787093296,0.0,oursmain,core6,10,42
2021-12-01,0.0015225243987515569,0.5,0.0,0.0015225243987515569,0.9829947369832984,0.0,oursmain,core6,10,42
2021-12-02,0.0030481612411676906,0.5,0.0,0.0030481612411676906,0.9859910634408428,0.0,oursmain,core6,10,42
2021-12-03,-0.007184161047916859,0.5,0.0,-0.007184161047916859,0.9789075448492769,0.0,oursmain,core6,10,42
2021-12-06,-0.0011278126621618867,1.0,0.0,-0.0011278126621618867,0.9778035205251101,0.0,oursmain,core6,10,42
2021-12-07,-0.007055077294353396,0.5,0.0,-0.007055077294353396,0.9709050411091146,0.0,oursmain,core6,10,42
2021-12-08,-0.0006708833971060812,0.5,0.0,-0.0006708833971060812,0.9702536770368678,0.0,oursmain,core6,10,42
2021-12-09,-0.0004417998861754313,0.0,0.0,-0.0004417998861754313,0.9698250190727916,0.0,oursmain,core6,10,42
2021-12-10,-0.004038010345539078,0.0,0.0,-0.004038010345539078,0.965908855612413,0.0,oursmain,core6,10,42
2021-12-13,-6.787513848394156e-05,0.0,0.0,-6.787513848394156e-05,0.9658432944150754,0.0,oursmain,core6,10,42
2021-12-14,0.004384408894111402,0.0,0.0,0.004384408894111402,0.9700779463454268,0.0,oursmain,core6,10,42
2021-12-15,-0.0006172808352857828,0.0,0.0,-0.0006172808352857828,0.9694791358204143,0.0,oursmain,core6,10,42
2021-12-16,-0.006400561600457877,0.0,0.0,-0.006400561600457877,0.9632739248912371,0.0,oursmain,core6,10,42
2021-12-17,-0.0024036116083152592,0.0,0.0,-0.0024036116083152592,0.9609585885033811,0.0,oursmain,core6,10,42
2021-12-20,0.004917846876196563,0.0,0.0,0.004917846876196563,0.9656844356960067,0.0,oursmain,core6,10,42
2021-12-21,0.004494120832532644,0.0,0.0,0.004494120832532644,0.9700243382361207,0.0,oursmain,core6,10,42
2021-12-22,0.004121014149859548,0.0,0.0,0.004121014149859548,0.9740218222596999,0.0,oursmain,core6,10,42
2021-12-23,-0.00024671509163454175,0.5,0.0,-0.00024671509163454175,0.9737815163765671,0.0,oursmain,core6,10,42
2021-12-24,0.00462499272543937,0.0,0.0,0.00462499272543937,0.978285248805976,0.0,oursmain,core6,10,42
2021-12-27,-0.00034575819154269993,0.5,0.0,-0.00034575819154269993,0.977946998667536,0.0,oursmain,core6,10,42
2021-12-28,0.0010665376903489232,0.0,0.0,0.0010665376903489232,0.9789900160007785,0.0,oursmain,core6,10,42
2021-12-29,0.0016797406460682396,0.5,0.0,0.0016797406460682396,0.98063446532275,0.0,oursmain,core6,10,42
2021-12-30,0.0,0.5,0.0,0.0,0.98063446532275,0.0,oursmain,core6,10,42
2021-12-31,-5.1968556363135576e-05,0.5,0.0,-5.1968556363135576e-05,0.9805835031652672,0.0,oursmain,core6,10,42
2022-01-03,-0.0021432116045616567,0.0,0.0,-0.0021432116045616567,0.9784819052220417,0.0,oursmain,core6,10,42
2022-01-04,-0.0022396840358851478,0.5,0.0,-0.0022396840358851478,0.9762904149195134,0.0,oursmain,core6,10,42
2022-01-05,-0.0022494173026643693,0.5,0.0,-0.0022494173026643693,0.974094330367768,0.0,oursmain,core6,10,42
2022-01-06,-0.0012333618942648172,0.0,0.0,-0.0012333618942648172,0.972892919539273,0.0,oursmain,core6,10,42
2022-01-07,0.005328170402208343,0.0,0.0,0.005328170402208343,0.9780766587976802,0.0,oursmain,core6,10,42
2022-01-10,-0.0022260909609030932,0.0,0.0,-0.0022260909609030932,0.9758993711884604,0.0,oursmain,core6,10,42
2022-01-11,0.00018984172493219376,0.5,0.0,0.00018984172493219376,0.976084637608447,0.0,oursmain,core6,10,42
2022-01-12,0.00019245791190769523,0.5,0.0,0.00019245791190769523,0.9762724928196463,0.0,oursmain,core6,10,42
2022-01-13,-0.0028615384362637997,0.5,0.0,-0.0028615384362637997,0.9734788515571758,0.0,oursmain,core6,10,42
2022-01-14,-0.0025337173719890416,0.0,0.0,-0.0025337173719890416,0.9710123312797215,0.0,oursmain,core6,10,42
2022-01-17,-0.0031133011798374355,0.5,0.0,-0.0031133011798374355,0.9679892774431117,0.0,oursmain,core6,10,42
2022-01-18,0.0015337806835304946,0.5,0.0,0.0015337806835304946,0.9694739606987186,0.0,oursmain,core6,10,42
2022-01-19,0.004344046057667583,0.0,0.0,0.004344046057667583,0.9736854002357033,0.0,oursmain,core6,10,42
2022-01-20,-0.009691971237771213,0.0,0.0,-0.009691971237771213,0.964248469341981,0.0,oursmain,core6,10,42
2022-01-21,-0.0077556350152008235,0.0,0.0,-0.0077556350152008235,0.9567701101497986,0.0,oursmain,core6,10,42
2022-01-24,0.004794074746314436,0.5,0.0,0.004794074746314436,0.9613569375728963,0.0,oursmain,core6,10,42
2022-01-25,0.007511188974604011,0.0,0.0,0.007511188974604011,0.9685778712030529,0.0,oursmain,core6,10,42
2022-01-26,-0.0051490613259375095,0.0,0.0,-0.0051490613259375095,0.9635906043452824,0.0,oursmain,core6,10,42
2022-01-27,-0.0029639195854542777,0.0,0.0,-0.0029639195854542777,0.9607345992807037,0.0,oursmain,core6,10,42
2022-01-28,0.0034659432130865753,0.0,0.0,0.0034659432130865753,0.9640644508446581,0.0,oursmain,core6,10,42
2022-01-31,0.0012146602384746075,0.0,0.0,0.0012146602384746075,0.965235461600426,0.0,oursmain,core6,10,42
2022-02-01,-0.00010452698916196823,0.0,0.0,-0.00010452698916196823,0.9651345684437925,0.0,oursmain,core6,10,42
2022-02-02,0.005764508212450892,0.0,0.0,0.005764508212450892,0.970698094589707,0.0,oursmain,core6,10,42
2022-02-03,-0.0012880609137937427,0.5,0.0,-0.0012880609137937427,0.9694477763149719,0.0,oursmain,core6,10,42
2022-02-04,0.0014783933875150979,0.0,0.0,0.0014783933875150979,0.9708810014970172,0.0,oursmain,core6,10,42
2022-02-07,0.0018762496474664658,0.0,0.0,0.0018762496474664658,0.9727026166338079,0.0,oursmain,core6,10,42
2022-02-08,0.000511727383127436,0.0,0.0,0.000511727383127436,0.9732003751983791,0.0,oursmain,core6,10,42
2022-02-09,0.0011777767213061452,0.0,0.0,0.0011777767213061452,0.9743465879454541,0.0,oursmain,core6,10,42
2022-02-10,-0.0015098380390554667,0.0,0.0,-0.0015098380390554667,0.9728754824037502,0.0,oursmain,core6,10,42
2022-02-11,0.000921074410143774,0.5,0.0,0.000921074410143774,0.9737715731148486,0.0,oursmain,core6,10,42
2022-02-14,-0.0012267125712241977,0.0,0.0,-0.0012267125712241977,0.9725770352846079,0.0,oursmain,core6,10,42
2022-02-15,-0.00016437546582892537,0.0,0.0,-0.00016437546582892537,0.9724171674813785,0.0,oursmain,core6,10,42
2022-02-16,0.00017480424139648676,0.0,0.0,0.00017480424139648676,0.972587150126661,0.0,oursmain,core6,10,42
2022-02-17,-0.000617657438851893,0.5,0.0,-0.000617657438851893,0.9719864244384535,0.0,oursmain,core6,10,42
2022-02-18,-0.0024685659573151497,0.0,0.0,-0.0024685659573151497,0.9695870118401123,0.0,oursmain,core6,10,42
2022-02-21,0.005500029714312404,0.0,0.0,0.005500029714312404,0.9749197692158443,0.0,oursmain,core6,10,42
2022-02-22,0.0013991690939292312,0.0,0.0,0.0013991690939292312,0.9762838468259918,0.0,oursmain,core6,10,42
2022-02-23,-0.00106926285661757,0.0,0.0,-0.00106926285661757,0.9752399427710651,0.0,oursmain,core6,10,42
2022-02-24,0.008886368246749043,0.0,0.0,0.008886368246749043,0.9839062840314672,0.0,oursmain,core6,10,42
2022-02-25,-0.0006720765959471464,0.5,0.0,-0.0006720765959471464,0.9832450236453643,0.0,oursmain,core6,10,42
2022-02-28,-0.0036292889271862805,0.0,0.0,-0.0036292889271862805,0.9796765433683371,0.0,oursmain,core6,10,42
2022-03-01,0.009434643317945302,0.0,0.0,0.009434643317945302,0.9889194421219749,0.0,oursmain,core6,10,42
2022-03-02,-0.0003150708507746458,0.0,0.0,-0.0003150708507746458,0.9886078624319979,0.0,oursmain,core6,10,42
2022-03-03,0.0004322939785197377,0.0,0.0,0.0004322939785197377,0.9890352316580445,0.0,oursmain,core6,10,42
2022-03-04,-0.0015109789092093706,0.0,0.0,-0.0015109789092093706,0.9875408202825442,0.0,oursmain,core6,10,42
2022-03-07,-0.003729854361154139,0.0,0.0,-0.003729854361154139,0.9838574368471956,0.0,oursmain,core6,10,42
2022-03-08,0.006858790293335915,0.0,0.0,0.006858790293335915,0.9906055086850695,0.0,oursmain,core6,10,42
2022-03-09,0.006975502939894795,0.0,0.0,0.006975502939894795,0.9975154803231782,0.0,oursmain,core6,10,42
2022-03-10,0.005858985299710184,0.0,0.0,0.005858985299710184,1.003359908858625,0.0,oursmain,core6,10,42
2022-03-11,-0.004049714538268745,0.0,0.0,-0.004049714538268745,0.9992965876486042,0.0,oursmain,core6,10,42
2022-03-14,-0.00018398952670395374,0.5,0.0,-0.00018398952670395374,0.9991127275424059,0.0,oursmain,core6,10,42
2022-03-15,0.0038288758078124374,0.0,0.0,0.0038288758078124374,1.0029382060941705,0.0,oursmain,core6,10,42
2022-03-16,0.007855313713662326,0.0,0.0,0.007855313713662326,1.010816600338458,0.0,oursmain,core6,10,42
2022-03-17,0.00029910748344263993,0.0,0.0,0.00029910748344263993,1.0111189431480072,0.0,oursmain,core6,10,42
2022-03-18,0.002079364930978045,0.0,0.0,0.002079364930978045,1.0132214284194367,0.0,oursmain,core6,10,42
2022-03-21,-0.002480298455338925,0.0,0.0,-0.002480298455338925,1.0107083368756118,0.0,oursmain,core6,10,42
2022-03-22,0.005796011188067496,0.0,0.0,0.005796011188067496,1.016566413704016,0.0,oursmain,core6,10,42
2022-03-23,0.002254460923722945,0.5,0.0,0.002254460923722945,1.0188582229600809,0.0,oursmain,core6,10,42
2022-03-24,0.002041596715571359,0.5,0.0,0.002041596715571359,1.020938320561709,0.0,oursmain,core6,10,42
2022-03-25,-0.0046313320635817945,0.0,0.0,-0.0046313320635817945,1.0162100161827523,0.0,oursmain,core6,10,42
2022-03-28,-0.001969812816241756,0.5,0.0,-0.001969812816241756,1.0142082726688824,0.0,oursmain,core6,10,42
2022-03-29,0.00024974229745566845,0.5,0.0,0.00024974229745566845,1.0144615633729972,0.0,oursmain,core6,10,42
2022-03-30,0.002467251440975815,0.5,0.0,0.002467251440975815,1.0169644951270438,0.0,oursmain,core6,10,42
2022-03-31,-0.0001668815966695547,1.0,0.0,-0.0001668815966695547,1.0167947824683408,0.0,oursmain,core6,10,42
2022-04-01,0.005428976379334927,0.0,0.0,0.005428976379334927,1.0223149373249925,0.0,oursmain,core6,10,42
2022-04-04,0.0036562028326443397,0.0,0.0,0.0036562028326443397,1.0260527280946947,0.0,oursmain,core6,10,42
2022-04-05,-0.004640426661353558,0.5,0.0,-0.004640426661353558,1.0212914056592894,0.0,oursmain,core6,10,42
2022-04-06,-0.0025334054371342063,0.5,0.0,-0.0025334054371342063,1.0187040604592938,0.0,oursmain,core6,10,42
2022-04-07,0.0007232460338855162,0.5,0.0,0.0007232460338855162,1.0194408341307242,0.0,oursmain,core6,10,42
2022-04-08,-0.002522675902582705,0.0,0.0,-0.002522675902582705,1.0168691153043539,0.0,oursmain,core6,10,42
2022-04-11,0.0036897116078762338,0.5,0.0,0.0036897116078762338,1.0206210690827833,0.0,oursmain,core6,10,42
2022-04-12,0.0016454145224997774,0.0,0.0,0.0016454145224997774,1.0223004138118212,0.0,oursmain,core6,10,42
2022-04-13,0.004344525863416493,0.0,0.0,0.004344525863416493,1.026741824399808,0.0,oursmain,core6,10,42
2022-04-14,0.001323102173046209,1.0,0.0,0.001323102173046209,1.028100308738829,0.0,oursmain,core6,10,42
2022-04-15,0.0007750721415504813,0.0,0.0,0.0007750721415504813,1.0288971606468518,0.0,oursmain,core6,10,42
2022-04-18,0.009143860355834477,0.0,0.0,0.009143860355834477,1.0383052526043213,0.0,oursmain,core6,10,42
2022-04-19,0.002526802709326148,0.0,0.0,0.002526802709326148,1.0409288451297094,0.0,oursmain,core6,10,42
2022-04-20,-0.007011003093793988,0.0,0.0,-0.007011003093793988,1.0336308897760855,0.0,oursmain,core6,10,42
2022-04-21,-0.011462677095551044,0.0,0.0,-0.011462677095551044,1.0217827126505952,0.0,oursmain,core6,10,42
2022-04-22,-0.007070405699778348,0.0,0.0,-0.007070405699778348,1.0145582943351354,0.0,oursmain,core6,10,42
2022-04-25,-0.001469448208808899,0.0,0.0,-0.001469448208808899,1.0130674534667925,0.0,oursmain,core6,10,42
2022-04-26,0.0068081472418271005,0.0,0.0,0.0068081472418271005,1.0199645658558973,0.0,oursmain,core6,10,42
2022-04-27,0.008798770402790979,0.0,0.0,0.008798770402790979,1.0289389998898457,0.0,oursmain,core6,10,42
2022-04-28,0.001692765043117106,0.0,0.0,0.001692765043117106,1.0306807518603591,0.0,oursmain,core6,10,42
2022-04-29,-0.0064632887952029705,0.0,0.0,-0.0064632887952029705,1.0240191645054286,0.0,oursmain,core6,10,42
2022-05-02,0.003549506076524267,0.0,0.0,0.003549506076524267,1.027653926752318,0.0,oursmain,core6,10,42
2022-05-03,3.152340650558472e-05,0.5,0.0,3.152340650558472e-05,1.027686321904798,0.0,oursmain,core6,10,42
2022-05-04,-0.00592668866738677,0.0,0.0,-0.00592668866738677,1.0215955450271366,0.0,oursmain,core6,10,42
2022-05-05,0.0005856729549122974,0.0,0.0,0.0005856729549122974,1.0221938659087177,0.0,oursmain,core6,10,42
2022-05-06,-0.013740945956669748,0.5,0.0,-0.013740945956669748,1.0081479552400268,0.0,oursmain,core6,10,42
2022-05-09,-0.0040190014042309485,0.0,0.0,-0.0040190014042309485,1.0040962071922446,0.0,oursmain,core6,10,42
2022-05-10,0.006721575919073075,0.5,0.0,0.006721575919073075,1.0108453160789406,0.0,oursmain,core6,10,42
2022-05-11,-0.0006973138079047203,0.0,0.0,-0.0006973138079047203,1.010140439682383,0.0,oursmain,core6,10,42
2022-05-12,0.00784860856947489,0.0,0.0,0.00784860856947489,1.0180686365936473,0.0,oursmain,core6,10,42
2022-05-13,0.0019229818426538259,0.0,0.0,0.0019229818426538259,1.0200263640963922,0.0,oursmain,core6,10,42
2022-05-16,-0.002508995938114822,0.0,0.0,-0.002508995938114822,1.0174671220921043,0.0,oursmain,core6,10,42
2022-05-17,-0.013378299656324089,0.5,0.0,-0.013378299656324089,1.0038551420422985,0.0,oursmain,core6,10,42
2022-05-18,-0.0012450265639927238,0.0,0.0,-0.0012450265639927238,1.002605315724055,0.0,oursmain,core6,10,42
2022-05-19,0.00024280673824250698,0.0,0.0,0.00024280673824250698,1.0028487550505107,0.0,oursmain,core6,10,42
2022-05-20,0.0008336504542967305,0.0,0.0,0.0008336504542967305,1.0036847803707496,0.0,oursmain,core6,10,42
2022-05-23,-0.009862993378192186,0.0,0.0,-0.009862993378192186,0.9937854440281606,0.0,oursmain,core6,10,42
2022-05-24,0.0012259736322448589,0.0,0.0,0.0012259736322448589,0.9950037987786479,0.0,oursmain,core6,10,42
2022-05-25,0.0007248809852171689,0.0,0.0,0.0007248809852171689,0.9957250581126014,0.0,oursmain,core6,10,42
2022-05-26,0.007916796952486038,0.0,0.0,0.007916796952486038,1.003608011218181,0.0,oursmain,core6,10,42
2022-05-27,0.005593003312242217,0.5,0.0,0.005593003312242217,1.0092211941491172,0.0,oursmain,core6,10,42
2022-05-30,0.003515292948577553,0.0,0.0,0.003515292948577553,1.0127689022964645,0.0,oursmain,core6,10,42
2022-05-31,0.0011649836087599397,0.0,0.0,0.0011649836087599397,1.0139487614671017,0.0,oursmain,core6,10,42
2022-06-01,0.0038874162710271776,0.0,0.0,0.0038874162710271776,1.0178904023804167,0.0,oursmain,core6,10,42
2022-06-02,0.0014698708546347916,0.0,0.0,0.0014698708546347916,1.0193865698160882,0.0,oursmain,core6,10,42
2022-06-03,0.007733503560302779,0.5,0.0,0.007733503560302779,1.0272699994830858,0.0,oursmain,core6,10,42
2022-06-06,0.005059589457232505,0.0,0.0,0.005059589457232505,1.0324675639422016,0.0,oursmain,core6,10,42
2022-06-07,-0.0006343004060909152,0.0,0.0,-0.0006343004060909152,1.0318126693471175,0.0,oursmain,core6,10,42
2022-06-08,-0.00022593443281948566,0.5,0.0,-0.00022593443281948566,1.0315795473368925,0.0,oursmain,core6,10,42
2022-06-09,-0.0032753509003669024,0.0,0.0,-0.0032753509003669024,1.0282007623377225,0.0,oursmain,core6,10,42
2022-06-10,0.0023678329307585955,0.5,0.0,0.0023678329307585955,1.0306353699622168,0.0,oursmain,core6,10,42
2022-06-13,-0.004402345512062311,0.0,0.0,-0.004402345512062311,1.026098156966691,0.0,oursmain,core6,10,42
2022-06-14,0.00035242666490375996,1.5,0.0,0.00035242666490375996,1.0264597813180145,0.0,oursmain,core6,10,42
2022-06-15,-0.01995505951344967,0.0,0.0,-0.01995505951344967,1.005976715293651,0.0,oursmain,core6,10,42
2022-06-16,0.004934901255182922,0.0,0.0,0.004934901255182922,1.0109411110486384,0.0,oursmain,core6,10,42
2022-06-17,-0.0012495386181399226,0.0,0.0,-0.0012495386181399226,1.0096779010897179,0.0,oursmain,core6,10,42
2022-06-20,0.00945991335902363,0.5,0.0,0.00945991335902363,1.0192293665545475,0.0,oursmain,core6,10,42
2022-06-21,-0.006571975944098085,0.0,0.0,-0.006571975944098085,1.0125310156760328,0.0,oursmain,core6,10,42
2022-06-22,-0.006146967352833599,0.0,0.0,-0.006146967352833599,1.0063070205789408,0.0,oursmain,core6,10,42
2022-06-23,0.005946922756265849,0.0,0.0,0.005946922756265849,1.0122914506994118,0.0,oursmain,core6,10,42
2022-06-24,0.0014836296904832125,0.0,0.0,0.0014836296904832125,1.0137933163510917,0.0,oursmain,core6,10,42
2022-06-27,0.002939990474260412,0.0,0.0,0.002939990474260412,1.0167738590440327,0.0,oursmain,core6,10,42
2022-06-28,0.0031568715639878064,0.0,0.0,0.0031568715639878064,1.019983683526655,0.0,oursmain,core6,10,42
2022-06-29,-0.0027560208982322365,0.0,0.0,-0.0027560208982322365,1.0171725871789996,0.0,oursmain,core6,10,42
2022-06-30,-0.009600815770681947,0.0,0.0,-0.009600815770681947,1.0074069005625061,0.0,oursmain,core6,10,42
2022-07-01,0.002417457933916012,0.5,0.0,0.002417457933916012,1.0098422643669527,0.0,oursmain,core6,10,42
2022-07-04,0.004495870089158416,0.0,0.0,0.004495870089158416,1.014382383998088,0.0,oursmain,core6,10,42
2022-07-05,0.0043943211567238905,0.0,0.0,0.0043943211567238905,1.018839905969099,0.0,oursmain,core6,10,42
2022-07-06,0.007131470672902651,0.5,0.0,0.007131470672902651,1.0261057328789005,0.0,oursmain,core6,10,42
2022-07-07,0.004606827787938528,0.0,0.0,0.004606827787938528,1.03083282528249,0.0,oursmain,core6,10,42
2022-07-08,-0.002935330383479595,0.5,0.0,-0.002935330383479595,1.0278069903701503,0.0,oursmain,core6,10,42
2022-07-11,0.00037264724960550666,0.5,0.0,0.00037264724960550666,1.028189999818237,0.0,oursmain,core6,10,42
2022-07-12,0.004885632821242325,0.0,0.0,0.004885632821242325,1.0332133586278223,0.0,oursmain,core6,10,42
2022-07-13,0.0009675083274487406,0.0,0.0,0.0009675083274487406,1.034213001156326,0.0,oursmain,core6,10,42
2022-07-14,0.0015316770877689123,0.0,0.0,0.0015316770877689123,1.0357970815140698,0.0,oursmain,core6,10,42
2022-07-15,-0.00039266084786504507,0.0,0.0,-0.00039266084786504507,1.0353903645538263,0.0,oursmain,core6,10,42
2022-07-18,0.00490732271282468,0.0,0.0,0.00490732271282468,1.0404713592064412,0.0,oursmain,core6,10,42
2022-07-19,0.0012325191055424511,0.0,0.0,0.0012325191055424511,1.0417537600354327,0.0,oursmain,core6,10,42
2022-07-20,-0.003937812281947117,0.0,0.0,-0.003937812281947117,1.0376515292844006,0.0,oursmain,core6,10,42
2022-07-21,0.0035610608756542206,0.0,0.0,0.0035610608756542206,1.0413466695478981,0.0,oursmain,core6,10,42
2022-07-22,-0.0026384107768535614,0.5,0.0,-0.0026384107768535614,1.0385991692725223,0.0,oursmain,core6,10,42
2022-07-25,0.0066424302058294415,0.5,0.0,0.0066424302058294415,1.0454979917662475,0.0,oursmain,core6,10,42
2022-07-26,-0.006161487312056124,0.5,0.0,-0.006161487312056124,1.0390561691551996,0.0,oursmain,core6,10,42
2022-07-27,-0.0015114598209038377,0.0,0.0,-0.0015114598209038377,1.0374856775038592,0.0,oursmain,core6,10,42
2022-07-28,-0.003809580928646028,0.0,0.0,-0.003809580928646028,1.033533291853097,0.0,oursmain,core6,10,42
2022-07-29,-0.00702511565759778,0.0,0.0,-0.00702511565759778,1.0262726009418512,0.0,oursmain,core6,10,42
2022-08-01,0.004320556879974902,0.0,0.0,0.004320556879974902,1.0307066700885803,0.0,oursmain,core6,10,42
2022-08-02,0.001062969648046419,0.5,0.0,0.001062969648046419,1.0318022799949234,0.0,oursmain,core6,10,42
2022-08-03,-0.006184696278069168,0.0,0.0,-0.006184696278069168,1.0254208962741356,0.0,oursmain,core6,10,42
2022-08-04,0.00530229858122766,0.5,0.0,0.00530229858122766,1.030857984037611,0.0,oursmain,core6,10,42
2022-08-05,0.0077521694474853575,0.0,0.0,0.0077521694474853575,1.0388493698061638,0.0,oursmain,core6,10,42
2022-08-08,-0.0016418673912994564,0.0,0.0,-0.0016418673912994564,1.037143716901407,0.0,oursmain,core6,10,42
2022-08-09,0.002538996282964945,0.5,0.0,0.002538996282964945,1.0397770209435202,0.0,oursmain,core6,10,42
2022-08-10,0.0005478700913954526,0.0,0.0,0.0005478700913954526,1.0403466836750155,0.0,oursmain,core6,10,42
2022-08-11,0.001622807263629511,0.0,0.0,0.001622807263629511,1.0420349658299761,0.0,oursmain,core6,10,42
2022-08-12,-0.0022433316335082054,0.0,0.0,-0.0022433316335082054,1.039697335827908,0.0,oursmain,core6,10,42
2022-08-15,0.001295266905799508,0.0,0.0,0.001295266905799508,1.0410440213790537,0.0,oursmain,core6,10,42
2022-08-16,-0.006414888717699796,0.5,0.0,-0.006414888717699796,1.0343658398316804,0.0,oursmain,core6,10,42
2022-08-17,0.0059178281808272,0.0,0.0,0.0059178281808272,1.0404870391479213,0.0,oursmain,core6,10,42
2022-08-18,-0.002527480013668537,0.5,0.0,-0.002527480013668537,1.0378572289519938,0.0,oursmain,core6,10,42
2022-08-19,0.005943421354459133,0.0,0.0,0.005943421354459133,1.0440256517694269,0.0,oursmain,core6,10,42
2022-08-22,0.005702256844415388,0.5,0.0,0.005702256844415388,1.0499789541879743,0.0,oursmain,core6,10,42
2022-08-23,-0.0016719190025469288,0.5,0.0,-0.0016719190025469288,1.048223474422193,0.0,oursmain,core6,10,42
2022-08-24,0.0031563192460453138,0.0,0.0,0.0031563192460453138,1.0515320023486683,0.0,oursmain,core6,10,42
2022-08-25,-0.0034916100557893515,0.0,0.0,-0.0034916100557893515,1.0478604626352834,0.0,oursmain,core6,10,42
2022-08-26,-0.003054465167224407,0.0,0.0,-0.003054465167224407,1.0446598093520523,0.0,oursmain,core6,10,42
2022-08-29,-0.0028949356637895107,0.0,0.0,-0.0028949356637895107,1.0416355864134315,0.0,oursmain,core6,10,42
2022-08-30,-0.0006862172740511596,0.0,0.0,-0.0006862172740511596,1.0409207980807682,0.0,oursmain,core6,10,42
2022-08-31,-0.0009763507841853425,0.0,0.0,-0.0009763507841853425,1.0399044942432871,0.0,oursmain,core6,10,42
2022-09-01,0.008066676738962997,0.0,0.0,0.008066676738962997,1.0482930676377424,0.0,oursmain,core6,10,42
2022-09-02,-0.0059878111351281404,0.5,0.0,-0.0059878111351281404,1.0420160867344634,0.0,oursmain,core6,10,42
2022-09-05,-0.0024482314474880695,0.0,0.0,-0.0024482314474880695,1.0394649901821316,0.0,oursmain,core6,10,42
2022-09-06,-0.000953426118940115,0.5,0.0,-0.000953426118940115,1.038473937110768,0.0,oursmain,core6,10,42
2022-09-07,-0.0018075688421959057,0.5,0.0,-0.0018075688421959057,1.036596823978614,0.0,oursmain,core6,10,42
2022-09-08,0.001263788202777505,0.0,0.0,0.001263788202777505,1.0379068628157948,0.0,oursmain,core6,10,42
2022-09-09,-0.0020979937398806214,0.0,0.0,-0.0020979937398806214,1.035729340715028,0.0,oursmain,core6,10,42
2022-09-12,-0.0042219324968755245,0.0,0.0,-0.0042219324968755245,1.0313565613534958,0.0,oursmain,core6,10,42
2022-09-13,-0.00160324847092852,0.0,0.0,-0.00160324847092852,1.0297030405235237,0.0,oursmain,core6,10,42
2022-09-14,-0.005215321405557916,1.0,0.0,-0.005215321405557916,1.0243328082149132,0.0,oursmain,core6,10,42
2022-09-15,-0.0045932463253848255,0.0,0.0,-0.0045932463253848255,1.019627795307609,0.0,oursmain,core6,10,42
2022-09-16,0.0011271708353888243,0.0,0.0,0.0011271708353888243,1.0207770900214315,0.0,oursmain,core6,10,42
2022-09-19,0.0005126082105562091,0.0,0.0,0.0005126082105562091,1.021300348738924,0.0,oursmain,core6,10,42
2022-09-20,-0.0028529870323836803,0.5,0.0,-0.0028529870323836803,1.018386592087803,0.0,oursmain,core6,10,42
2022-09-21,-0.004709760949481279,0.0,0.0,-0.004709760949481279,1.0135902346849126,0.0,oursmain,core6,10,42
2022-09-22,-0.003377823857590556,0.0,0.0,-0.003377823857590556,1.010166505408373,0.0,oursmain,core6,10,42
2022-09-23,-0.002460451563820243,0.0,0.0,-0.002460451563820243,1.007681039650422,0.0,oursmain,core6,10,42
2022-09-26,-0.001565462298458442,0.0,0.0,-0.001565462298458442,1.006103552973978,0.0,oursmain,core6,10,42
2022-09-27,0.0005572621012106538,0.0,0.0,0.0005572621012106538,1.0066642163539437,0.0,oursmain,core6,10,42
2022-09-28,-0.0046622883673990145,0.0,0.0,-0.0046622883673990145,1.0019708574881598,0.0,oursmain,core6,10,42
2022-09-29,-0.004099968820810318,0.5,0.0,-0.004099968820810318,0.9978628082130978,0.0,oursmain,core6,10,42
2022-09-30,0.004920003120787442,0.0,0.0,0.004920003120787442,1.0027722963436239,0.0,oursmain,core6,10,42
2022-10-03,-0.005668779253028333,0.5,0.0,-0.005668779253028333,0.9970878015545995,0.0,oursmain,core6,10,42
2022-10-04,-0.00185409898404032,0.0,0.0,-0.00185409898404032,0.9952391020747382,0.0,oursmain,core6,10,42
2022-10-05,-0.005002537043765187,0.5,0.0,-0.005002537043765187,0.9902603815992057,0.0,oursmain,core6,10,42
2022-10-06,0.002755853725830093,0.5,0.0,0.002755853725830093,0.9929893943613778,0.0,oursmain,core6,10,42
2022-10-07,0.0015821675187908113,0.0,0.0,0.0015821675187908113,0.9945604699276401,0.0,oursmain,core6,10,42
2022-10-10,-3.020232543349266e-05,0.5,0.0,-3.020232543349266e-05,0.9945304318886641,0.0,oursmain,core6,10,42
2022-10-11,-0.011964142409851775,0.5,0.0,-0.011964142409851775,0.9826317281706167,0.0,oursmain,core6,10,42
2022-10-12,-0.008107422443572432,0.0,0.0,-0.008107422443572432,0.9746651176438799,0.0,oursmain,core6,10,42
2022-10-13,-0.006539911963045597,0.5,0.0,-0.006539911963045597,0.9682908935810374,0.0,oursmain,core6,10,42
2022-10-14,-0.004277893924154341,0.0,0.0,-0.004277893924154341,0.9641486478505731,0.0,oursmain,core6,10,42
2022-10-17,-0.003483524575131014,0.0,0.0,-0.003483524575131014,0.9607900123417062,0.0,oursmain,core6,10,42
2022-10-18,0.004504934418946505,0.5,0.0,0.004504934418946505,0.9651183083376844,0.0,oursmain,core6,10,42
2022-10-19,0.002871831995435059,0.5,0.0,0.002871831995435059,0.9678899659749487,0.0,oursmain,core6,10,42
2022-10-20,-0.0041134238708764315,0.5,0.0,-0.0041134238708764315,0.9639086242845256,0.0,oursmain,core6,10,42
2022-10-21,-0.00504279276356101,0.0,0.0,-0.00504279276356101,0.9590478328492495,0.0,oursmain,core6,10,42
2022-10-24,-0.004594244062900543,1.0,0.0,-0.004594244062900543,0.9546417330371443,0.0,oursmain,core6,10,42
2022-10-25,-0.0026213908568024635,0.5,0.0,-0.0026213908568024635,0.9521392439266386,0.0,oursmain,core6,10,42
2022-10-26,-0.005348877341020852,0.0,0.0,-0.005348877341020852,0.9470463678993027,0.0,oursmain,core6,10,42
2022-10-27,-0.0006708350265398622,0.5,0.0,-0.0006708350265398622,0.9464110560239586,0.0,oursmain,core6,10,42
2022-10-28,0.00606199409958208,0.0,0.0,0.00606199409958208,0.9521481942613551,0.0,oursmain,core6,10,42
2022-10-31,-0.0031142789230216295,0.0,0.0,-0.0031142789230216295,0.9491829392083738,0.0,oursmain,core6,10,42
2022-11-01,0.0024787243455648422,0.5,0.0,0.0024787243455648422,0.9515357020681844,0.0,oursmain,core6,10,42
2022-11-02,0.0067426668247208,0.0,0.0,0.0067426668247208,0.957951590279057,0.0,oursmain,core6,10,42
2022-11-03,0.00712845753878355,1.0,0.0,0.00712845753878355,0.9647803075145714,0.0,oursmain,core6,10,42
2022-11-04,-0.006021893350407481,0.0,0.0,-0.006021893350407481,0.9589705033961453,0.0,oursmain,core6,10,42
2022-11-07,0.0024907910265028477,0.5,0.0,0.0024907910265028477,0.9613590985206854,0.0,oursmain,core6,10,42
2022-11-08,-0.00040334020741283894,0.5,0.0,-0.00040334020741283894,0.9609713437424898,0.0,oursmain,core6,10,42
2022-11-09,-0.011589952744543552,0.0,0.0,-0.011589952744543552,0.9498337312796539,0.0,oursmain,core6,10,42
2022-11-10,-0.011482098139822483,0.5,0.0,-0.011482098139822483,0.9389276471605871,0.0,oursmain,core6,10,42
2022-11-11,0.00024903431767597795,0.5,0.0,0.00024903431767597795,0.9391614723665448,0.0,oursmain,core6,10,42
2022-11-14,0.00040121017082128674,0.5,0.0,0.00040121017082128674,0.9395382735013017,0.0,oursmain,core6,10,42
2022-11-15,-0.0036159820738248527,0.5,0.0,-0.0036159820738248527,0.9361409199466486,0.0,oursmain,core6,10,42
2022-11-16,0.0016537238261662424,0.0,0.0,0.0016537238261662424,0.9376890384906136,0.0,oursmain,core6,10,42
2022-11-17,-5.11811813339591e-05,0.5,0.0,-5.11811813339591e-05,0.9376410464578997,0.0,oursmain,core6,10,42
2022-11-18,0.0012310340534895658,0.5,0.0,0.0012310340534895658,0.9387953145160389,0.0,oursmain,core6,10,42
2022-11-21,1.8126098439097404e-05,0.0,0.0,1.8126098439097404e-05,0.938812331212324,0.0,oursmain,core6,10,42
2022-11-22,-0.005566365551203489,0.5,0.0,-0.005566365551203489,0.9335865585928187,0.0,oursmain,core6,10,42
2022-11-23,-0.0031934183789417148,0.0,0.0,-0.0031934183789417148,0.9306052261182755,0.0,oursmain,core6,10,42
2022-11-24,-0.0011075553484261036,0.0,0.0,-0.0011075553484261036,0.9295745293228149,0.0,oursmain,core6,10,42
2022-11-25,-0.00215671060141176,1.0,0.0,-0.00215671060141176,0.9275697060806221,0.0,oursmain,core6,10,42
2022-11-28,-0.0025734399096108973,0.5,0.0,-0.0025734399096108973,0.9251826611800481,0.0,oursmain,core6,10,42
2022-11-29,-0.0021618336904793978,0.5,0.0,-0.0021618336904793978,0.9231825701332617,0.0,oursmain,core6,10,42
2022-11-30,-0.010015820967964828,0.0,0.0,-0.010015820967964828,0.9139361387900613,0.0,oursmain,core6,10,42
2022-12-01,-0.004587230287143029,0.0,0.0,-0.004587230287143029,0.909743703253689,0.0,oursmain,core6,10,42
2022-12-02,0.003868200583383441,0.5,0.0,0.003868200583383441,0.9132627743773444,0.0,oursmain,core6,10,42
2022-12-05,-7.375824498012662e-05,0.5,0.0,-7.375824498012662e-05,0.9131954137179006,0.0,oursmain,core6,10,42
2022-12-06,-0.0033060168898373377,0.0,0.0,-0.0033060168898373377,0.9101763742564272,0.0,oursmain,core6,10,42
2022-12-07,0.00525441172067076,0.0,0.0,0.00525441172067076,0.9149588156651978,0.0,oursmain,core6,10,42
2022-12-08,0.0010624720307532698,0.0,0.0,0.0010624720307532698,0.9159309338161332,0.0,oursmain,core6,10,42
2022-12-09,-0.002506941498722881,0.0,0.0,-0.002506941498722881,0.9136347485481856,0.0,oursmain,core6,10,42
2022-12-12,0.00164468539878726,0.0,0.0,0.00164468539878726,0.9151373902789475,0.0,oursmain,core6,10,42
2022-12-13,-0.0037952041893731803,0.0,0.0,-0.0037952041893731803,0.9116642570215088,0.0,oursmain,core6,10,42
2022-12-14,0.0023138783872127533,0.0,0.0,0.0023138783872127533,0.9137737372422252,0.0,oursmain,core6,10,42
2022-12-15,-0.004462772805709392,0.0,0.0,-0.004462772805709392,0.9096957726570891,0.0,oursmain,core6,10,42
2022-12-16,0.004560804081847891,0.0,0.0,0.004560804081847891,0.9138447168502634,0.0,oursmain,core6,10,42
2022-12-19,-0.02140323561616242,0.5,0.0,-0.02140323561616242,0.894285483058932,0.0,oursmain,core6,10,42
2022-12-20,0.004436684714164585,0.0,0.0,0.004436684714164585,0.8982531457917188,0.0,oursmain,core6,10,42
2022-12-21,-0.003154960861138534,0.5,0.0,-0.003154960861138534,0.8954191922733513,0.0,oursmain,core6,10,42
2022-12-22,0.002349791000597179,0.0,0.0,0.002349791000597179,0.8975232402331172,0.0,oursmain,core6,10,42
2022-12-23,0.0021967868306091987,0.0,0.0,0.0021967868306091987,0.8994949074674271,0.0,oursmain,core6,10,42
2022-12-26,0.0028772639052476734,0.0,0.0,0.0028772639052476734,0.9020829916976373,0.0,oursmain,core6,10,42
2022-12-27,0.003209808637620881,0.0,0.0,0.003209808637620881,0.9049785054762393,0.0,oursmain,core6,10,42
2022-12-28,-0.002516244421713054,0.0,0.0,-0.002516244421713054,0.9027013583600645,0.0,oursmain,core6,10,42
2022-12-29,0.0019140188815072179,0.0,0.0,0.0019140188815072179,0.9044291458043279,0.0,oursmain,core6,10,42
2022-12-30,-0.006087208807002753,0.5,0.0,-0.006087208807002753,0.8989236967426778,0.0,oursmain,core6,10,42
2023-01-02,-0.003457471844740212,0.0,0.0,-0.003457471844740212,0.8958156933706202,0.0,oursmain,core6,10,42
2023-01-03,0.010028711287304759,0.0,0.0,0.010028711287304759,0.9047995703260708,0.0,oursmain,core6,10,42
2023-01-04,-0.0032615349628031254,0.5,0.0,-0.0032615349628031254,0.9018485348931231,0.0,oursmain,core6,10,42
2023-01-05,0.004757118411362171,0.0,0.0,0.004757118411362171,0.9061387351627231,0.0,oursmain,core6,10,42
2023-01-06,0.0043609123677015305,0.0,0.0,0.0043609123677015305,0.9100903267797477,0.0,oursmain,core6,10,42
2023-01-09,0.001892153697554022,0.0,0.0,0.001892153697554022,0.9118123575566721,0.0,oursmain,core6,10,42
2023-01-10,0.0006030449367244728,0.0,0.0,0.0006030449367244728,0.9123622213821395,0.0,oursmain,core6,10,42
2023-01-11,-0.005725088762119412,0.0,0.0,-0.005725088762119412,0.9071388666815223,0.0,oursmain,core6,10,42
2023-01-12,-0.004977139527909458,0.0,0.0,-0.004977139527909458,0.9026239099708587,0.0,oursmain,core6,10,42
2023-01-13,0.0006891097873449326,0.0,0.0,0.0006891097873449326,0.9032459169415112,0.0,oursmain,core6,10,42
2023-01-16,0.0009912646492011845,0.0,0.0,0.0009912646492011845,0.9041412726885106,0.0,oursmain,core6,10,42
2023-01-17,0.007705927884671837,0.0,0.0,0.007705927884671837,0.9111085201334037,0.0,oursmain,core6,10,42
2023-01-18,-0.007458633626811206,0.5,0.0,-0.007458633626811206,0.9043128954874625,0.0,oursmain,core6,10,42
2023-01-19,0.011505809554364532,1.0,0.0,0.011505809554364532,0.9147177474404973,0.0,oursmain,core6,10,42
2023-01-20,0.009471287223277614,1.0,0.0,0.009471287223277614,0.9233813019547358,0.0,oursmain,core6,10,42
2023-01-23,-0.0009051106899278238,0.0,0.0,-0.0009051106899278238,0.9225455396674571,0.0,oursmain,core6,10,42
2023-01-24,-0.002714791102334857,0.0,0.0,-0.002714791102334857,0.9200410212448692,0.0,oursmain,core6,10,42
2023-01-25,0.006615841237362474,0.0,0.0,0.006615841237362474,0.926127866573286,0.0,oursmain,core6,10,42
2023-01-26,0.002311724136234261,0.0,0.0,0.002311724136234261,0.9282688187156827,0.0,oursmain,core6,10,42
2023-01-27,-0.001497476128861308,0.0,0.0,-0.001497476128861308,0.9268787583184896,0.0,oursmain,core6,10,42
2023-01-30,-0.0008138972043525428,0.0,0.0,-0.0008138972043525428,0.9261243742883205,0.0,oursmain,core6,10,42
2023-01-31,-0.009504316374659538,0.5,0.0,-0.009504316374659538,0.9173221952328007,0.0,oursmain,core6,10,42
2023-02-01,0.00968672288581729,0.5,0.0,0.00968672288581729,0.9262080411350304,0.0,oursmain,core6,10,42
2023-02-02,0.001519597601145506,0.0,0.0,0.001519597601145506,0.9276155046525009,0.0,oursmain,core6,10,42
2023-02-03,-0.002264037262648344,0.5,0.0,-0.002264037262648344,0.9255153485845573,0.0,oursmain,core6,10,42
2023-02-06,0.0026420454305480234,1.0,0.0,0.0026420454305480234,0.9279606021821872,0.0,oursmain,core6,10,42
2023-02-07,2.106939791701734e-05,0.5,0.0,2.106939791701734e-05,0.927980153753366,0.0,oursmain,core6,10,42
2023-02-08,0.002595946963992901,0.0,0.0,0.002595946963992901,0.9303891410161477,0.0,oursmain,core6,10,42
2023-02-09,0.0012700619772658683,0.0,0.0,0.0012700619772658683,0.9315707928882133,0.0,oursmain,core6,10,42
2023-02-10,0.004324286070186645,0.0,0.0,0.004324286070186645,0.9355991714912926,0.0,oursmain,core6,10,42
2023-02-13,0.0036214795836713165,0.0,0.0,0.0036214795836713165,0.938987424789348,0.0,oursmain,core6,10,42
2023-02-14,-0.002441637101583183,0.0,0.0,-0.002441637101583183,0.9366947582550623,0.0,oursmain,core6,10,42
2023-02-15,-0.001043634780216962,0.0,0.0,-0.001043634780216962,0.9357171910269004,0.0,oursmain,core6,10,42
2023-02-16,-0.0018100531306117773,0.0,0.0,-0.0018100531306117773,0.9340234931959149,0.0,oursmain,core6,10,42
2023-02-17,1.0666626621969044e-05,0.0,0.0,1.0666626621969044e-05,0.934033456075773,0.0,oursmain,core6,10,42
2023-02-20,0.0016760071739554405,0.0,0.0,0.0016760071739554405,0.9355989028488704,0.0,oursmain,core6,10,42
2023-02-21,-0.0009967744117602706,0.5,0.0,-0.0009967744117602706,0.9346663218028396,0.0,oursmain,core6,10,42
2023-02-22,-9.862802835414186e-05,0.5,0.0,-9.862802835414186e-05,0.9345741375063512,0.0,oursmain,core6,10,42
2023-02-23,0.005315922433510423,0.5,0.0,0.005315922433510423,0.9395422611296999,0.0,oursmain,core6,10,42
2023-02-24,0.0034773241204675287,1.0,0.0,0.0034773241204675287,0.9428093540965248,0.0,oursmain,core6,10,42
2023-02-27,-0.005140870482136961,0.0,0.0,-0.005140870482136961,0.9379624933177674,0.0,oursmain,core6,10,42
2023-02-28,0.004013168683741242,0.0,0.0,0.004013168683741242,0.9417266950224741,0.0,oursmain,core6,10,42
2023-03-01,0.0019858290906995535,0.0,0.0,0.0019858290906995535,0.943596803288938,0.0,oursmain,core6,10,42
2023-03-02,-0.005048032529884949,0.0,0.0,-0.005048032529884949,0.93883349593084,0.0,oursmain,core6,10,42
2023-03-03,0.0048540048010181636,0.5,0.0,0.0048540048010181636,0.943390598227445,0.0,oursmain,core6,10,42
2023-03-06,0.0041441661305725574,0.5,0.0,0.0041441661305725574,0.9473001655925197,0.0,oursmain,core6,10,42
2023-03-07,-0.0026762831876112614,0.0,0.0,-0.0026762831876112614,0.9447649220857232,0.0,oursmain,core6,10,42
2023-03-08,-0.003197538200765848,0.0,0.0,-0.003197538200765848,0.9417440001566105,0.0,oursmain,core6,10,42
2023-03-09,-0.0006424352759495378,0.5,0.0,-0.0006424352759495378,0.9411389905899961,0.0,oursmain,core6,10,42
2023-03-10,-0.0009430826175957918,0.5,0.0,-0.0009430826175957918,0.940251418767229,0.0,oursmain,core6,10,42
2023-03-13,0.0022305142920231447,1.0,0.0,0.0022305142920231447,0.9423486629948843,0.0,oursmain,core6,10,42
2023-03-14,0.01486964919604361,0.5,0.0,0.01486964919604361,0.9563610570339789,0.0,oursmain,core6,10,42
2023-03-15,-0.0007201145635917783,0.5,0.0,-0.0007201145635917783,0.9556723675087567,0.0,oursmain,core6,10,42
2023-03-16,-0.0018482284503988922,0.5,0.0,-0.0018482284503988922,0.953906066649867,0.0,oursmain,core6,10,42
2023-03-17,-0.00043578119948506355,0.5,0.0,-0.00043578119948506355,0.9534903723199463,0.0,oursmain,core6,10,42
2023-03-20,0.004570726421661675,0.0,0.0,0.004570726421661675,0.9578485159575091,0.0,oursmain,core6,10,42
2023-03-21,-0.005187296454096213,0.5,0.0,-0.005187296454096213,0.9528798717471214,0.0,oursmain,core6,10,42
2023-03-22,-0.0035973012172689778,0.5,0.0,-0.0035973012172689778,0.9494520758245744,0.0,oursmain,core6,10,42
2023-03-23,0.0033302440715488046,0.5,0.0,0.0033302440715488046,0.9526139829713088,0.0,oursmain,core6,10,42
2023-03-24,0.006888508098199964,0.0,0.0,0.006888508098199964,0.9591760721074652,0.0,oursmain,core6,10,42
2023-03-27,-0.00643122021574527,0.0,0.0,-0.00643122021574527,0.9530073995620686,0.0,oursmain,core6,10,42
2023-03-28,0.0092716088402085,0.5,0.0,0.0092716088402085,0.9618433113926323,0.0,oursmain,core6,10,42
2023-03-29,0.005108855431899428,0.0,0.0,0.005108855431899428,0.9667572298186767,0.0,oursmain,core6,10,42
2023-03-30,-0.00022379709116648883,0.0,0.0,-0.00022379709116648883,0.9665408723627792,0.0,oursmain,core6,10,42
2023-03-31,-0.00947598263155669,1.0,0.0,-0.00947598263155669,0.9573819478435799,0.0,oursmain,core6,10,42
2023-04-03,0.008474105241475627,0.0,0.0,0.008474105241475627,0.9654949032258953,0.0,oursmain,core6,10,42
2023-04-04,0.0011488753370940685,0.5,0.0,0.0011488753370940685,0.9666041365083016,0.0,oursmain,core6,10,42
2023-04-05,0.003509851230774075,0.0,0.0,0.003509851230774075,0.9699967732264966,0.0,oursmain,core6,10,42
2023-04-06,-0.0011397474736440927,0.0,0.0,-0.0011397474736440927,0.9688912218547687,0.0,oursmain,core6,10,42
2023-04-07,-0.0004073464242537739,0.5,0.0,-0.0004073464242537739,0.9684965474800553,0.0,oursmain,core6,10,42
2023-04-10,0.00045043101999908686,0.0,0.0,0.00045043101999908686,0.9689327883678024,0.0,oursmain,core6,10,42
2023-04-11,0.0024718979839235544,0.0,0.0,0.0024718979839235544,0.9713278913739262,0.0,oursmain,core6,10,42
2023-04-12,-0.00670570763759315,0.0,0.0,-0.00670570763759315,0.9648144505141327,0.0,oursmain,core6,10,42
2023-04-13,-0.0016000812756828964,0.5,0.0,-0.0016000812756828964,0.9632706689773568,0.0,oursmain,core6,10,42
2023-04-14,-0.0010903484653681517,0.0,0.0,-0.0010903484653681517,0.9622203682817032,0.0,oursmain,core6,10,42
2023-04-17,0.0011547219473868608,1.0,0.0,0.0011547219473868608,0.9633314652591808,0.0,oursmain,core6,10,42
2023-04-18,0.002538059910875745,0.5,0.0,0.002538059910875745,0.9657764582320403,0.0,oursmain,core6,10,42
2023-04-19,-0.004300516069633886,0.0,0.0,-0.004300516069633886,0.9616231210537393,0.0,oursmain,core6,10,42
2023-04-20,0.0008483920246362686,0.0,0.0,0.0008483920246362686,0.9624389544403471,0.0,oursmain,core6,10,42
2023-04-21,-0.0008659204468131065,0.5,0.0,-0.0008659204468131065,0.9616055588708878,0.0,oursmain,core6,10,42
2023-04-24,-0.006135746487416327,0.0,0.0,-0.006135746487416327,0.9557053909407658,0.0,oursmain,core6,10,42
2023-04-25,0.0039173829718492925,0.5,0.0,0.0039173829718492925,0.9594492549653417,0.0,oursmain,core6,10,42
2023-04-26,0.0033335844636894763,0.0,0.0,0.0033335844636894763,0.9626476600953926,0.0,oursmain,core6,10,42
2023-04-27,0.013231209275545552,1.0,0.0,0.013231209275545552,0.975384652744729,0.0,oursmain,core6,10,42
2023-04-28,0.00011075774091295898,0.0,0.0,0.00011075774091295898,0.9754926841453881,0.0,oursmain,core6,10,42
2023-05-01,-0.009264453634386882,0.0,0.0,-0.009264453634386882,0.9664552774024396,0.0,oursmain,core6,10,42
2023-05-02,-0.004233874205965549,0.0,0.0,-0.004233874205965549,0.9623634273322261,0.0,oursmain,core6,10,42
2023-05-03,0.001570698615978472,0.5,0.0,0.001570698615978472,0.9638750102356052,0.0,oursmain,core6,10,42
2023-05-04,0.00045169517397880554,0.0,0.0,0.00045169517397880554,0.9643103879260474,0.0,oursmain,core6,10,42
2023-05-05,-0.0027983910986222327,0.0,0.0,-0.0027983910986222327,0.9616118703201662,0.0,oursmain,core6,10,42
2023-05-08,0.004148631196585484,0.5,0.0,0.004148631196585484,0.9656012433243834,0.0,oursmain,core6,10,42
2023-05-09,-0.0003783126230700873,0.5,0.0,-0.0003783126230700873,0.9652359441851815,0.0,oursmain,core6,10,42
2023-05-10,0.002789044287055731,0.5,0.0,0.002789044287055731,0.967928029980972,0.0,oursmain,core6,10,42
2023-05-11,0.0009635700844228268,0.0,0.0,0.0009635700844228268,0.968860696474536,0.0,oursmain,core6,10,42
2023-05-12,-0.004048893926665187,0.5,0.0,-0.004048893926665187,0.9649378822847956,0.0,oursmain,core6,10,42
2023-05-15,0.003385240997886285,0.0,0.0,0.003385240997886285,0.9682044295643196,0.0,oursmain,core6,10,42
2023-05-16,0.0026304827188141644,0.5,0.0,0.0026304827188141644,0.9707512745845679,0.0,oursmain,core6,10,42
2023-05-17,-0.00018125586211681366,0.0,0.0,-0.00018125586211681366,0.9705753202253921,0.0,oursmain,core6,10,42
2023-05-18,0.002299407700775191,0.5,0.0,0.002299407700775191,0.9728070685909007,0.0,oursmain,core6,10,42
2023-05-19,0.001227699758601375,0.0,0.0,0.001227699758601375,0.9740013835941754,0.0,oursmain,core6,10,42
2023-05-22,-0.00011968413309659809,0.5,0.0,-0.00011968413309659809,0.9738848110829451,0.0,oursmain,core6,10,42
2023-05-23,0.006402074766810983,0.0,0.0,0.006402074766810983,0.9801196944577597,0.0,oursmain,core6,10,42
2023-05-24,0.0005327776307240129,0.0,0.0,0.0005327776307240129,0.9806418803063989,0.0,oursmain,core6,10,42
2023-05-25,-0.004743801422591787,0.0,0.0,-0.004743801422591787,0.9759899099595483,0.0,oursmain,core6,10,42
2023-05-26,0.0005166095215827227,0.0,0.0,0.0005166095215827227,0.976494115640002,0.0,oursmain,core6,10,42
2023-05-29,0.00329916808186681,0.0,0.0,0.00329916808186681,0.9797157338584522,0.0,oursmain,core6,10,42
2023-05-30,0.0024561111349612474,0.0,0.0,0.0024561111349612474,0.9821220245814787,0.0,oursmain,core6,10,42
2023-05-31,-0.008102202438749373,0.0,0.0,-0.008102202438749373,0.9741646731187652,0.0,oursmain,core6,10,42
2023-06-01,-0.011630483495537192,0.0,0.0,-0.011630483495537192,0.962834666966122,0.0,oursmain,core6,10,42
2023-06-02,0.002689506480237469,0.5,0.0,0.002689506480237469,0.9654242170423246,0.0,oursmain,core6,10,42
2023-06-05,-0.0040891654789447784,0.5,0.0,-0.0040891654789447784,0.9614764376614579,0.0,oursmain,core6,10,42
2023-06-06,0.0014089341275393963,0.0,0.0,0.0014089341275393963,0.9628310946273041,0.0,oursmain,core6,10,42
2023-06-07,-0.0053603891574312,0.5,0.0,-0.0053603891574312,0.9576699452672263,0.0,oursmain,core6,10,42
2023-06-08,-0.0032575721852481365,0.5,0.0,-0.0032575721852481365,0.9545502662908757,0.0,oursmain,core6,10,42
2023-06-09,0.005671818013070151,0.5,0.0,0.005671818013070151,0.9599643016856052,0.0,oursmain,core6,10,42
2023-06-12,-0.0022853323025628924,0.5,0.0,-0.0022853323025628924,0.9577704642576559,0.0,oursmain,core6,10,42
2023-06-13,-0.0015400495612993836,0.5,0.0,-0.0015400495612993836,0.9562954502743504,0.0,oursmain,core6,10,42
2023-06-14,0.005562573904171586,0.5,0.0,0.005562573904171586,0.9616149143907244,0.0,oursmain,core6,10,42
2023-06-15,0.0034371403307886794,0.5,0.0,0.0034371403307886794,0.9649201197956647,0.0,oursmain,core6,10,42
2023-06-16,-0.0017692238907329738,0.5,0.0,-0.0017692238907329738,0.9632129600670734,0.0,oursmain,core6,10,42
2023-06-19,0.006246084492886439,0.0,0.0,0.006246084492886439,0.9692292696002955,0.0,oursmain,core6,10,42
2023-06-20,-0.00025208399165421724,0.5,0.0,-0.00025208399165421724,0.9689849424171866,0.0,oursmain,core6,10,42
2023-06-21,-0.002737612812779844,0.5,0.0,-0.002737612812779844,0.9663322368234345,0.0,oursmain,core6,10,42
2023-06-22,-0.002954792173113674,0.5,0.0,-0.002954792173113674,0.9634769258934411,0.0,oursmain,core6,10,42
2023-06-23,0.0010551374798524193,0.5,0.0,0.0010551374798524193,0.9644935265089243,0.0,oursmain,core6,10,42
2023-06-26,-0.0006977047305554152,1.0,0.0,-0.0006977047305554152,0.963820594812889,0.0,oursmain,core6,10,42
2023-06-27,-0.0029772398993372917,0.5,0.0,-0.0029772398993372917,0.960951069682209,0.0,oursmain,core6,10,42
2023-06-28,0.00345166667830199,0.5,0.0,0.00345166667830199,0.9642679524689097,0.0,oursmain,core6,10,42
2023-06-29,0.0022563214879482985,0.0,0.0,0.0022563214879482985,0.9664436509702052,0.0,oursmain,core6,10,42
2023-06-30,-0.0010138492798432708,0.0,0.0,-0.0010138492798432708,0.96546382277066,0.0,oursmain,core6,10,42
2023-07-03,0.000824672490125522,0.5,0.0,0.000824672490125522,0.9662600142255104,0.0,oursmain,core6,10,42
2023-07-04,-0.00030460170819424093,0.0,0.0,-0.00030460170819424093,0.9659656897746176,0.0,oursmain,core6,10,42
2023-07-05,-0.005482770735397935,0.0,0.0,-0.005482770735397935,0.9606695213593228,0.0,oursmain,core6,10,42
2023-07-06,-0.0013473958242684603,0.5,0.0,-0.0013473958242684603,0.9593751192577413,0.0,oursmain,core6,10,42
2023-07-07,-0.004966707085259259,0.5,0.0,-0.004966707085259259,0.9546101840555025,0.0,oursmain,core6,10,42
2023-07-10,-0.0056850986438803375,0.5,0.0,-0.0056850986438803375,0.9491831309926941,0.0,oursmain,core6,10,42
2023-07-11,-0.005848337430506945,0.0,0.0,-0.005848337430506945,0.9436319877593038,0.0,oursmain,core6,10,42
2023-07-12,-0.0048025541473180056,0.5,0.0,-0.0048025541473180056,0.9391001440429484,0.0,oursmain,core6,10,42
2023-07-13,-0.0002720267657423392,0.5,0.0,-0.0002720267657423392,0.9388446836680562,0.0,oursmain,core6,10,42
2023-07-14,0.000596740108449012,0.0,0.0,0.000596740108449012,0.939404929946405,0.0,oursmain,core6,10,42
2023-07-17,0.0005467018345370889,0.5,0.0,0.0005467018345370889,0.9399185043449799,0.0,oursmain,core6,10,42
2023-07-18,-0.0016306706238538027,0.0,0.0,-0.0016306706238538027,0.9383858068511279,0.0,oursmain,core6,10,42
2023-07-19,0.006453949288697913,0.0,0.0,0.006453949288697913,0.944442101261779,0.0,oursmain,core6,10,42
2023-07-20,0.0017655326000749483,0.0,0.0,0.0017655326000749483,0.9461095445804399,0.0,oursmain,core6,10,42
2023-07-21,0.004132700036279857,0.0,0.0,0.004132700036279857,0.9500195315296522,0.0,oursmain,core6,10,42
2023-07-24,0.0009430884383618832,0.5,0.0,0.0009430884383618832,0.9509154839660559,0.0,oursmain,core6,10,42
2023-07-25,-0.0049658461939543486,0.0,0.0,-0.0049658461939543486,0.9461933839292308,0.0,oursmain,core6,10,42
2023-07-26,-0.0075329114915803075,0.0,0.0,-0.0075329114915803075,0.939065792914173,0.0,oursmain,core6,10,42
2023-07-27,0.00445814395789057,0.0,0.0,0.00445814395789057,0.9432522834049151,0.0,oursmain,core6,10,42
2023-07-28,0.006997944263275713,0.5,0.0,0.006997944263275713,0.9498531103103902,0.0,oursmain,core6,10,42
2023-07-31,0.004133647162234411,0.5,0.0,0.004133647162234411,0.9537794679243643,0.0,oursmain,core6,10,42
2023-08-01,-0.0017358851619064808,0.0,0.0,-0.0017358851619064808,0.9521238162982634,0.0,oursmain,core6,10,42
2023-08-02,-0.0015818039391888306,0.5,0.0,-0.0015818039391888306,0.9506177430950473,0.0,oursmain,core6,10,42
2023-08-03,0.0034172821324318647,0.0,0.0,0.0034172821324318647,0.9538662721232988,0.0,oursmain,core6,10,42
2023-08-04,0.0004317283019190654,0.0,0.0,0.0004317283019190654,0.9542780831892205,0.0,oursmain,core6,10,42
2023-08-07,-0.0007597563089802861,0.0,0.0,-0.0007597563089802861,0.9535530643949959,0.0,oursmain,core6,10,42
2023-08-08,0.001549357795738615,0.5,0.0,0.001549357795738615,0.9550304592689667,0.0,oursmain,core6,10,42
2023-08-09,0.007267998291354161,0.0,0.0,0.007267998291354161,0.9619716190151247,0.0,oursmain,core6,10,42
2023-08-10,-0.001916045875987038,0.5,0.0,-0.001916045875987038,0.9601284372616943,0.0,oursmain,core6,10,42
2023-08-11,0.0016802521422505379,0.5,0.0,0.0016802521422505379,0.9617416951252389,0.0,oursmain,core6,10,42
2023-08-14,0.0004601393884513527,0.5,0.0,0.0004601393884513527,0.962184230360682,0.0,oursmain,core6,10,42
2023-08-15,0.004394920892082155,0.5,0.0,0.004394920892082155,0.9664129539367262,0.0,oursmain,core6,10,42
2023-08-16,0.00014490151079371572,0.0,0.0,0.00014490151079371572,0.9665529886338022,0.0,oursmain,core6,10,42
2023-08-17,-0.003707789845066145,0.5,0.0,-0.003707789845066145,0.9629692132778275,0.0,oursmain,core6,10,42
2023-08-18,0.0076643399661406875,0.0,0.0,0.0076643399661406875,0.9703497367053158,0.0,oursmain,core6,10,42
2023-08-21,-0.006031343073118478,0.0,0.0,-0.006031343073118478,0.9644972245423358,0.0,oursmain,core6,10,42
2023-08-22,-0.006718770018778741,0.5,0.0,-0.006718770018778741,0.9580169895068854,0.0,oursmain,core6,10,42
2023-08-23,0.0006897889543324709,0.5,0.0,0.0006897889543324709,0.9586778190443102,0.0,oursmain,core6,10,42
2023-08-24,0.0023419608696713112,0.5,0.0,0.0023419608696713112,0.9609230049831338,0.0,oursmain,core6,10,42
2023-08-25,0.00031047555967234075,0.0,0.0,0.00031047555967234075,0.961221348090908,0.0,oursmain,core6,10,42
2023-08-28,0.00047326216008514166,0.0,0.0,0.00047326216008514166,0.9616762577824254,0.0,oursmain,core6,10,42
2023-08-29,-0.0002612390089780092,0.0,0.0,-0.0002612390089780092,0.9614250304298846,0.0,oursmain,core6,10,42
2023-08-30,-0.007015375653281808,0.5,0.0,-0.007015375653281808,0.9546802726789511,0.0,oursmain,core6,10,42
2023-08-31,-0.0008640786400064826,0.0,0.0,-0.0008640786400064826,0.9538553538472936,0.0,oursmain,core6,10,42
2023-09-01,0.002817498316289857,0.0,0.0,0.002817498316289857,0.9565428397007424,0.0,oursmain,core6,10,42
2023-09-04,0.0025997613556683064,0.0,0.0,0.0025997613556683064,0.9590296228104376,0.0,oursmain,core6,10,42
2023-09-05,-0.002149041094526183,0.5,0.0,-0.002149041094526183,0.95696862874015,0.0,oursmain,core6,10,42
2023-09-06,-0.003702208719914779,0.5,0.0,-0.003702208719914779,0.9534257311381433,0.0,oursmain,core6,10,42
2023-09-07,0.001456991652958095,0.0,0.0,0.001456991652958095,0.9548148644701271,0.0,oursmain,core6,10,42
2023-09-08,-0.0027987268986180425,0.5,0.0,-0.0027987268986180425,0.9521425984257342,0.0,oursmain,core6,10,42
2023-09-11,0.0011385949765099213,0.0,0.0,0.0011385949765099213,0.9532267032052228,0.0,oursmain,core6,10,42
2023-09-12,0.0005879130949324463,0.0,0.0,0.0005879130949324463,0.9537871176664765,0.0,oursmain,core6,10,42
2023-09-13,-0.0009960628231056035,0.5,0.0,-0.0009960628231056035,0.9528370857774119,0.0,oursmain,core6,10,42
2023-09-14,-0.0027070790820289403,0.0,0.0,-0.0027070790820289403,0.9502576804339224,0.0,oursmain,core6,10,42
2023-09-15,-0.0008103469153866172,0.0,0.0,-0.0008103469153866172,0.9494876420537604,0.0,oursmain,core6,10,42
2023-09-18,-0.0008107793109957129,0.0,0.0,-0.0008107793109957129,0.9487178171175371,0.0,oursmain,core6,10,42
2023-09-19,-0.0063742565689608455,0.0,0.0,-0.0063742565689608455,0.9426704463396854,0.0,oursmain,core6,10,42
2023-09-20,0.006437539617763832,0.0,0.0,0.006437539617763832,0.9487389246844923,0.0,oursmain,core6,10,42
2023-09-21,-0.00659801036817953,0.0,0.0,-0.00659801036817953,0.9424791354227285,0.0,oursmain,core6,10,42
2023-09-22,-0.000866518123075366,0.5,0.0,-0.000866518123075366,0.9416624601712643,0.0,oursmain,core6,10,42
2023-09-25,0.00022761058062314987,0.0,0.0,0.00022761058062314987,0.9418767925105749,0.0,oursmain,core6,10,42
2023-09-26,0.00021752947941422462,0.0,0.0,0.00021752947941422462,0.942081678478922,0.0,oursmain,core6,10,42
2023-09-27,-0.0015890976646915078,0.0,0.0,-0.0015890976646915078,0.9405846186837025,0.0,oursmain,core6,10,42
2023-09-28,-0.0018636456225067377,0.0,0.0,-0.0018636456225067377,0.9388317022764954,0.0,oursmain,core6,10,42
2023-09-29,0.0019830873352475464,0.5,0.0,0.0019830873352475464,0.9406934875352088,0.0,oursmain,core6,10,42
2023-10-02,0.00934879417764023,0.5,0.0,0.00934879417764023,0.949487837334422,0.0,oursmain,core6,10,42
2023-10-03,0.002601131680421531,0.5,0.0,0.002601131680421531,0.9519575802282875,0.0,oursmain,core6,10,42
2023-10-04,0.001331562758423388,0.5,0.0,0.001331562758423388,0.9532251714897183,0.0,oursmain,core6,10,42
2023-10-05,-0.006063483189791441,0.0,0.0,-0.006063483189791441,0.9474453066863043,0.0,oursmain,core6,10,42
2023-10-06,0.0010466763051226735,0.0,0.0,0.0010466763051226735,0.9484369752392126,0.0,oursmain,core6,10,42
2023-10-09,-0.0035464931424940005,0.5,0.0,-0.0035464931424940005,0.9450733500104389,0.0,oursmain,core6,10,42
2023-10-10,0.0051794918545056134,0.5,0.0,0.0051794918545056134,0.9499683497287283,0.0,oursmain,core6,10,42
2023-10-11,0.001090354984626174,0.5,0.0,0.001090354984626174,0.9510041524540922,0.0,oursmain,core6,10,42
2023-10-12,0.00010803312761709094,0.5,0.0,0.00010803312761709094,0.9511068924070587,0.0,oursmain,core6,10,42
2023-10-13,-0.003462697783106705,0.5,0.0,-0.003462697783106705,0.9478134966792233,0.0,oursmain,core6,10,42
2023-10-16,-0.0013642205740325153,0.5,0.0,-0.0013642205740325153,0.9465204700067078,0.0,oursmain,core6,10,42
2023-10-17,0.0018028459817287512,1.5,0.0,0.0018028459817287512,0.9482269006326834,0.0,oursmain,core6,10,42
2023-10-18,-0.003227797347790329,1.0,0.0,-0.003227797347790329,0.9451662163577178,0.0,oursmain,core6,10,42
2023-10-19,0.0014527785533573478,0.5,0.0,0.0014527785533573478,0.9465393335662002,0.0,oursmain,core6,10,42
2023-10-20,-0.0019799463625531644,0.0,0.0,-0.0019799463625531644,0.9446652364556923,0.0,oursmain,core6,10,42
2023-10-23,-0.0017863014654722065,0.0,0.0,-0.0017863014654722065,0.9429777795594309,0.0,oursmain,core6,10,42
2023-10-24,-5.370704457163811e-06,0.5,0.0,-5.370704457163811e-06,0.9429727151044671,0.0,oursmain,core6,10,42
2023-10-25,0.0016321128641720861,0.5,0.0,0.0016321128641720861,0.9445117530033524,0.0,oursmain,core6,10,42
2023-10-26,-3.1250237952917814e-05,0.5,0.0,-3.1250237952917814e-05,0.9444822367863217,0.0,oursmain,core6,10,42
2023-10-27,0.0023068699811119586,0.0,0.0,0.0023068699811119586,0.9466610345060575,0.0,oursmain,core6,10,42
2023-10-30,-0.002825278148520738,0.5,0.0,-0.002825278148520738,0.9439864537712115,0.0,oursmain,core6,10,42
2023-10-31,0.0007992272730916739,0.0,0.0,0.0007992272730916739,0.9447409134904945,0.0,oursmain,core6,10,42
2023-11-01,-0.006170241395011544,0.5,0.0,-0.006170241395011544,0.9389116339985144,0.0,oursmain,core6,10,42
2023-11-02,-0.0045590209774672985,0.0,0.0,-0.0045590209774672985,0.9346311161631271,0.0,oursmain,core6,10,42
2023-11-03,-0.0009968871054297779,0.0,0.0,-0.0009968871054297779,0.9336993944550906,0.0,oursmain,core6,10,42
2023-11-06,0.005517096171388403,0.0,0.0,0.005517096171388403,0.9388507038094664,0.0,oursmain,core6,10,42
2023-11-07,-0.0014941992267267779,0.0,0.0,-0.0014941992267267779,0.9374478738138224,0.0,oursmain,core6,10,42
2023-11-08,-0.0017810755016398616,0.0,0.0,-0.0017810755016398616,0.9357782083717082,0.0,oursmain,core6,10,42
2023-11-09,-0.0011600382858887315,0.5,0.0,-0.0011600382858887315,0.9346926698228967,0.0,oursmain,core6,10,42
2023-11-10,-0.00023980111291166395,0.5,0.0,-0.00023980111291166395,0.9344685294804428,0.0,oursmain,core6,10,42
2023-11-13,-0.00915436097420752,0.0,0.0,-0.00915436097420752,0.9259140672425419,0.0,oursmain,core6,10,42
2023-11-14,-0.0010142314131371677,0.0,0.0,-0.0010142314131371677,0.9249749761096789,0.0,oursmain,core6,10,42
2023-11-15,0.0036427861195988953,0.0,0.0,0.0036427861195988953,0.9283444621136276,0.0,oursmain,core6,10,42
2023-11-16,0.0007140515372157097,0.5,0.0,0.0007140515372157097,0.9290073479038655,0.0,oursmain,core6,10,42
2023-11-17,0.00400650582741946,0.5,0.0,0.00400650582741946,0.9327294212569579,0.0,oursmain,core6,10,42
2023-11-20,-0.002800896647386253,0.5,0.0,-0.002800896647386253,0.9301169425480408,0.0,oursmain,core6,10,42
2023-11-21,-0.003002659184858203,0.5,0.0,-0.003002659184858203,0.9273241183675067,0.0,oursmain,core6,10,42
2023-11-22,-0.0013669622712768614,0.0,0.0,-0.0013669622712768614,0.9260565012844533,0.0,oursmain,core6,10,42
2023-11-23,-0.0021385799336712807,0.0,0.0,-0.0021385799336712807,0.9240760554333605,0.0,oursmain,core6,10,42
2023-11-24,0.002312943688593805,0.5,0.0,0.002312943688593805,0.9262133913135557,0.0,oursmain,core6,10,42
2023-11-27,-0.00010314758401364088,0.0,0.0,-0.00010314758401364088,0.9261178546399607,0.0,oursmain,core6,10,42
2023-11-28,-0.0005249755340628326,0.5,0.0,-0.0005249755340628326,0.925631665424616,0.0,oursmain,core6,10,42
2023-11-29,-0.005219537648372352,0.0,0.0,-0.005219537648372352,0.9208002960984065,0.0,oursmain,core6,10,42
2023-11-30,-0.005888036437681876,0.5,0.0,-0.005888036437681876,0.9153785904031508,0.0,oursmain,core6,10,42
2023-12-01,0.0007550325244665146,0.0,0.0,0.0007550325244665146,0.9160697310111056,0.0,oursmain,core6,10,42
2023-12-04,0.0011474014318082482,0.0,0.0,0.0011474014318082482,0.9171208307321039,0.0,oursmain,core6,10,42
2023-12-05,-0.00264554186355781,0.5,0.0,-0.00264554186355781,0.9146945491804612,0.0,oursmain,core6,10,42
2023-12-06,-0.007314351561944932,0.0,0.0,-0.007314351561944932,0.9080041516759606,0.0,oursmain,core6,10,42
2023-12-07,-0.0008239677990786731,0.0,0.0,-0.0008239677990786731,0.9072559854935499,0.0,oursmain,core6,10,42
2023-12-08,0.003263734048232436,0.5,0.0,0.003263734048232436,0.9102170277438679,0.0,oursmain,core6,10,42
2023-12-11,-0.0011695412249537185,0.0,0.0,-0.0011695412249537185,0.9091524914062666,0.0,oursmain,core6,10,42
2023-12-12,-0.005834800307638943,0.0,0.0,-0.005834800307638943,0.9038477681697187,0.0,oursmain,core6,10,42
2023-12-13,0.0016320517752319574,0.5,0.0,0.0016320517752319574,0.9053228945242995,0.0,oursmain,core6,10,42
2023-12-14,-0.007325121776375454,0.0,0.0,-0.007325121776375454,0.8986912940749683,0.0,oursmain,core6,10,42
2023-12-15,0.002006853756029159,0.5,0.0,0.002006853756029159,0.9004948360739934,0.0,oursmain,core6,10,42
2023-12-18,0.009356038877740502,0.0,0.0,0.009356038877740502,0.9089199007695062,0.0,oursmain,core6,10,42
2023-12-19,-0.0020598936316673644,0.0,0.0,-0.0020598936316673644,0.9070476224542154,0.0,oursmain,core6,10,42
2023-12-20,-0.0032032186863943934,0.0,0.0,-0.0032032186863943934,0.9041421505605205,0.0,oursmain,core6,10,42
2023-12-21,0.0018169899703934789,0.0,0.0,0.0018169899703934789,0.9057849677798989,0.0,oursmain,core6,10,42
2023-12-22,-0.0009367284656036645,0.0,0.0,-0.0009367284656036645,0.9049364932168635,0.0,oursmain,core6,10,42
2023-12-25,0.0007251790375448763,0.0,0.0,0.0007251790375448763,0.9055927341920538,0.0,oursmain,core6,10,42
2023-12-26,-0.005440567620098591,1.0,0.0,-0.005440567620098591,0.9006657956854119,0.0,oursmain,core6,10,42
2023-12-27,-0.0018967387295560911,0.0,0.0,-0.0018967387295560911,0.898957467988349,0.0,oursmain,core6,10,42
2023-12-28,-0.004564049406326376,0.0,0.0,-0.004564049406326376,0.8948545816902641,0.0,oursmain,core6,10,42
2023-12-29,0.0012419854647305328,0.0,0.0,0.0012419854647305328,0.895965978073771,0.0,oursmain,core6,10,42
2024-01-01,0.000134612200781703,0.0,0.0,0.000134612200781703,0.8960865860259051,0.0,oursmain,core6,10,42
2024-01-02,-0.0018348513985984027,0.5,0.0,-0.0018348513985984027,0.8944424003002702,0.0,oursmain,core6,10,42
2024-01-03,-0.0006073022086638957,0.0,0.0,-0.0006073022086638957,0.8938992034550453,0.0,oursmain,core6,10,42
2024-01-04,0.001378225686494261,0.5,0.0,0.001378225686494261,0.8951311982983837,0.0,oursmain,core6,10,42
2024-01-05,-0.0006396370881702751,0.5,0.0,-0.0006396370881702751,0.8945586391851738,0.0,oursmain,core6,10,42
2024-01-08,0.0008106559398584068,0.0,0.0,0.0008106559398584068,0.8952838184595808,0.0,oursmain,core6,10,42
2024-01-09,-0.007717292639426887,0.5,0.0,-0.007717292639426887,0.8883746512371847,0.0,oursmain,core6,10,42
2024-01-10,-0.002128942491253838,0.0,0.0,-0.002128942491253838,0.8864833526940131,0.0,oursmain,core6,10,42
2024-01-11,0.0058203455118928105,0.0,0.0,0.0058203455118928105,0.8916429920972334,0.0,oursmain,core6,10,42
2024-01-12,-0.0014151231152936816,0.0,0.0,-0.0014151231152936816,0.890381207488527,0.0,oursmain,core6,10,42
2024-01-15,-0.005976072046905756,0.0,0.0,-0.005976072046905756,0.8850602252433646,0.0,oursmain,core6,10,42
2024-01-16,-0.009201233129715547,0.0,0.0,-0.009201233129715547,0.8769165797770618,0.0,oursmain,core6,10,42
2024-01-17,0.0008778183328104205,0.0,0.0,0.0008778183328104205,0.8776863532271355,0.0,oursmain,core6,10,42
2024-01-18,0.0011065940288972342,0.0,0.0,0.0011065940288972342,0.8786575957048612,0.0,oursmain,core6,10,42
2024-01-19,0.0005845983978360891,0.0,0.0,0.0005845983978360891,0.8791712575275568,0.0,oursmain,core6,10,42
2024-01-22,0.0020629342179745436,0.5,0.0,0.0020629342179745436,0.88098492999817,0.0,oursmain,core6,10,42
2024-01-23,-0.002493623411282897,0.0,0.0,-0.002493623411282897,0.8787880853517391,0.0,oursmain,core6,10,42
2024-01-24,0.0032498867949470878,0.5,0.0,0.0032498867949470878,0.8816440471458806,0.0,oursmain,core6,10,42
2024-01-25,0.002286212664330378,0.5,0.0,0.002286212664330378,0.8836596729318971,0.0,oursmain,core6,10,42
2024-01-26,0.00022156810155138373,0.5,0.0,0.00022156810155138373,0.8838554637280461,0.0,oursmain,core6,10,42
2024-01-29,0.0007213954377220944,0.0,0.0,0.0007213954377220944,0.8844930730271853,0.0,oursmain,core6,10,42
2024-01-30,-0.003748229966731742,0.5,0.0,-0.003748229966731742,0.8811777895854981,0.0,oursmain,core6,10,42
2024-01-31,0.0067320168018341064,0.0,0.0,0.0067320168018341064,0.8871098932703907,0.0,oursmain,core6,10,42
2024-02-01,0.0014368756674230099,0.0,0.0,0.0014368756674230099,0.8883845598903611,0.0,oursmain,core6,10,42
2024-02-02,-0.000984719576081261,0.0,0.0,-0.000984719576081261,0.8875097502231487,0.0,oursmain,core6,10,42
2024-02-05,-0.0021929978975094855,0.5,0.0,-0.0021929978975094855,0.8855634432068902,0.0,oursmain,core6,10,42
2024-02-06,0.001654776162467897,0.5,0.0,0.001654776162467897,0.887028852483062,0.0,oursmain,core6,10,42
2024-02-07,0.0035949361481470987,0.0,0.0,0.0035949361481470987,0.8902176645693027,0.0,oursmain,core6,10,42
2024-02-08,0.001731923985062167,0.5,0.0,0.001731923985062167,0.8917594538944963,0.0,oursmain,core6,10,42
2024-02-09,0.00014650626690126956,0.0,0.0,0.00014650626690126956,0.8918901022430603,0.0,oursmain,core6,10,42
2024-02-12,0.006263133371248841,0.5,0.0,0.006263133371248841,0.8974761289059053,0.0,oursmain,core6,10,42
2024-02-13,-0.002107127627823502,0.0,0.0,-0.002107127627823502,0.8955850321593756,0.0,oursmain,core6,10,42
2024-02-14,-0.0025533747393637896,0.0,0.0,-0.0025533747393637896,0.8932982679613075,0.0,oursmain,core6,10,42
2024-02-15,-0.0002963282458949834,0.5,0.0,-0.0002963282458949834,0.8930335584525015,0.0,oursmain,core6,10,42
2024-02-16,0.0009000041463878006,1.0,0.0,0.0009000041463878006,0.8938372923579723,0.0,oursmain,core6,10,42
2024-02-19,0.00010505132377147675,0.5,0.0,0.00010505132377147675,0.8939311911487707,0.0,oursmain,core6,10,42
2024-02-20,-0.0014354726590681821,0.0,0.0,-0.0014354726590681821,0.8926479773647884,0.0,oursmain,core6,10,42
2024-02-21,0.00013956007023807615,0.0,0.0,0.00013956007023807615,0.8927725553792073,0.0,oursmain,core6,10,42
2024-02-22,-0.001020404502924066,0.0,0.0,-0.001020404502924066,0.8918615662436113,0.0,oursmain,core6,10,42
2024-02-23,0.0024927637714426965,0.0,0.0,0.0024927637714426965,0.8940847664450856,0.0,oursmain,core6,10,42
2024-02-26,-0.0012830123741878197,0.0,0.0,-0.0012830123741878197,0.8929376446261638,0.0,oursmain,core6,10,42
2024-02-27,0.002589329600596102,0.5,0.0,0.002589329600596102,0.8952497545008808,0.0,oursmain,core6,10,42
2024-02-28,0.0013430494436761364,0.5,0.0,0.0013430494436761364,0.8964521191856144,0.0,oursmain,core6,10,42
2024-02-29,-0.001842791822127765,0.5,0.0,-0.001842791822127765,0.8948001445514501,0.0,oursmain,core6,10,42
2024-03-01,0.0010386895155534148,0.5,0.0,0.0010386895155534148,0.8957295640801114,0.0,oursmain,core6,10,42
2024-03-04,0.0012916605919599533,1.0,0.0,0.0012916605919599533,0.8968865426590872,0.0,oursmain,core6,10,42
2024-03-05,-0.0010941058862954378,0.0,0.0,-0.0010941058862954378,0.8959052538134247,0.0,oursmain,core6,10,42
2024-03-06,0.0007225179579108953,0.0,0.0,0.0007225179579108953,0.8965525614478916,0.0,oursmain,core6,10,42
2024-03-07,0.0002866805298253894,0.0,0.0,0.0002866805298253894,0.8968095856112238,0.0,oursmain,core6,10,42
2024-03-08,0.0009565227665007114,1.0,0.0,0.0009565227665007114,0.897667404397077,0.0,oursmain,core6,10,42
2024-03-11,-9.555673750583082e-05,0.5,0.0,-9.555673750583082e-05,0.8975816262285475,0.0,oursmain,core6,10,42
2024-03-12,0.0024213845945268986,0.5,0.0,0.0024213845945268986,0.8997550165506277,0.0,oursmain,core6,10,42
2024-03-13,-0.0010365922935307026,0.0,0.0,-0.0010365922935307026,0.8988223374344058,0.0,oursmain,core6,10,42
2024-03-14,0.0028583737439475954,0.5,0.0,0.0028583737439475954,0.9013915076042018,0.0,oursmain,core6,10,42
2024-03-15,-0.0009965842473320663,0.0,0.0,-0.0009965842473320663,0.9004931950270446,0.0,oursmain,core6,10,42
2024-03-18,0.004612218996044248,0.0,0.0,0.004612218996044248,0.9046464668469569,0.0,oursmain,core6,10,42
2024-03-19,0.0042097945988643914,0.5,0.0,0.0042097945988643914,0.908454842656971,0.0,oursmain,core6,10,42
2024-03-20,-0.008856508880853653,0.0,0.0,-0.008856508880853653,0.900409104275125,0.0,oursmain,core6,10,42
2024-03-21,-0.0003432914090808481,0.0,0.0,-0.0003432914090808481,0.9001000015649692,0.0,oursmain,core6,10,42
2024-03-22,-0.002650118200108409,1.0,0.0,-0.002650118200108409,0.8977146301689042,0.0,oursmain,core6,10,42
2024-03-25,-0.0026450948498677462,0.5,0.0,-0.0026450948498677462,0.8953400898239935,0.0,oursmain,core6,10,42
2024-03-26,0.0011050134780816734,0.5,0.0,0.0011050134780816734,0.8963294526907158,0.0,oursmain,core6,10,42
2024-03-27,-0.003224080428481102,0.0,0.0,-0.003224080428481102,0.8934396144448246,0.0,oursmain,core6,10,42
2024-03-28,-0.0003866612387355417,0.0,0.0,-0.0003866612387355417,0.8930941559767679,0.0,oursmain,core6,10,42
2024-03-29,0.0015917140408419073,0.5,0.0,0.0015917140408419073,0.89451570648463,0.0,oursmain,core6,10,42
2024-04-01,0.000877890721312724,0.0,0.0,0.000877890721312724,0.8953009935234213,0.0,oursmain,core6,10,42
2024-04-02,-0.0011228490475332364,0.5,0.0,-0.0011228490475332364,0.8942957056555879,0.0,oursmain,core6,10,42
2024-04-03,-0.0005194051082071383,0.5,0.0,-0.0005194051082071383,0.8938312038978227,0.0,oursmain,core6,10,42
2024-04-04,0.00046311577898450196,0.5,0.0,0.00046311577898450196,0.8942451512320965,0.0,oursmain,core6,10,42
2024-04-05,0.004416223266161978,0.5,0.0,0.004416223266161978,0.8981943374746202,0.0,oursmain,core6,10,42
2024-04-08,-2.8734939405694604e-05,0.0,0.0,-2.8734939405694604e-05,0.8981685279147583,0.0,oursmain,core6,10,42
2024-04-09,-0.004614374600350857,0.0,0.0,-0.004614374600350857,0.8940240418727139,0.0,oursmain,core6,10,42
2024-04-10,-0.00048106908798217773,0.0,0.0,-0.00048106908798217773,0.8935939545422561,0.0,oursmain,core6,10,42
2024-04-11,-0.004872012214036658,0.5,0.0,-0.004872012214036658,0.8892403538813369,0.0,oursmain,core6,10,42
2024-04-12,0.0002063217107206583,0.5,0.0,0.0002063217107206583,0.8894238234723916,0.0,oursmain,core6,10,42
2024-04-15,0.0002824020339176059,0.0,0.0,0.0002824020339176059,0.889674998569155,0.0,oursmain,core6,10,42
2024-04-16,0.00028119131457060575,0.0,0.0,0.00028119131457060575,0.8899251674515433,0.0,oursmain,core6,10,42
2024-04-17,-0.0010237104361294769,0.5,0.0,-0.0010237104361294769,0.8890141417702488,0.0,oursmain,core6,10,42
2024-04-18,-0.0009163623326458037,0.0,0.0,-0.0009163623326458037,0.8881994826975411,0.0,oursmain,core6,10,42
2024-04-19,-0.0003756314981728792,0.0,0.0,-0.0003756314981728792,0.8878658469951791,0.0,oursmain,core6,10,42
2024-04-22,0.0022476629819720984,0.0,0.0,0.0022476629819720984,0.8898614701924275,0.0,oursmain,core6,10,42
2024-04-23,-0.0002191628736909479,0.0,0.0,-0.0002191628736909479,0.8896664455954332,0.0,oursmain,core6,10,42
2024-04-24,0.0032213922822847962,0.5,0.0,0.0032213922822847962,0.8925324102170821,0.0,oursmain,core6,10,42
2024-04-25,0.006816482717113104,0.0,0.0,0.006816482717113104,0.8986163419657901,0.0,oursmain,core6,10,42
2024-04-26,-0.006518030015286058,0.5,0.0,-0.006518030015286058,0.8927591336766305,0.0,oursmain,core6,10,42
2024-04-29,0.002656252821907401,0.5,0.0,0.002656252821907401,0.8951305276447427,0.0,oursmain,core6,10,42
2024-04-30,-0.0032309242233168334,0.0,0.0,-0.0032309242233168334,0.8922384287399449,0.0,oursmain,core6,10,42
2024-05-01,-0.008863648330589058,0.0,0.0,-0.008863648330589058,0.8843299410805566,0.0,oursmain,core6,10,42
2024-05-02,-0.0014146031553536886,0.0,0.0,-0.0014146031553536886,0.8830789651555303,0.0,oursmain,core6,10,42
2024-05-03,0.0019786748744081706,0.0,0.0,0.0019786748744081706,0.8848262913160019,0.0,oursmain,core6,10,42
2024-05-06,9.58264572545886e-05,0.5,0.0,9.58264572545886e-05,0.8849110810847844,0.0,oursmain,core6,10,42
2024-05-07,0.0014696824218844995,0.0,0.0,0.0014696824218844995,0.8862116193455856,0.0,oursmain,core6,10,42
2024-05-08,-0.0009200624190270901,0.0,0.0,-0.0009200624190270901,0.8853962493393206,0.0,oursmain,core6,10,42
2024-05-09,-0.0005486809677677229,0.0,0.0,-0.0005486809677677229,0.8849104492683751,0.0,oursmain,core6,10,42
2024-05-10,4.015723243355751e-05,0.0,0.0,4.015723243355751e-05,0.8849459848229693,0.0,oursmain,core6,10,42
2024-05-13,0.00021279160864651203,0.0,0.0,0.00021279160864651203,0.885134293902645,0.0,oursmain,core6,10,42
2024-05-14,-0.0034068890381604433,0.5,0.0,-0.0034068890381604433,0.8821187395794482,0.0,oursmain,core6,10,42
2024-05-15,-0.0008643462206237018,0.0,0.0,-0.0008643462206237018,0.8813562835807514,0.0,oursmain,core6,10,42
2024-05-16,0.0007169682940002531,0.5,0.0,0.0007169682940002531,0.8819881880917967,0.0,oursmain,core6,10,42
2024-05-17,0.0018454973032930866,0.5,0.0,0.0018454973032930866,0.8836158949144565,0.0,oursmain,core6,10,42
2024-05-20,-0.0006719613647874212,0.5,0.0,-0.0006719613647874212,0.8830221391717619,0.0,oursmain,core6,10,42
2024-05-21,0.0015081115416251123,0.5,0.0,0.0015081115416251123,0.8843538350513573,0.0,oursmain,core6,10,42
2024-05-22,0.0007415397558361292,0.5,0.0,0.0007415397558361292,0.8850096185782741,0.0,oursmain,core6,10,42
2024-05-23,-0.004064466280397028,1.0,0.0,-0.004064466280397028,0.8814125268257357,0.0,oursmain,core6,10,42
2024-05-24,-0.0013593994663096964,0.0,0.0,-0.0013593994663096964,0.8802143351071701,0.0,oursmain,core6,10,42
2024-05-27,0.0043698934314306825,0.0,0.0,0.0043698934314306825,0.884060777948406,0.0,oursmain,core6,10,42
2024-05-28,0.0010889905388467014,0.0,0.0,0.0010889905388467014,0.8850235117713573,0.0,oursmain,core6,10,42
2024-05-29,0.0044547488214448094,0.5,0.0,0.0044547488214448094,0.8889660692173716,0.0,oursmain,core6,10,42
2024-05-30,-0.00015057972632348537,0.0,0.0,-0.00015057972632348537,0.8888322089499581,0.0,oursmain,core6,10,42
2024-05-31,0.0013030767440795898,0.5,0.0,0.0013030767440795898,0.8899904255308296,0.0,oursmain,core6,10,42
2024-06-03,-0.001768606947734952,0.0,0.0,-0.001768606947734952,0.8884163822808182,0.0,oursmain,core6,10,42
2024-06-04,-0.0017764701624400914,0.5,0.0,-0.0017764701624400914,0.8868381370858733,0.0,oursmain,core6,10,42
2024-06-05,0.0022486206144094467,0.0,0.0,0.0022486206144094467,0.8888322996025692,0.0,oursmain,core6,10,42
2024-06-06,-0.003269825829192996,0.0,0.0,-0.003269825829192996,0.8859259727915076,0.0,oursmain,core6,10,42
2024-06-07,0.002179334383981768,0.5,0.0,0.002179334383981768,0.8878567017256747,0.0,oursmain,core6,10,42
2024-06-10,-0.001999930798774585,0.0,0.0,-0.001999930798774585,0.8860810497629951,0.0,oursmain,core6,10,42
2024-06-11,0.0065543484524823725,0.0,0.0,0.0065543484524823725,0.8918887337202831,0.0,oursmain,core6,10,42
2024-06-12,-0.0016580111841904,0.0,0.0,-0.0016580111841904,0.8904099722247214,0.0,oursmain,core6,10,42
2024-06-13,0.0006381605053320527,0.5,0.0,0.0006381605053320527,0.8909781967025491,0.0,oursmain,core6,10,42
2024-06-14,-0.0008023132686503232,0.5,0.0,-0.0008023132686503232,0.8902633530732564,0.0,oursmain,core6,10,42
2024-06-17,0.007202282169600949,0.0,0.0,0.007202282169600949,0.896675280947345,0.0,oursmain,core6,10,42
2024-06-18,1.473200973123312e-05,0.5,0.0,1.473200973123312e-05,0.8966884907763097,0.0,oursmain,core6,10,42
2024-06-19,0.0022159515065141022,0.0,0.0,0.0022159515065141022,0.8986755089883194,0.0,oursmain,core6,10,42
2024-06-20,0.0010996934142895043,0.5,0.0,0.0010996934142895043,0.8996637765271371,0.0,oursmain,core6,10,42
2024-06-21,-0.00020579085685312748,0.5,0.0,-0.00020579085685312748,0.8994786339476859,0.0,oursmain,core6,10,42
2024-06-24,0.0009534279724903172,1.5,0.0,0.0009534279724903172,0.900336222037949,0.0,oursmain,core6,10,42
2024-06-25,-0.0009025424369610846,0.5,0.0,-0.0009025424369610846,0.8995236303900266,0.0,oursmain,core6,10,42
2024-06-26,-0.0013171451355447061,0.5,0.0,-0.0013171451355447061,0.8983388272159508,0.0,oursmain,core6,10,42
2024-06-27,-0.004245597439876292,0.0,0.0,-0.004245597439876292,0.8945248421909813,0.0,oursmain,core6,10,42
2024-06-28,-0.0002660716854734346,0.0,0.0,-0.0002660716854734346,0.8942868344585216,0.0,oursmain,core6,10,42
2024-07-01,-0.001283983961911872,0.5,0.0,-0.001283983961911872,0.8931385845057279,0.0,oursmain,core6,10,42
2024-07-02,-0.002415262220893055,0.5,0.0,-0.002415262220893055,0.8909814206245493,0.0,oursmain,core6,10,42
2024-07-03,-0.0003715167404152453,0.0,0.0,-0.0003715167404152453,0.8906504061113883,0.0,oursmain,core6,10,42
2024-07-04,0.0051599451107904315,0.0,0.0,0.0051599451107904315,0.8952461133198263,0.0,oursmain,core6,10,42
2024-07-05,-0.0026592095382511616,0.0,0.0,-0.0026592095382511616,0.8928654663162039,0.0,oursmain,core6,10,42
2024-07-08,-0.00047766975876584183,0.0,0.0,-0.00047766975876584183,0.8924389714842983,0.0,oursmain,core6,10,42
2024-07-09,-0.0031814272806514055,0.0,0.0,-0.0031814272806514055,0.8895997417941016,0.0,oursmain,core6,10,42
2024-07-10,0.010862720431759953,0.0,0.0,0.010862720431759953,0.8992632150853768,0.0,oursmain,core6,10,42
2024-07-11,-0.0006289452139753848,0.0,0.0,-0.0006289452139753848,0.8986976277901447,0.0,oursmain,core6,10,42
2024-07-12,0.0016984459944069386,0.0,0.0,0.0016984459944069386,0.9002240171762479,0.0,oursmain,core6,10,42
2024-07-15,0.00025750902932486497,0.5,0.0,0.00025750902932486497,0.9004558329890858,0.0,oursmain,core6,10,42
2024-07-16,0.011734468629583716,0.0,0.0,0.011734468629583716,0.911022203713622,0.0,oursmain,core6,10,42
2024-07-17,-0.003559672739356756,0.0,0.0,-0.003559672739356756,0.9077792628101139,0.0,oursmain,core6,10,42
2024-07-18,-0.00043723152339225635,0.0,0.0,-0.00043723152339225635,0.9073823531001315,0.0,oursmain,core6,10,42
2024-07-19,-0.005642098501994042,1.0,0.0,-0.005642098501994042,0.9022628124849694,0.0,oursmain,core6,10,42
2024-07-22,0.0005922835553064942,0.0,0.0,0.0005922835553064942,0.9027972079113689,0.0,oursmain,core6,10,42
2024-07-23,-0.001745490764733404,0.0,0.0,-0.001745490764733404,0.9012213837225325,0.0,oursmain,core6,10,42
2024-07-24,-0.005148389522219077,0.5,0.0,-0.005148389522219077,0.8965815449933756,0.0,oursmain,core6,10,42
2024-07-25,0.001388613905874081,0.0,0.0,0.001388613905874081,0.8978265505945034,0.0,oursmain,core6,10,42
2024-07-26,-0.002279117237776518,0.5,0.0,-0.002279117237776518,0.8957802986265101,0.0,oursmain,core6,10,42
2024-07-29,-0.006101945953560062,0.0,0.0,-0.006101945953560062,0.8903142956580272,0.0,oursmain,core6,10,42
2024-07-30,-0.0105455526500009,0.0,0.0,-0.0105455526500009,0.8809254393781171,0.0,oursmain,core6,10,42
2024-07-31,-0.008415650692768395,0.0,0.0,-0.008415650692768395,0.8735118785939373,0.0,oursmain,core6,10,42
2024-08-01,-0.021617756523482967,0.0,0.0,-0.021617756523482967,0.8546285114821234,0.0,oursmain,core6,10,42
2024-08-02,0.0028065418009646237,0.5,0.0,0.0028065418009646237,0.8570270621238941,0.0,oursmain,core6,10,42
2024-08-05,-0.00837780610891059,0.0,0.0,-0.00837780610891059,0.8498470555673309,0.0,oursmain,core6,10,42
2024-08-06,0.009694882144685835,0.0,0.0,0.009694882144685835,0.8580862226120645,0.0,oursmain,core6,10,42
2024-08-07,0.012990490416996181,0.0,0.0,0.012990490416996181,0.8692331834638629,0.0,oursmain,core6,10,42
2024-08-08,-0.003076021099332138,0.0,0.0,-0.003076021099332138,0.8665594038512884,0.0,oursmain,core6,10,42
2024-08-09,0.00020041312382090837,0.0,0.0,0.00020041312382090837,0.8667330737283906,0.0,oursmain,core6,10,42
2024-08-12,0.005080869188532233,0.0,0.0,0.005080869188532233,0.871136831097379,0.0,oursmain,core6,10,42
2024-08-13,-0.0009006885375129059,0.0,0.0,-0.0009006885375129059,0.8703522081390043,0.0,oursmain,core6,10,42
2024-08-14,0.009025154111441225,0.5,0.0,0.009025154111441225,0.878207270948692,0.0,oursmain,core6,10,42
2024-08-15,-0.0004141752142459154,0.5,0.0,-0.0004141752142459154,0.8778435392640945,0.0,oursmain,core6,10,42
2024-08-16,-0.0023683864856138825,0.0,0.0,-0.0023683864856138825,0.875764466489218,0.0,oursmain,core6,10,42
2024-08-19,0.00036958756390959024,0.0,0.0,0.00036958756390959024,0.8760881381449463,0.0,oursmain,core6,10,42
2024-08-20,0.001691891869995743,0.5,0.0,0.001691891869995743,0.8775703845432735,0.0,oursmain,core6,10,42
2024-08-21,0.004869312411756255,0.0,0.0,0.004869312411756255,0.8818435489089198,0.0,oursmain,core6,10,42
2024-08-22,-0.0013442335184663534,0.0,0.0,-0.0013442335184663534,0.8806581452524331,0.0,oursmain,core6,10,42
2024-08-23,0.0007461364584742114,0.0,0.0,0.0007461364584742114,0.8813152364020582,0.0,oursmain,core6,10,42
2024-08-26,0.0032800965127535164,0.5,0.0,0.0032800965127535164,0.8842060354356172,0.0,oursmain,core6,10,42
2024-08-27,-0.0010325932162231766,0.0,0.0,-0.0010325932162231766,0.8832930102816827,0.0,oursmain,core6,10,42
2024-08-28,-0.0038144115824252367,0.5,0.0,-0.0038144115824252367,0.879923767192589,0.0,oursmain,core6,10,42
2024-08-29,0.0030946163460612297,0.5,0.0,0.0030946163460612297,0.882646793665831,0.0,oursmain,core6,10,42
2024-08-30,0.0035056798205914674,1.0,0.0,0.0035056798205914674,0.885741070719095,0.0,oursmain,core6,10,42
2024-09-02,-0.007085459714289755,0.0,0.0,-0.007085459714289755,0.879465188045223,0.0,oursmain,core6,10,42
2024-09-03,-0.006683132713078521,0.0,0.0,-0.006683132713078521,0.8735876054769842,0.0,oursmain,core6,10,42
2024-09-04,0.0005255243449937552,0.5,0.0,0.0005255243449937552,0.8740466970311471,0.0,oursmain,core6,10,42
2024-09-05,-0.008428421977441758,0.5,0.0,-0.008428421977441758,0.8666798626405794,0.0,oursmain,core6,10,42
2024-09-06,0.0022585061378777027,0.0,0.0,0.0022585061378777027,0.8686372644299282,0.0,oursmain,core6,10,42
2024-09-09,-0.0021871119970455766,0.5,0.0,-0.0021871119970455766,0.8667374574478126,0.0,oursmain,core6,10,42
2024-09-10,-0.0016086801479104906,0.0,0.0,-0.0016086801479104906,0.8653431541065659,0.0,oursmain,core6,10,42
2024-09-11,0.0030568687652703375,0.0,0.0,0.0030568687652703375,0.8679883945655948,0.0,oursmain,core6,10,42
2024-09-12,-0.0023864222457632422,0.5,0.0,-0.0023864222457632422,0.8659170077517392,0.0,oursmain,core6,10,42
2024-09-13,0.0029242996824905276,0.0,0.0,0.0029242996824905276,0.8684492085825708,0.0,oursmain,core6,10,42
2024-09-16,0.004836216801777482,0.0,0.0,0.004836216801777482,0.8726492172366082,0.0,oursmain,core6,10,42
2024-09-17,0.004810577258467674,0.0,0.0,0.004810577258467674,0.8768471637156662,0.0,oursmain,core6,10,42
2024-09-18,0.006692225229926407,0.5,0.0,0.006692225229926407,0.8827152224274736,0.0,oursmain,core6,10,42
2024-09-19,0.0049689003244566265,0.0,0.0,0.0049689003244566265,0.8871013463825963,0.0,oursmain,core6,10,42
2024-09-20,0.0009763119742274284,0.0,0.0,0.0009763119742274284,0.8879674340494229,0.0,oursmain,core6,10,42
2024-09-23,5.24462666362524e-05,0.0,0.0,5.24462666362524e-05,0.8880140046262334,0.0,oursmain,core6,10,42
2024-09-24,0.006433430127799511,0.0,0.0,0.006433430127799511,0.8937269806775037,0.0,oursmain,core6,10,42
2024-09-25,0.003776670855586417,0.0,0.0,0.003776670855586417,0.8971022933182796,0.0,oursmain,core6,10,42
2024-09-26,-0.003648557816632092,0.5,0.0,-0.003648557816632092,0.8938291637336746,0.0,oursmain,core6,10,42
2024-09-27,0.005322840239387006,0.0,0.0,0.005322840239387006,0.8985868735735338,0.0,oursmain,core6,10,42
2024-09-30,0.004999522177968174,0.5,0.0,0.004999522177968174,0.9030793785767958,0.0,oursmain,core6,10,42
2024-10-01,-0.007383680815109983,0.0,0.0,-0.007383680815109983,0.8964113286946769,0.0,oursmain,core6,10,42
2024-10-02,-0.0007780952728353441,0.0,0.0,-0.0007780952728353441,0.8957138352773035,0.0,oursmain,core6,10,42
2024-10-03,-0.0010443060891702771,0.0,0.0,-0.0010443060891702771,0.8947784358649694,0.0,oursmain,core6,10,42
2024-10-04,0.0010993953328579664,0.5,0.0,0.0010993953328579664,0.8957621511013013,0.0,oursmain,core6,10,42
2024-10-07,0.0033071819379983936,0.5,0.0,0.0033071819379983936,0.8987245995081661,0.0,oursmain,core6,10,42
2024-10-08,0.0026605704333633184,1.0,0.0,0.0026605704333633184,0.9011157196053537,0.0,oursmain,core6,10,42
2024-10-09,-0.004545356263406575,1.0,0.0,-0.004545356263406575,0.8970198276251914,0.0,oursmain,core6,10,42
2024-10-10,0.0035498079378157854,0.0,0.0,0.0035498079378157854,0.9002040757296734,0.0,oursmain,core6,10,42
2024-10-11,0.002545822353567928,0.0,0.0,0.002545822353567928,0.902495835388439,0.0,oursmain,core6,10,42
2024-10-14,-0.004356287303380668,0.0,0.0,-0.004356287303380668,0.8985643042393825,0.0,oursmain,core6,10,42
2024-10-15,0.0006272333557717502,0.0,0.0,0.0006272333557717502,0.8991279137433072,0.0,oursmain,core6,10,42
2024-10-16,0.0036283104855101556,0.0,0.0,0.0036283104855101556,0.902390228980557,0.0,oursmain,core6,10,42
2024-10-17,-0.002536646803491749,0.0,0.0,-0.002536646803491749,0.9001011836907112,0.0,oursmain,core6,10,42
2024-10-18,5.618418799713254e-05,0.5,0.0,5.618418799713254e-05,0.9001517551448321,0.0,oursmain,core6,10,42
2024-10-21,0.0038107717628008686,0.5,0.0,0.0038107717628008686,0.9035820280355737,0.0,oursmain,core6,10,42
2024-10-22,0.0037619192735292017,0.5,0.0,0.0037619192735292017,0.9069812306820554,0.0,oursmain,core6,10,42
2024-10-23,-0.004120928409975022,0.5,0.0,-0.004120928409975022,0.9032436259612235,0.0,oursmain,core6,10,42
2024-10-24,0.001619534334167838,0.0,0.0,0.001619534334167838,0.904706460025586,0.0,oursmain,core6,10,42
2024-10-25,0.004459232222870924,0.5,0.0,0.004459232222870924,0.9087407562243716,0.0,oursmain,core6,10,42
2024-10-28,0.00040263048140332103,0.5,0.0,0.00040263048140332103,0.909106642952521,0.0,oursmain,core6,10,42
2024-10-29,-0.0015798026724951342,0.0,0.0,-0.0015798026724951342,0.9076704338484015,0.0,oursmain,core6,10,42
2024-10-30,-0.0008033851627260447,0.0,0.0,-0.0008033851627260447,0.9069412248892026,0.0,oursmain,core6,10,42
2024-10-31,-0.004306176269892603,0.5,0.0,-0.004306176269892603,0.9030357761083974,0.0,oursmain,core6,10,42
2024-11-01,0.002435349131701514,1.0,0.0,0.002435349131701514,0.9052349835016383,0.0,oursmain,core6,10,42
2024-11-04,-0.003343571093864739,0.5,0.0,-0.003343571093864739,0.9022082659776471,0.0,oursmain,core6,10,42
2024-11-05,-0.0062143816612660885,0.0,0.0,-0.0062143816612660885,0.896601599474913,0.0,oursmain,core6,10,42
2024-11-06,-0.006673005293123424,0.0,0.0,-0.006673005293123424,0.890618572255794,0.0,oursmain,core6,10,42
2024-11-07,0.006618998944759369,0.5,0.0,0.006618998944759369,0.8965135756457382,0.0,oursmain,core6,10,42
2024-11-08,-0.0012922548921778798,0.0,0.0,-0.0012922548921778798,0.8953550515917061,0.0,oursmain,core6,10,42
2024-11-11,0.004522161209024489,0.5,0.0,0.004522161209024489,0.8994039914743183,0.0,oursmain,core6,10,42
2024-11-12,0.000308407936245203,0.5,0.0,0.000308407936245203,0.8996813748031796,0.0,oursmain,core6,10,42
2024-11-13,-0.00254323345143348,0.0,0.0,-0.00254323345143348,0.8973932750351484,0.0,oursmain,core6,10,42
2024-11-14,-0.00584405058179982,1.0,0.0,-0.00584405058179982,0.8921488633440761,0.0,oursmain,core6,10,42
2024-11-15,0.0023391375871142372,0.5,0.0,0.0023391375871142372,0.8942357222836255,0.0,oursmain,core6,10,42
2024-11-18,-0.0005165801849216223,1.0,0.0,-0.0005165801849216223,0.8937737778288447,0.0,oursmain,core6,10,42
2024-11-19,0.0015240468783304095,0.0,0.0,0.0015240468783304095,0.8951359309648783,0.0,oursmain,core6,10,42
2024-11-20,-0.000421229749917984,1.0,0.0,-0.000421229749917984,0.8947588730805354,0.0,oursmain,core6,10,42
2024-11-21,0.0016014242719393224,0.5,0.0,0.0016014242719393224,0.8961917616574196,0.0,oursmain,core6,10,42
2024-11-22,-0.006547837430844083,0.5,0.0,-0.006547837430844083,0.8903236436952251,0.0,oursmain,core6,10,42
2024-11-25,0.0017118030227720737,0.0,0.0,0.0017118030227720737,0.891847702399748,0.0,oursmain,core6,10,42
2024-11-26,-0.003573083784431219,0.5,0.0,-0.003573083784431219,0.8886610558361212,0.0,oursmain,core6,10,42
2024-11-27,0.0003648964575404534,0.0,0.0,0.0003648964575404534,0.88898532510735,0.0,oursmain,core6,10,42
2024-11-28,0.0,0.5,0.0,0.0,0.88898532510735,0.0,oursmain,core6,10,42
2024-11-29,-0.004417858450324275,0.0,0.0,-0.004417858450324275,0.8850579137766101,0.0,oursmain,core6,10,42
2024-12-02,0.00033834529313025996,0.0,0.0,0.00033834529313025996,0.8853573689558841,0.0,oursmain,core6,10,42
2024-12-03,0.0023709811794105917,0.0,0.0,0.0023709811794105917,0.8874565346147311,0.0,oursmain,core6,10,42
2024-12-04,-9.990343824028969e-05,0.0,0.0,-9.990343824028969e-05,0.8873678746556343,0.0,oursmain,core6,10,42
2024-12-05,-0.00532439119706396,0.0,0.0,-0.00532439119706396,0.8826431809552605,0.0,oursmain,core6,10,42
2024-12-06,0.003663170453364728,0.0,0.0,0.003663170453364728,0.8858764533765997,0.0,oursmain,core6,10,42
2024-12-09,0.0023969947651494294,0.5,0.0,0.0023969947651494294,0.8879998945979125,0.0,oursmain,core6,10,42
2024-12-10,0.0015015967073850334,0.0,0.0,0.0015015967073850334,0.889333312315799,0.0,oursmain,core6,10,42
2024-12-11,0.0021082557504996657,0.0,0.0,0.0021082557504996657,0.8912082543855997,0.0,oursmain,core6,10,42
2024-12-12,0.0040901409374782816,0.0,0.0,0.0040901409374782816,0.8948534217506808,0.0,oursmain,core6,10,42
2024-12-13,0.0003023211029358208,0.5,0.0,0.0003023211029358208,0.8951239548241104,0.0,oursmain,core6,10,42
2024-12-16,0.002332522824872285,0.5,0.0,0.002332522824872285,0.8972118518798277,0.0,oursmain,core6,10,42
2024-12-17,-0.002452425891533494,0.0,0.0,-0.002452425891533494,0.8950115063040869,0.0,oursmain,core6,10,42
2024-12-18,-0.00632573023904115,0.0,0.0,-0.00632573023904115,0.8893499049543694,0.0,oursmain,core6,10,42
2024-12-19,0.002378830569796264,0.0,0.0,0.002378830569796264,0.8914655176955203,0.0,oursmain,core6,10,42
2024-12-20,-0.0010347084607928991,0.5,0.0,-0.0010347084607928991,0.8905431107818557,0.0,oursmain,core6,10,42
2024-12-23,0.000646198182948865,0.0,0.0,0.000646198182948865,0.8911185781218806,0.0,oursmain,core6,10,42
2024-12-24,-0.0005208479633438401,0.0,0.0,-0.0005208479633438401,0.8906544408253679,0.0,oursmain,core6,10,42
2024-12-25,0.0005515989469131455,0.5,0.0,0.0005515989469131455,0.8911457248769907,0.0,oursmain,core6,10,42
2024-12-26,-0.0007436993473675102,0.0,0.0,-0.0007436993473675102,0.8904829803829903,0.0,oursmain,core6,10,42
2024-12-27,-0.0007364368066191673,0.0,0.0,-0.0007364368066191673,0.8898271959405684,0.0,oursmain,core6,10,42
2024-12-30,0.002741058124229312,0.0,0.0,0.002741058124229312,0.8922662640051614,0.0,oursmain,core6,10,42
2024-12-31,-0.004052609030622989,0.5,0.0,-0.004052609030622989,0.8886502576859339,0.0,oursmain,core6,10,42
2025-01-01,-0.003792967996560037,0.0,0.0,-0.003792967996560037,0.8852796356983963,0.0,oursmain,core6,10,42
2025-01-02,0.002703431062400341,0.5,0.0,0.002703431062400341,0.8876729281644538,0.0,oursmain,core6,10,42
2025-01-03,-0.0011680673342198133,0.5,0.0,-0.0011680673342198133,0.8866360664135936,0.0,oursmain,core6,10,42
2025-01-06,-0.0023862379894126207,0.0,0.0,-0.0023862379894126207,0.8845203417491341,0.0,oursmain,core6,10,42
2025-01-07,-0.0034663170954445377,0.5,0.0,-0.0034663170954445377,0.8814543137672606,0.0,oursmain,core6,10,42
2025-01-08,-0.0005213578697293997,0.5,0.0,-0.0005213578697293997,0.8809947606239711,0.0,oursmain,core6,10,42
2025-01-09,-0.001991818193346262,0.0,0.0,-0.001991818193346262,0.8792399792315175,0.0,oursmain,core6,10,42
2025-01-10,-0.0006082039326429367,0.5,0.0,-0.0006082039326429367,0.8787052220184121,0.0,oursmain,core6,10,42
2025-01-13,0.0008277295273728669,0.0,0.0,0.0008277295273728669,0.8794325522765334,0.0,oursmain,core6,10,42
2025-01-14,-0.007043389312457293,0.0,0.0,-0.007043389312457293,0.8732383664368019,0.0,oursmain,core6,10,42
2025-01-15,-0.002868328068871051,0.0,0.0,-0.002868328068871051,0.870733632319536,0.0,oursmain,core6,10,42
2025-01-16,-0.0006457091658376157,0.0,0.0,-0.0006457091658376157,0.8701713916321442,0.0,oursmain,core6,10,42
2025-01-17,0.007842940278351307,0.0,0.0,0.007842940278351307,0.876996093888645,0.0,oursmain,core6,10,42
2025-01-20,-0.00347433342540171,0.0,0.0,-0.00347433342540171,0.8739491170457009,0.0,oursmain,core6,10,42
2025-01-21,0.0011753359285648912,0.0,0.0,0.0011753359285648912,0.8749763008427023,0.0,oursmain,core6,10,42
2025-01-22,-0.0008282679482363164,0.0,0.0,-0.0008282679482363164,0.8742515860172478,0.0,oursmain,core6,10,42
2025-01-23,0.000513975799549371,0.0,0.0,0.000513975799549371,0.8747009301751784,0.0,oursmain,core6,10,42
2025-01-24,0.0011307549430057406,0.5,0.0,0.0011307549430057406,0.8756900025756257,0.0,oursmain,core6,10,42
2025-01-27,0.003894463305186946,0.0,0.0,0.003894463305186946,0.8791003451573756,0.0,oursmain,core6,10,42
2025-01-28,0.0006357519596349448,0.5,0.0,0.0006357519596349448,0.8796592349245251,0.0,oursmain,core6,10,42
2025-01-29,-0.006839564855908975,0.5,0.0,-0.006839564855908975,0.8736427485361595,0.0,oursmain,core6,10,42
2025-01-30,-0.0007214430370368063,0.0,0.0,-0.0007214430370368063,0.8730124650583704,0.0,oursmain,core6,10,42
2025-01-31,-0.0044597245287150145,0.0,0.0,-0.0044597245287150145,0.8691190699540756,0.0,oursmain,core6,10,42
2025-02-03,-0.004763305187225342,0.0,0.0,-0.004763305187225342,0.864979190579847,0.0,oursmain,core6,10,42
2025-02-04,-0.0035113953053951263,1.0,0.0,-0.0035113953053951263,0.8619419067107804,0.0,oursmain,core6,10,42
2025-02-05,-0.005689166224328801,0.0,0.0,-0.005689166224328801,0.8570381759277879,0.0,oursmain,core6,10,42
2025-02-06,0.0017320023034699261,0.0,0.0,0.0017320023034699261,0.8585225680226565,0.0,oursmain,core6,10,42
2025-02-07,-0.000288220020593144,0.0,0.0,-0.000288220020593144,0.8582751246304213,0.0,oursmain,core6,10,42
2025-02-10,0.0010389037197455764,0.0,0.0,0.0010389037197455764,0.859166789849965,0.0,oursmain,core6,10,42
2025-02-11,0.003052634303458035,0.5,0.0,0.003052634303458035,0.8617895118650529,0.0,oursmain,core6,10,42
2025-02-12,0.00263372715562582,0.5,0.0,0.00263372715562582,0.8640592303048854,0.0,oursmain,core6,10,42
2025-02-13,-0.0017614701064303517,0.0,0.0,-0.0017614701064303517,0.8625372158005181,0.0,oursmain,core6,10,42
2025-02-14,-0.000886179299413925,0.5,0.0,-0.000886179299413925,0.8617728531749016,0.0,oursmain,core6,10,42
2025-02-17,0.0003276229981565848,0.0,0.0,0.0003276229981565848,0.8620551897807888,0.0,oursmain,core6,10,42
2025-02-18,-0.0035052652237936854,0.5,0.0,-0.0035052652237936854,0.8590334577030593,0.0,oursmain,core6,10,42
2025-02-19,-0.0012727747671306133,0.5,0.0,-0.0012727747671306133,0.8579401015939738,0.0,oursmain,core6,10,42
2025-02-20,0.0001570027379784733,0.0,0.0,0.0001570027379784733,0.8580748005389456,0.0,oursmain,core6,10,42
2025-02-21,0.0032253891113214195,0.0,0.0,0.0032253891113214195,0.8608424256573032,0.0,oursmain,core6,10,42
2025-02-24,0.008125295396894217,0.5,0.0,0.008125295396894217,0.8678370246559477,0.0,oursmain,core6,10,42
2025-02-25,0.001191057643154636,0.0,0.0,0.001191057643154636,0.8688706685771768,0.0,oursmain,core6,10,42
2025-02-26,0.0026302419137209654,0.0,0.0,0.0026302419137209654,0.8711560086272712,0.0,oursmain,core6,10,42
2025-02-27,0.0036095448303967714,0.5,0.0,0.0036095448303967714,0.8743004852946809,0.0,oursmain,core6,10,42
2025-02-28,0.0011683202683343552,0.5,0.0,0.0011683202683343552,0.8753219482722652,0.0,oursmain,core6,10,42
2025-03-03,0.012156875454820693,0.5,0.0,0.012156875454820693,0.8859631281802821,0.0,oursmain,core6,10,42
2025-03-04,-0.007789597031660378,0.0,0.0,-0.007789597031660378,0.8790618324268484,0.0,oursmain,core6,10,42
2025-03-05,-0.0004208926693536341,0.5,0.0,-0.0004208926693536341,0.8786918417456714,0.0,oursmain,core6,10,42
2025-03-06,0.00782091508153826,0.5,0.0,0.00782091508153826,0.8855640160228048,0.0,oursmain,core6,10,42
2025-03-07,-0.0022695979569107294,0.0,0.0,-0.0022695979569107294,0.8835541417413257,0.0,oursmain,core6,10,42
2025-03-10,0.004141554454690777,0.5,0.0,0.004141554454690777,0.8872134293330151,0.0,oursmain,core6,10,42
2025-03-11,4.183338023722172e-05,0.0,0.0,4.183338023722172e-05,0.8872505444697559,0.0,oursmain,core6,10,42
2025-03-12,-0.0004147979343542829,0.5,0.0,-0.0004147979343542829,0.8868825147766551,0.0,oursmain,core6,10,42
2025-03-13,-0.0008971566567197442,0.0,0.0,-0.0008971566567197442,0.886086842224795,0.0,oursmain,core6,10,42
2025-03-14,0.004630540614016354,0.0,0.0,0.004630540614016354,0.8901899033352624,0.0,oursmain,core6,10,42
2025-03-17,0.002435325877740979,0.0,0.0,0.002435325877740979,0.8923578058429584,0.0,oursmain,core6,10,42
2025-03-18,-0.0006712906033499166,0.5,0.0,-0.0006712906033499166,0.8917587744330701,0.0,oursmain,core6,10,42
2025-03-19,-0.001742919150274247,0.0,0.0,-0.001742919150274247,0.8902045109876856,0.0,oursmain,core6,10,42
2025-03-20,0.0005829313595313579,0.5,0.0,0.0005829313595313579,0.8907234391135366,0.0,oursmain,core6,10,42
2025-03-21,-0.0016575710242250352,0.0,0.0,-0.0016575710242250352,0.8892470017502639,0.0,oursmain,core6,10,42
2025-03-24,-0.004453778030438116,0.5,0.0,-0.004453778030438116,0.8852864929902357,0.0,oursmain,core6,10,42
2025-03-25,-0.002035939251072705,0.0,0.0,-0.002035939251072705,0.8834841034707124,0.0,oursmain,core6,10,42
2025-03-26,0.004656957207771484,0.0,0.0,0.004656957207771484,0.8875984511343218,0.0,oursmain,core6,10,42
2025-03-27,0.0020621375406335574,0.0,0.0,0.0020621375406335574,0.8894288012214141,0.0,oursmain,core6,10,42
2025-03-28,0.00603288876300212,0.0,0.0,0.00603288876300212,0.8947946262417932,0.0,oursmain,core6,10,42
2025-03-31,-0.007615364360390231,0.0,0.0,-0.007615364360390231,0.8879804391352427,0.0,oursmain,core6,10,42
2025-04-01,0.0045471967896446586,0.0,0.0,0.0045471967896446586,0.8920182609373457,0.0,oursmain,core6,10,42
2025-04-02,-0.0019173905020579696,1.0,0.0,-0.0019173905020579696,0.8903079135961621,0.0,oursmain,core6,10,42
2025-04-03,0.012666977476328611,0.0,0.0,0.012666977476328611,0.9015854238846819,0.0,oursmain,core6,10,42
2025-04-04,0.003262397600337863,0.0,0.0,0.003262397600337863,0.9045267540080628,0.0,oursmain,core6,10,42
2025-04-07,-0.00019680149853229523,1.0,0.0,-0.00019680149853229523,0.9043487417874114,0.0,oursmain,core6,10,42
2025-04-08,-0.002343342872336507,0.0,0.0,-0.002343342872336507,0.9022295426092374,0.0,oursmain,core6,10,42
2025-04-09,0.011365663260221481,0.0,0.0,0.011365663260221481,0.9124839797739576,0.0,oursmain,core6,10,42
2025-04-10,0.005087553436169401,0.0,0.0,0.005087553436169401,0.9171262907807061,0.0,oursmain,core6,10,42
2025-04-11,0.005795590812340379,1.0,0.0,0.005795590812340379,0.9224415794853106,0.0,oursmain,core6,10,42
2025-04-14,0.0035213299706811085,1.0,0.0,0.0035213299706811085,0.9256898006653547,0.0,oursmain,core6,10,42
2025-04-15,-0.006339322491839994,1.0,0.0,-0.006339322491839994,0.9198215544915299,0.0,oursmain,core6,10,42
2025-04-16,-0.0005481168627738953,0.0,0.0,-0.0005481168627738953,0.9193173847867702,0.0,oursmain,core6,10,42
2025-04-17,-0.000548718380741775,0.0,0.0,-0.000548718380741775,0.9188129384400022,0.0,oursmain,core6,10,42
2025-04-18,0.00041012209840118885,0.0,0.0,0.00041012209840118885,0.9191897639303535,0.0,oursmain,core6,10,42
2025-04-21,0.013013853604206815,0.5,0.0,0.013013853604206815,0.9311519649526285,0.0,oursmain,core6,10,42
2025-04-22,0.002008040464716032,0.0,0.0,0.002008040464716032,0.9330217557770533,0.0,oursmain,core6,10,42
2025-04-23,-0.0006288018776103854,0.5,0.0,-0.0006288018776103854,0.9324350699451693,0.0,oursmain,core6,10,42
2025-04-24,-0.0005526820023078471,0.0,0.0,-0.0005526820023078471,0.93191972986369,0.0,oursmain,core6,10,42
2025-04-25,0.0027065726462751627,0.0,0.0,0.0027065726462751627,0.9344420383130632,0.0,oursmain,core6,10,42
2025-04-28,0.0013765653711743653,1.0,0.0,0.0013765653711743653,0.9357283588643746,0.0,oursmain,core6,10,42
2025-04-29,0.001200521714054048,0.0,0.0,0.001200521714054048,0.9368517210776474,0.0,oursmain,core6,10,42
2025-04-30,0.006607457296922803,0.0,0.0,0.006607457296922803,0.9430419288182166,0.0,oursmain,core6,10,42
2025-05-01,-0.004786300880368799,0.0,0.0,-0.004786300880368799,0.9385282464040893,0.0,oursmain,core6,10,42
2025-05-02,-0.0038825158790132264,0.0,0.0,-0.0038825158790132264,0.934884395584523,0.0,oursmain,core6,10,42
2025-05-05,-0.003898332128301263,0.0,0.0,-0.003898332128301263,0.9312399057089683,0.0,oursmain,core6,10,42
2025-05-06,0.00358964700717479,0.0,0.0,0.00358964700717479,0.9345827282494582,0.0,oursmain,core6,10,42
2025-05-07,0.003053931752219796,0.0,0.0,0.003053931752219796,0.9374368801183355,0.0,oursmain,core6,10,42
2025-05-08,-0.002537361880968092,0.0,0.0,-0.002537361880968092,0.9350582635129095,0.0,oursmain,core6,10,42
2025-05-09,0.002032209187746048,0.5,0.0,0.002032209187746048,0.9369584975070984,0.0,oursmain,core6,10,42
2025-05-12,-0.00437250139657408,0.5,0.0,-0.00437250139657408,0.9328616451682167,0.0,oursmain,core6,10,42
2025-05-13,-0.006047312635928392,0.5,0.0,-0.006047312635928392,0.927220339153818,0.0,oursmain,core6,10,42
2025-05-14,-0.0015252487501129508,0.0,0.0,-0.0015252487501129508,0.9258060974904443,0.0,oursmain,core6,10,42
2025-05-15,-0.0015310420385503676,0.5,0.0,-0.0015310420385503676,0.9243886494356401,0.0,oursmain,core6,10,42
2025-05-16,-0.0012667836708715186,0.5,0.0,-0.0012667836708715186,0.923217648988996,0.0,oursmain,core6,10,42
2025-05-19,-0.001537867123261094,0.0,0.0,-0.001537867123261094,0.9217978629190015,0.0,oursmain,core6,10,42
2025-05-20,-0.0013627015869133174,0.0,0.0,-0.0013627015869133174,0.9205417275083885,0.0,oursmain,core6,10,42
2025-05-21,-0.0013168585355742835,0.5,0.0,-0.0013168585355742835,0.9193295042771668,0.0,oursmain,core6,10,42
2025-05-22,0.0016363868489861488,0.0,0.0,0.0016363868489861488,0.9208338829878508,0.0,oursmain,core6,10,42
2025-05-23,-0.0013800915039610118,0.0,0.0,-0.0013800915039610118,0.9195630479693799,0.0,oursmain,core6,10,42
2025-05-26,0.001699135871604085,0.0,0.0,0.001699135871604085,0.9211255105303863,0.0,oursmain,core6,10,42
2025-05-27,0.006783800316043198,0.0,0.0,0.006783800316043198,0.9273742420598378,0.0,oursmain,core6,10,42
2025-05-28,-0.004988683736883104,0.5,0.0,-0.004988683736883104,0.9227478652604696,0.0,oursmain,core6,10,42
2025-05-29,0.0,0.0,0.0,0.0,0.9227478652604696,0.0,oursmain,core6,10,42
2025-05-30,0.002095761679811403,1.0,0.0,0.002095761679811403,0.9246817248766103,0.0,oursmain,core6,10,42
2025-06-02,-0.0026788425748236477,0.0,0.0,-0.0026788425748236477,0.9222046481038494,0.0,oursmain,core6,10,42
2025-06-03,0.003440291155129671,0.0,0.0,0.003440291155129671,0.9253773005979405,0.0,oursmain,core6,10,42
2025-06-04,-0.0038469458231702447,0.5,0.0,-0.0038469458231702447,0.9218174242565488,0.0,oursmain,core6,10,42
2025-06-05,-0.0027146596112288535,0.5,0.0,-0.0027146596112288535,0.9193150037259925,0.0,oursmain,core6,10,42
2025-06-06,0.0022440008469857275,0.0,0.0,0.0022440008469857275,0.9213779473730003,0.0,oursmain,core6,10,42
2025-06-09,-0.0027894392842426896,0.0,0.0,-0.0027894392842426896,0.9188078195309631,0.0,oursmain,core6,10,42
2025-06-10,-0.0011942847340833396,0.5,0.0,-0.0011942847340833396,0.9177105013785409,0.0,oursmain,core6,10,42
2025-06-11,0.0015198660548776388,0.5,0.0,0.0015198660548776388,0.9191052984177909,0.0,oursmain,core6,10,42
2025-06-12,-0.0031622627284377813,0.0,0.0,-0.0031622627284377813,0.9161988459890946,0.0,oursmain,core6,10,42
2025-06-13,0.0018371711921645328,0.5,0.0,0.0018371711921645328,0.9178820601152402,0.0,oursmain,core6,10,42
2025-06-16,-0.002367122797295451,0.5,0.0,-0.002367122797295451,0.9157093205655129,0.0,oursmain,core6,10,42
2025-06-17,0.0007870216359151527,0.5,0.0,0.0007870216359151527,0.9164300036130071,0.0,oursmain,core6,10,42
2025-06-18,-0.00022038598581275437,0.5,0.0,-0.00022038598581275437,0.9162280352832325,0.0,oursmain,core6,10,42
2025-06-19,-0.0036156398127786815,0.5,0.0,-0.0036156398127786815,0.9129152847212785,0.0,oursmain,core6,10,42
2025-06-20,-0.002354342956095934,0.0,0.0,-0.002354342956095934,0.9107659690511826,0.0,oursmain,core6,10,42
2025-06-23,0.004058050049934536,0.5,0.0,0.004058050049934536,0.9144619029373694,0.0,oursmain,core6,10,42
2025-06-24,-0.0009495677804807201,0.5,0.0,-0.0009495677804807201,0.913593559377863,0.0,oursmain,core6,10,42
2025-06-25,0.003344677563291043,0.5,0.0,0.003344677563291043,0.9166492352578813,0.0,oursmain,core6,10,42
2025-06-26,-0.004071458941325545,0.0,0.0,-0.004071458941325545,0.9129171355329314,0.0,oursmain,core6,10,42
2025-06-27,-0.0006296061910688877,0.0,0.0,-0.0006296061910688877,0.912342357252467,0.0,oursmain,core6,10,42
2025-06-30,-0.0007508934868383221,0.0,0.0,-0.0007508934868383221,0.9116572853186394,0.0,oursmain,core6,10,42
2025-07-01,0.00022791999799665064,0.0,0.0,0.00022791999799665064,0.9118650702452828,0.0,oursmain,core6,10,42
2025-07-02,-0.0007711295911576599,0.0,0.0,-0.0007711295911576599,0.9111619041064737,0.0,oursmain,core6,10,42
2025-07-03,-0.0009108673912123777,0.5,0.0,-0.0009108673912123777,0.9103319564399082,0.0,oursmain,core6,10,42
2025-07-04,-0.004090529400855303,0.5,0.0,-0.004090529400855303,0.9066082168075525,0.0,oursmain,core6,10,42
2025-07-07,-0.002784293712466024,0.0,0.0,-0.002784293712466024,0.9040839532498253,0.0,oursmain,core6,10,42
2025-07-08,-0.00019728735787793994,0.0,0.0,-0.00019728735787793994,0.9039055889153887,0.0,oursmain,core6,10,42
2025-07-09,-0.0002502425340935588,0.5,0.0,-0.0002502425340935588,0.9036793932902373,0.0,oursmain,core6,10,42
2025-07-10,-0.004649176778912079,0.5,0.0,-0.004649176778912079,0.8994780280393709,0.0,oursmain,core6,10,42
2025-07-11,0.00037273287307471037,0.0,0.0,0.00037273287307471037,0.8998132930690296,0.0,oursmain,core6,10,42
2025-07-14,-0.001283485908061266,0.0,0.0,-0.001283485908061266,0.8986583953874893,0.0,oursmain,core6,10,42
2025-07-15,0.0014176187250996009,0.5,0.0,0.0014176187250996009,0.8999323503562585,0.0,oursmain,core6,10,42
2025-07-16,0.003994084428995848,0.0,0.0,0.003994084428995848,0.903526756143966,0.0,oursmain,core6,10,42
2025-07-17,-0.0029674275720026344,1.0,0.0,-0.0029674275720026344,0.9008456059357424,0.0,oursmain,core6,10,42
2025-07-18,0.004124047321965918,0.0,0.0,0.004124047321965918,0.9045607358444064,0.0,oursmain,core6,10,42
2025-07-21,-0.0014388066483661532,0.5,0.0,-0.0014388066483661532,0.9032592478438225,0.0,oursmain,core6,10,42
2025-07-22,0.0009448228083783761,0.0,0.0,0.0009448228083783761,0.9041126677830641,0.0,oursmain,core6,10,42
2025-07-23,-0.0019350491929799318,0.5,0.0,-0.0019350491929799318,0.9023631652949076,0.0,oursmain,core6,10,42
2025-07-24,0.0036232216716598487,0.0,0.0,0.0036232216716598487,0.9056326270711117,0.0,oursmain,core6,10,42
2025-07-25,-0.005098417866975069,1.0,0.0,-0.005098417866975069,0.9010153335043368,0.0,oursmain,core6,10,42
2025-07-28,-1.9100960344076157e-05,0.5,0.0,-1.9100960344076157e-05,0.9009981232461821,0.0,oursmain,core6,10,42
2025-07-29,-0.003816250478848815,0.5,0.0,-0.003816250478848815,0.897559688726902,0.0,oursmain,core6,10,42
2025-07-30,0.006191497930558398,0.5,0.0,0.006191497930558398,0.9031169276822072,0.0,oursmain,core6,10,42
2025-07-31,-0.0011564104352146387,0.5,0.0,-0.0011564104352146387,0.9020725538428165,0.0,oursmain,core6,10,42
2025-08-01,-0.00374885286873905,1.0,0.0,-0.00374885286873905,0.898690816561532,0.0,oursmain,core6,10,42
2025-08-04,-0.0021880971908103675,1.0,0.0,-0.0021880971908103675,0.8967243937104067,0.0,oursmain,core6,10,42
2025-08-05,-0.002974686794914305,0.0,0.0,-0.002974686794914305,0.8940569194977588,0.0,oursmain,core6,10,42
2025-08-06,0.0038810670957900584,0.5,0.0,0.0038810670957900584,0.897526814389785,0.0,oursmain,core6,10,42
2025-08-07,0.0035942448885180056,1.5,0.0,0.0035942448885180056,0.9007527455547133,0.0,oursmain,core6,10,42
2025-08-08,0.0019521997310221195,0.0,0.0,0.0019521997310221195,0.9025111948223027,0.0,oursmain,core6,10,42
2025-08-11,-0.004332081371103413,0.0,0.0,-0.004332081371103413,0.8986014428880007,0.0,oursmain,core6,10,42
2025-08-12,0.0008205423364415765,0.5,0.0,0.0008205423364415765,0.8993387834154778,0.0,oursmain,core6,10,42
2025-08-13,-0.0018616700544953346,0.0,0.0,-0.0018616700544953346,0.897664511333547,0.0,oursmain,core6,10,42
2025-08-14,0.00043499801540747285,0.0,0.0,0.00043499801540747285,0.8980549936144788,0.0,oursmain,core6,10,42
2025-08-15,0.0003964581119362265,0.5,0.0,0.0003964581119362265,0.8984110348016621,0.0,oursmain,core6,10,42
2025-08-18,-0.003681443879031576,0.5,0.0,-0.003681443879031576,0.895103584996737,0.0,oursmain,core6,10,42
2025-08-19,-0.0014933435304556042,0.5,0.0,-0.0014933435304556042,0.8937668878489945,0.0,oursmain,core6,10,42
2025-08-20,-0.0001333579421043396,0.0,0.0,-0.0001333579421043396,0.8936476969361099,0.0,oursmain,core6,10,42
2025-08-21,-0.001002846984192729,0.5,0.0,-0.001002846984192729,0.8927515050383068,0.0,oursmain,core6,10,42
2025-08-22,0.002885431284084916,0.0,0.0,0.002885431284084916,0.8953274781598582,0.0,oursmain,core6,10,42
2025-08-25,-0.000901923282071948,0.5,0.0,-0.000901923282071948,0.8945199614622271,0.0,oursmain,core6,10,42
2025-08-26,0.00027761812089011073,0.0,0.0,0.00027761812089011073,0.8947682964130269,0.0,oursmain,core6,10,42
2025-08-27,0.000682041747495532,0.5,0.0,0.000682041747495532,0.895378565745516,0.0,oursmain,core6,10,42
2025-08-28,0.002015215955907479,0.0,0.0,0.002015215955907479,0.8971829469177839,0.0,oursmain,core6,10,42
2025-08-29,-0.001401599914970575,0.0,0.0,-0.001401599914970575,0.8959254553756709,0.0,oursmain,core6,10,42
2025-09-01,0.0048052744241431355,0.0,0.0,0.0048052744241431355,0.9002306230523264,0.0,oursmain,core6,10,42
2025-09-02,-0.0006735228816978633,0.0,0.0,-0.0006735228816978633,0.8996242971288955,0.0,oursmain,core6,10,42
2025-09-03,-0.002570682467194274,0.5,0.0,-0.002570682467194274,0.8973116487212043,0.0,oursmain,core6,10,42
2025-09-04,-0.005005053419154137,0.5,0.0,-0.005005053419154137,0.8928205559857254,0.0,oursmain,core6,10,42
2025-09-05,-0.0027486301260069013,0.0,0.0,-0.0027486301260069013,0.8903665225084249,0.0,oursmain,core6,10,42
2025-09-08,-0.0002953193543362431,0.5,0.0,-0.0002953193543362431,0.8901035800418751,0.0,oursmain,core6,10,42
2025-09-09,-0.002523446506529581,0.0,0.0,-0.002523446506529581,0.8878574512723689,0.0,oursmain,core6,10,42
2025-09-10,-0.0018328934675082564,0.5,0.0,-0.0018328934675082564,0.8862301031498533,0.0,oursmain,core6,10,42
2025-09-11,-0.00034669970045797527,0.0,0.0,-0.00034669970045797527,0.8859228474385544,0.0,oursmain,core6,10,42
2025-09-12,-0.001518531295005232,0.0,0.0,-0.001518531295005232,0.8845775458697588,0.0,oursmain,core6,10,42
2025-09-15,-0.00042428559390828013,0.5,0.0,-0.00042428559390828013,0.8842022323603516,0.0,oursmain,core6,10,42
2025-09-16,-0.00010924279922619462,0.0,0.0,-0.00010924279922619462,0.8841056396334065,0.0,oursmain,core6,10,42
2025-09-17,0.0012588209356181324,0.0,0.0,0.0012588209356181324,0.8852185703218751,0.0,oursmain,core6,10,42
2025-09-18,0.0033665444934740663,0.0,0.0,0.0033665444934740663,0.8881986980253133,0.0,oursmain,core6,10,42
2025-09-19,-0.005444952170364559,0.5,0.0,-0.005444952170364559,0.8833624985967854,0.0,oursmain,core6,10,42
2025-09-22,-0.0013069470005575567,0.0,0.0,-0.0013069470005575567,0.8822079906288393,0.0,oursmain,core6,10,42
2025-09-23,-0.0008925022557377815,0.0,0.0,-0.0008925022557377815,0.8814206180071731,0.0,oursmain,core6,10,42
2025-09-24,0.0015393968205899,0.0,0.0,0.0015393968205899,0.8827774741041358,0.0,oursmain,core6,10,42
2025-09-25,-0.0019240183901274577,0.0,0.0,-0.0019240183901274577,0.8810789940095691,0.0,oursmain,core6,10,42
2025-09-26,0.0023420774086844176,0.0,0.0,0.0023420774086844176,0.8831425492167053,0.0,oursmain,core6,10,42
2025-09-29,0.0009387109021190554,0.0,0.0,0.0009387109021190554,0.8839715647557802,0.0,oursmain,core6,10,42
2025-09-30,0.0030451981219812296,0.0,0.0,0.0030451981219812296,0.8866634333046594,0.0,oursmain,core6,10,42
2025-10-01,-0.0005445468341349624,0.0,0.0,-0.0005445468341349624,0.8861806035391101,0.0,oursmain,core6,10,42
2025-10-02,-0.007777459861245006,0.0,0.0,-0.007777459861245006,0.8792883694652708,0.0,oursmain,core6,10,42
2025-10-03,-0.00027986647182842717,0.5,0.0,-0.00027986647182842717,0.8790422861315887,0.0,oursmain,core6,10,42
2025-10-06,0.0019502047071000561,0.0,0.0,0.0019502047071000561,0.8807565985357426,0.0,oursmain,core6,10,42
2025-10-07,0.00234667331824312,0.0,0.0,0.00234667331824312,0.882823446545393,0.0,oursmain,core6,10,42
2025-10-08,-0.00017785420641303062,0.5,0.0,-0.00017785420641303062,0.8826664326819049,0.0,oursmain,core6,10,42
2025-10-09,-0.0009666763944551349,1.0,0.0,-0.0009666763944551349,0.8818131798772534,0.0,oursmain,core6,10,42
2025-10-10,-7.519335485994816e-05,1.0,0.0,-7.519335485994816e-05,0.8817468733858987,0.0,oursmain,core6,10,42
2025-10-13,0.0011502726265462115,0.0,0.0,0.0011502726265462115,0.8827611226778973,0.0,oursmain,core6,10,42
2025-10-14,0.0025458187228650786,0.0,0.0,0.0025458187228650786,0.8850084724718281,0.0,oursmain,core6,10,42
2025-10-15,0.004108830122277141,0.5,0.0,0.004108830122277141,0.8886448219419909,0.0,oursmain,core6,10,42
2025-10-16,0.0001390512625221163,0.0,0.0,0.0001390512625221163,0.8887683891264156,0.0,oursmain,core6,10,42
2025-10-17,-0.0026106541918125004,0.0,0.0,-0.0026106541918125004,0.8864481222057923,0.0,oursmain,core6,10,42
2025-10-20,0.0004796923603862524,0.0,0.0,0.0004796923603862524,0.8868733445978931,0.0,oursmain,core6,10,42
2025-10-21,0.001432778182788752,0.5,0.0,0.001432778182788752,0.8881440373769299,0.0,oursmain,core6,10,42
2025-10-22,0.004751665401272476,0.5,0.0,0.004751665401272476,0.8923642006706803,0.0,oursmain,core6,10,42
2025-10-23,-7.882708450779319e-05,0.5,0.0,-7.882708450779319e-05,0.8922938582024224,0.0,oursmain,core6,10,42
2025-10-24,0.0019208101439289749,0.5,0.0,0.0019208101439289749,0.8940077852966231,0.0,oursmain,core6,10,42
2025-10-27,-0.0033762896491680294,0.0,0.0,-0.0033762896491680294,0.8909893560648504,0.0,oursmain,core6,10,42
2025-10-28,0.0045497731771320105,0.0,0.0,0.0045497731771320105,0.8950431555381844,0.0,oursmain,core6,10,42
2025-10-29,-0.0008220034651458263,0.5,0.0,-0.0008220034651458263,0.8943074269628769,0.0,oursmain,core6,10,42
2025-10-30,-0.0006869705393910408,0.0,0.0,-0.0006869705393910408,0.8936930641073948,0.0,oursmain,core6,10,42
2025-10-31,0.0020910376915708184,0.0,0.0,0.0020910376915708184,0.8955618099891388,0.0,oursmain,core6,10,42
2025-11-03,-0.007768593612127006,0.0,0.0,-0.007768593612127006,0.8886045542327923,0.0,oursmain,core6,10,42
2025-11-04,0.002442388125928119,0.5,0.0,0.002442388125928119,0.8907748714446961,0.0,oursmain,core6,10,42
2025-11-05,0.002761934680165723,0.5,0.0,0.002761934680165723,0.8932351334543595,0.0,oursmain,core6,10,42
2025-11-06,0.004695652671216521,0.0,0.0,0.004695652671216521,0.8974294553947889,0.0,oursmain,core6,10,42
2025-11-07,-0.0006674815085716546,0.0,0.0,-0.0006674815085716546,0.8968304378280654,0.0,oursmain,core6,10,42
2025-11-10,-0.0006478892464656383,0.0,0.0,-0.0006478892464656383,0.8962493910314935,0.0,oursmain,core6,10,42
2025-11-11,-0.00010913028381764889,0.0,0.0,-0.00010913028381764889,0.8961515830810788,0.0,oursmain,core6,10,42
2025-11-12,-0.0011829134600702673,0.0,0.0,-0.0011829134600702673,0.8950915133111889,0.0,oursmain,core6,10,42
2025-11-13,0.001069447840563953,0.0,0.0,0.001069447840563953,0.8960487669972066,0.0,oursmain,core6,10,42
2025-11-14,0.003444050526013598,0.0,0.0,0.003444050526013598,0.8991348042245172,0.0,oursmain,core6,10,42
2025-11-17,-0.0010797595023177564,0.5,0.0,-0.0010797595023177564,0.8981639548757911,0.0,oursmain,core6,10,42
2025-11-18,0.00095164286904037,0.0,0.0,0.00095164286904037,0.8990186861986778,0.0,oursmain,core6,10,42
2025-11-19,0.0009794638499442954,0.5,0.0,0.0009794638499442954,0.8998992425022337,0.0,oursmain,core6,10,42
2025-11-20,-0.003095912004937418,0.5,0.0,-0.003095912004937418,0.897113233634137,0.0,oursmain,core6,10,42
2025-11-21,-0.00021435542657854967,0.0,0.0,-0.00021435542657854967,0.8969209325442521,0.0,oursmain,core6,10,42
2025-11-24,-0.0010759701544884592,0.5,0.0,-0.0010759701544884592,0.8959558723898985,0.0,oursmain,core6,10,42
2025-11-25,-0.001453577890060842,0.0,0.0,-0.001453577890060842,0.8946535307433223,0.0,oursmain,core6,10,42
2025-11-26,-0.00011068332969443873,0.0,0.0,-0.00011068332969443873,0.8945545075116168,0.0,oursmain,core6,10,42
2025-11-27,0.0007589692941110115,1.0,0.0,0.0007589692941110115,0.8952334469147267,0.0,oursmain,core6,10,42
2025-11-28,-0.003702541143866256,0.0,0.0,-0.003702541143866256,0.8919188082441597,0.0,oursmain,core6,10,42
2025-12-01,0.0011454567284090444,1.0,0.0,0.0011454567284090444,0.8929404626442575,0.0,oursmain,core6,10,42
2025-12-02,-0.001397608662955463,0.5,0.0,-0.001397608662955463,0.8916924813181625,0.0,oursmain,core6,10,42
2025-12-03,-0.0015991617401596159,0.0,0.0,-0.0015991617401596159,0.8902665208180505,0.0,oursmain,core6,10,42
2025-12-04,0.00458409732527798,0.0,0.0,0.00458409732527798,0.894347589194917,0.0,oursmain,core6,10,42
2025-12-05,-6.239911454031244e-05,0.0,0.0,-6.239911454031244e-05,0.89429178269726,0.0,oursmain,core6,10,42
2025-12-08,0.0020217863930156454,0.5,0.0,0.0020217863930156454,0.896099849654903,0.0,oursmain,core6,10,42
2025-12-09,0.003792940464336425,0.5,0.0,0.003792940464336425,0.8994987030347449,0.0,oursmain,core6,10,42
2025-12-10,0.001117588864872232,0.5,0.0,0.001117588864872232,0.9005039727692236,0.0,oursmain,core6,10,42
2025-12-11,0.0026167521718889475,0.0,0.0,0.0026167521718889475,0.902860368495762,0.0,oursmain,core6,10,42
2025-12-12,-0.0006765282269043382,0.0,0.0,-0.0006765282269043382,0.9022495579715214,0.0,oursmain,core6,10,42
2025-12-15,-0.00021906994516029954,0.0,0.0,-0.00021906994516029954,0.9020519022103357,0.0,oursmain,core6,10,42
2025-12-16,0.0014890978345647454,0.5,0.0,0.0014890978345647454,0.9033951457445821,0.0,oursmain,core6,10,42
2025-12-17,0.0013019793259445578,0.5,0.0,0.0013019793259445578,0.9045713475475002,0.0,oursmain,core6,10,42
2021-10-11,0.004769150982610881,1.0,0.0002,0.004569150982610882,1.004569150982611,2.0,oursmain,core6,10,42
2021-10-12,-0.0008906727307476103,0.5,0.0001,-0.0009906727307476104,1.0035739517185822,2.0,oursmain,core6,10,42
2021-10-13,0.0010333011650800472,0.5,0.0001,0.0009333011650800472,1.0045105884569652,2.0,oursmain,core6,10,42
2021-10-14,0.005311471308232285,1.0,0.0002,0.005111471308232285,1.0096451155086785,2.0,oursmain,core6,10,42
2021-10-15,-0.0004959720681654289,0.0,0.0,-0.0004959720681654289,1.0091443597326266,2.0,oursmain,core6,10,42
2021-10-18,0.0038168403843883425,0.0,0.0,0.0038168403843883425,1.012996102678532,2.0,oursmain,core6,10,42
2021-10-19,-0.0008842049865052104,0.0,0.0,-0.0008842049865052104,1.0121004064732333,2.0,oursmain,core6,10,42
2021-10-20,-0.005870526365470141,0.5,0.0001,-0.0059705263654701414,1.0060576343118819,2.0,oursmain,core6,10,42
2021-10-21,-0.0010726189939305186,0.0,0.0,-0.0010726189939305186,1.0049785177843302,2.0,oursmain,core6,10,42
2021-10-22,0.002012043376453221,0.5,0.0001,0.0019120433764532208,1.0069000803027375,2.0,oursmain,core6,10,42
2021-10-25,0.0006171427085064352,0.5,0.0001,0.0005171427085064351,1.0074207913374607,2.0,oursmain,core6,10,42
2021-10-26,-0.0017204310061060824,0.0,0.0,-0.0017204310061060824,1.0056875933718477,2.0,oursmain,core6,10,42
2021-10-27,0.0003059445880353451,0.0,0.0,0.0003059445880353451,1.0059952780482941,2.0,oursmain,core6,10,42
2021-10-28,0.0012925044866278768,0.5,0.0001,0.0011925044866278767,1.0071949319308933,2.0,oursmain,core6,10,42
2021-10-29,-0.0023881398665253073,0.0,0.0,-0.0023881398665253073,1.0047896095605868,2.0,oursmain,core6,10,42
2021-11-01,-0.0060883741825819016,0.0,0.0,-0.0060883741825819016,0.9986720744428116,2.0,oursmain,core6,10,42
2021-11-02,-4.24577810917981e-05,0.0,0.0,-4.24577810917981e-05,0.9986296730424924,2.0,oursmain,core6,10,42
2021-11-03,-0.00510730838868767,0.0,0.0,-0.00510730838868767,0.99352936333617,2.0,oursmain,core6,10,42
2021-11-04,-0.001568438698996033,0.0,0.0,-0.001568438698996033,0.9919710734341247,2.0,oursmain,core6,10,42
2021-11-05,0.0015038201527204365,0.0,0.0,0.0015038201527204365,0.9934628195252707,2.0,oursmain,core6,10,42
2021-11-08,-0.006732033740263432,0.0,0.0,-0.006732033740263432,0.9867747943045293,2.0,oursmain,core6,10,42
2021-11-09,0.005634542612824589,0.0,0.0,0.005634542612824589,0.9923348189322994,2.0,oursmain,core6,10,42
2021-11-10,-0.001619052025489509,0.0,0.0,-0.001619052025489509,0.9907281772337433,2.0,oursmain,core6,10,42
2021-11-11,-0.0012009735037281644,0.0,0.0,-0.0012009735037281644,0.9895383389434886,2.0,oursmain,core6,10,42
2021-11-12,0.0009169328259304166,0.5,0.0001,0.0008169328259304165,0.9903467252950883,2.0,oursmain,core6,10,42
2021-11-15,0.00043746246956288815,0.5,0.0001,0.00033746246956288815,0.9906809301467299,2.0,oursmain,core6,10,42
2021-11-16,-0.0083502343040891,0.0,0.0,-0.0083502343040891,0.9824085122594117,2.0,oursmain,core6,10,42
2021-11-17,-0.00107851333450526,0.0,0.0,-0.00107851333450526,0.9813489715790085,2.0,oursmain,core6,10,42
2021-11-18,-0.0015102120232768357,0.0,0.0,-0.0015102120232768357,0.9798669265630995,2.0,oursmain,core6,10,42
2021-11-19,0.0010562159586697817,0.0,0.0,0.0010562159586697817,0.9809018776483082,2.0,oursmain,core6,10,42
2021-11-22,0.0025187433493556455,1.0,0.0002,0.0023187433493556454,0.9831763373534756,2.0,oursmain,core6,10,42
2021-11-23,0.0006070647941669449,0.0,0.0,0.0006070647941669449,0.983773189094341,2.0,oursmain,core6,10,42
2021-11-24,0.0028031933834427036,0.5,0.0001,0.002703193383442704,0.9864325182699092,2.0,oursmain,core6,10,42
2021-11-25,-0.0034059167373925447,0.0,0.0,-0.0034059167373925447,0.9830728112456254,2.0,oursmain,core6,10,42
2021-11-26,-0.0007040097552817315,0.0,0.0,-0.0007040097552817315,0.9823807183963562,2.0,oursmain,core6,10,42
2021-11-29,-0.00030986929778009653,0.0,0.0,-0.00030986929778009653,0.982076308772994,2.0,oursmain,core6,10,42
2021-11-30,-0.0020818093325942755,0.5,0.0001,-0.0021818093325942753,0.9799336055171933,2.0,oursmain,core6,10,42
2021-12-01,0.0015225243987515569,0.5,0.0001,0.0014225243987515568,0.9813275849801981,2.0,oursmain,core6,10,42
2021-12-02,0.0030481612411676906,0.5,0.0001,0.0029481612411676908,0.9842206969311255,2.0,oursmain,core6,10,42
2021-12-03,-0.007184161047916859,0.5,0.0001,-0.00728416104791686,0.9770514748679862,2.0,oursmain,core6,10,42
2021-12-06,-0.0011278126621618867,1.0,0.0002,-0.0013278126621618868,0.9757541335480725,2.0,oursmain,core6,10,42
2021-12-07,-0.007055077294353396,0.5,0.0001,-0.007155077294353396,0.9687725373022512,2.0,oursmain,core6,10,42
2021-12-08,-0.0006708833971060812,0.5,0.0001,-0.0007708833971060813,0.9680257266376726,2.0,oursmain,core6,10,42
2021-12-09,-0.0004417998861754313,0.0,0.0,-0.0004417998861754313,0.9675980529818292,2.0,oursmain,core6,10,42
2021-12-10,-0.004038010345539078,0.0,0.0,-0.004038010345539078,0.9636908820335651,2.0,oursmain,core6,10,42
2021-12-13,-6.787513848394156e-05,0.0,0.0,-6.787513848394156e-05,0.9636254713814913,2.0,oursmain,core6,10,42
2021-12-14,0.004384408894111402,0.0,0.0,0.004384408894111402,0.9678503994688087,2.0,oursmain,core6,10,42
2021-12-15,-0.0006172808352857828,0.0,0.0,-0.0006172808352857828,0.9672529639657929,2.0,oursmain,core6,10,42
2021-12-16,-0.006400561600457877,0.0,0.0,-0.006400561600457877,0.9610620017867043,2.0,oursmain,core6,10,42
2021-12-17,-0.0024036116083152592,0.0,0.0,-0.0024036116083152592,0.9587519820028991,2.0,oursmain,core6,10,42
2021-12-20,0.004917846876196563,0.0,0.0,0.004917846876196563,0.9634669774426393,2.0,oursmain,core6,10,42
2021-12-21,0.004494120832532644,0.0,0.0,0.004494120832532644,0.9677969144574216,2.0,oursmain,core6,10,42
2021-12-22,0.004121014149859548,0.0,0.0,0.004121014149859548,0.971785219236091,2.0,oursmain,core6,10,42
2021-12-23,-0.00024671509163454175,0.5,0.0001,-0.00034671509163454174,0.9714482866347545,2.0,oursmain,core6,10,42
2021-12-24,0.00462499272543937,0.0,0.0,0.00462499272543937,0.9759412278935807,2.0,oursmain,core6,10,42
2021-12-27,-0.00034575819154269993,0.5,0.0001,-0.0004457581915426999,0.975506194096783,2.0,oursmain,core6,10,42
2021-12-28,0.0010665376903489232,0.0,0.0,0.0010665376903489232,0.976546608219956,2.0,oursmain,core6,10,42
2021-12-29,0.0016797406460682396,0.5,0.0001,0.0015797406460682395,0.9780892985897411,2.0,oursmain,core6,10,42
2021-12-30,0.0,0.5,0.0001,-0.0001,0.9779914896598821,2.0,oursmain,core6,10,42
2021-12-31,-5.1968556363135576e-05,0.5,0.0001,-0.00015196855636313557,0.9778428657050631,2.0,oursmain,core6,10,42
2022-01-03,-0.0021432116045616567,0.0,0.0,-0.0021432116045616567,0.9757471415278461,2.0,oursmain,core6,10,42
2022-01-04,-0.0022396840358851478,0.5,0.0001,-0.0023396840358851476,0.9734642015177529,2.0,oursmain,core6,10,42
2022-01-05,-0.0022494173026643693,0.5,0.0001,-0.002349417302664369,0.9711771278791828,2.0,oursmain,core6,10,42
2022-01-06,-0.0012333618942648172,0.0,0.0,-0.0012333618942648172,0.969979315017075,2.0,oursmain,core6,10,42
2022-01-07,0.005328170402208343,0.0,0.0,0.005328170402208343,0.9751475300941033,2.0,oursmain,core6,10,42
2022-01-10,-0.0022260909609030932,0.0,0.0,-0.0022260909609030932,0.9729767629918138,2.0,oursmain,core6,10,42
2022-01-11,0.00018984172493219376,0.5,0.0001,8.984172493219375e-05,0.9730641769025199,2.0,oursmain,core6,10,42
2022-01-12,0.00019245791190769523,0.5,0.0001,9.245791190769523e-05,0.9731541443844685,2.0,oursmain,core6,10,42
2022-01-13,-0.0028615384362637997,0.5,0.0001,-0.0029615384362637995,0.9702721109814645,2.0,oursmain,core6,10,42
2022-01-14,-0.0025337173719890416,0.0,0.0,-0.0025337173719890416,0.9678137156783143,2.0,oursmain,core6,10,42
2022-01-17,-0.0031133011798374355,0.5,0.0001,-0.0032133011798374353,0.9647038387238623,2.0,oursmain,core6,10,42
2022-01-18,0.0015337806835304946,0.5,0.0001,0.0014337806835304945,0.9660870124531523,2.0,oursmain,core6,10,42
2022-01-19,0.004344046057667583,0.0,0.0,0.004344046057667583,0.9702837389309633,2.0,oursmain,core6,10,42
2022-01-20,-0.009691971237771213,0.0,0.0,-0.009691971237771213,0.9608797768407673,2.0,oursmain,core6,10,42
2022-01-21,-0.0077556350152008235,0.0,0.0,-0.0077556350152008235,0.9534275439981027,2.0,oursmain,core6,10,42
2022-01-24,0.004794074746314436,0.5,0.0001,0.004694074746314436,0.9579030041548248,2.0,oursmain,core6,10,42
2022-01-25,0.007511188974604011,0.0,0.0,0.007511188974604011,0.9650979946383725,2.0,oursmain,core6,10,42
2022-01-26,-0.0051490613259375095,0.0,0.0,-0.0051490613259375095,0.9601286458784403,2.0,oursmain,core6,10,42
2022-01-27,-0.0029639195854542777,0.0,0.0,-0.0029639195854542777,0.9572829017803655,2.0,oursmain,core6,10,42
2022-01-28,0.0034659432130865753,0.0,0.0,0.0034659432130865753,0.960600789956795,2.0,oursmain,core6,10,42
2022-01-31,0.0012146602384746075,0.0,0.0,0.0012146602384746075,0.9617675935414028,2.0,oursmain,core6,10,42
2022-02-01,-0.00010452698916196823,0.0,0.0,-0.00010452698916196823,0.9616670628705765,2.0,oursmain,core6,10,42
2022-02-02,0.005764508212450892,0.0,0.0,0.005764508212450892,0.9672106005521375,2.0,oursmain,core6,10,42
2022-02-03,-0.0012880609137937427,0.5,0.0001,-0.0013880609137937427,0.9658680533221041,2.0,oursmain,core6,10,42
2022-02-04,0.0014783933875150979,0.0,0.0,0.0014783933875150979,0.9672959862653476,2.0,oursmain,core6,10,42
2022-02-07,0.0018762496474664658,0.0,0.0,0.0018762496474664658,0.9691108750185737,2.0,oursmain,core6,10,42
2022-02-08,0.000511727383127436,0.0,0.0,0.000511727383127436,0.9696067955906074,2.0,oursmain,core6,10,42
2022-02-09,0.0011777767213061452,0.0,0.0,0.0011777767213061452,0.9707487759032742,2.0,oursmain,core6,10,42
2022-02-10,-0.0015098380390554667,0.0,0.0,-0.0015098380390554667,0.9692831024750489,2.0,oursmain,core6,10,42
2022-02-11,0.000921074410143774,0.5,0.0001,0.000821074410143774,0.9700789560266759,2.0,oursmain,core6,10,42
2022-02-14,-0.0012267125712241977,0.0,0.0,-0.0012267125712241977,0.9688889479762379,2.0,oursmain,core6,10,42
2022-02-15,-0.00016437546582892537,0.0,0.0,-0.00016437546582892537,0.9687296864040779,2.0,oursmain,core6,10,42
2022-02-16,0.00017480424139648676,0.0,0.0,0.00017480424139648676,0.968899024462028,2.0,oursmain,core6,10,42
2022-02-17,-0.000617657438851893,0.5,0.0001,-0.000717657438851893,0.9682036868696265,2.0,oursmain,core6,10,42
2022-02-18,-0.0024685659573151497,0.0,0.0,-0.0024685659573151497,0.9658136122084732,2.0,oursmain,core6,10,42
2022-02-21,0.005500029714312404,0.0,0.0,0.005500029714312404,0.9711256157741072,2.0,oursmain,core6,10,42
2022-02-22,0.0013991690939292312,0.0,0.0,0.0013991690939292312,0.9724843847220213,2.0,oursmain,core6,10,42
2022-02-23,-0.00106926285661757,0.0,0.0,-0.00106926285661757,0.9714445432907974,2.0,oursmain,core6,10,42
2022-02-24,0.008886368246749043,0.0,0.0,0.008886368246749043,0.9800771572337744,2.0,oursmain,core6,10,42
2022-02-25,-0.0006720765959471464,0.5,0.0001,-0.0007720765959471465,0.9793204625984518,2.0,oursmain,core6,10,42
2022-02-28,-0.0036292889271862805,0.0,0.0,-0.0036292889271862805,0.9757662256873764,2.0,oursmain,core6,10,42
2022-03-01,0.009434643317945302,0.0,0.0,0.009434643317945302,0.9849722319884345,2.0,oursmain,core6,10,42
2022-03-02,-0.0003150708507746458,0.0,0.0,-0.0003150708507746458,0.9846618959493125,2.0,oursmain,core6,10,42
2022-03-03,0.0004322939785197377,0.0,0.0,0.0004322939785197377,0.9850875593578092,2.0,oursmain,core6,10,42
2022-03-04,-0.0015109789092093706,0.0,0.0,-0.0015109789092093706,0.983599112831895,2.0,oursmain,core6,10,42
2022-03-07,-0.003729854361154139,0.0,0.0,-0.003729854361154139,0.9799304313912717,2.0,oursmain,core6,10,42
2022-03-08,0.006858790293335915,0.0,0.0,0.006858790293335915,0.9866515687222426,2.0,oursmain,core6,10,42
2022-03-09,0.006975502939894795,0.0,0.0,0.006975502939894795,0.9935339596405164,2.0,oursmain,core6,10,42
2022-03-10,0.005858985299710184,0.0,0.0,0.005858985299710184,0.999355060504813,2.0,oursmain,core6,10,42
2022-03-11,-0.004049714538268745,0.0,0.0,-0.004049714538268745,0.9953079577873942,2.0,oursmain,core6,10,42
2022-03-14,-0.00018398952670395374,0.5,0.0001,-0.00028398952670395373,0.9950253007515375,2.0,oursmain,core6,10,42
2022-03-15,0.0038288758078124374,0.0,0.0,0.0038288758078124374,0.9988351290537464,2.0,oursmain,core6,10,42
2022-03-16,0.007855313713662326,0.0,0.0,0.007855313713662326,1.00668129234069,2.0,oursmain,core6,10,42
2022-03-17,0.00029910748344263993,0.0,0.0,0.00029910748344263993,1.0069823982486708,2.0,oursmain,core6,10,42
2022-03-18,0.002079364930978045,0.0,0.0,0.002079364930978045,1.0090762821337012,2.0,oursmain,core6,10,42
2022-03-21,-0.002480298455338925,0.0,0.0,-0.002480298455338925,1.0065734717898058,2.0,oursmain,core6,10,42
2022-03-22,0.005796011188067496,0.0,0.0,0.005796011188067496,1.0124075828939114,2.0,oursmain,core6,10,42
2022-03-23,0.002254460923722945,0.5,0.0001,0.0021544609237229453,1.0145887754701373,2.0,oursmain,core6,10,42
2022-03-24,0.002041596715571359,0.5,0.0001,0.0019415967155713588,1.0165586977042456,2.0,oursmain,core6,10,42
2022-03-25,-0.0046313320635817945,0.0,0.0,-0.0046313320635817945,1.0118506768130549,2.0,oursmain,core6,10,42
2022-03-28,-0.001969812816241756,0.5,0.0001,-0.002069812816241756,1.0097563353140644,2.0,oursmain,core6,10,42
2022-03-29,0.00024974229745566845,0.5,0.0001,0.00014974229745566846,1.0099075385475846,2.0,oursmain,core6,10,42
2022-03-30,0.002467251440975815,0.5,0.0001,0.0023672514409758152,1.0122982436234638,2.0,oursmain,core6,10,42
2022-03-31,-0.0001668815966695547,1.0,0.0002,-0.0003668815966695547,1.0119268500275374,2.0,oursmain,core6,10,42
2022-04-01,0.005428976379334927,0.0,0.0,0.005428976379334927,1.0174205769939517,2.0,oursmain,core6,10,42
2022-04-04,0.0036562028326443397,0.0,0.0,0.0036562028326443397,1.0211404729895477,2.0,oursmain,core6,10,42
2022-04-05,-0.004640426661353558,0.5,0.0001,-0.0047404266613535586,1.016299831466401,2.0,oursmain,core6,10,42
2022-04-06,-0.0025334054371342063,0.5,0.0001,-0.002633405437134206,1.0136235019644588,2.0,oursmain,core6,10,42
2022-04-07,0.0007232460338855162,0.5,0.0001,0.0006232460338855162,1.0142552387919113,2.0,oursmain,core6,10,42
2022-04-08,-0.002522675902582705,0.0,0.0,-0.002522675902582705,1.0116966015419426,2.0,oursmain,core6,10,42
2022-04-11,0.0036897116078762338,0.5,0.0001,0.003589711607876234,1.0153283005761466,2.0,oursmain,core6,10,42
2022-04-12,0.0016454145224997774,0.0,0.0,0.0016454145224997774,1.0169989365070196,2.0,oursmain,core6,10,42
2022-04-13,0.004344525863416493,0.0,0.0,0.004344525863416493,1.0214173146897414,2.0,oursmain,core6,10,42
2022-04-14,0.001323102173046209,1.0,0.0002,0.0011231021730462088,1.0225644706954564,2.0,oursmain,core6,10,42
2022-04-15,0.0007750721415504813,0.0,0.0,0.0007750721415504813,1.0233570319296317,2.0,oursmain,core6,10,42
2022-04-18,0.009143860355834477,0.0,0.0,0.009143860355834477,1.0327144657237575,2.0,oursmain,core6,10,42
2022-04-19,0.002526802709326148,0.0,0.0,0.002526802709326148,1.0353239314337086,2.0,oursmain,core6,10,42
2022-04-20,-0.007011003093793988,0.0,0.0,-0.007011003093793988,1.028065272147348,2.0,oursmain,core6,10,42
2022-04-21,-0.011462677095551044,0.0,0.0,-0.011462677095551044,1.0162808918995732,2.0,oursmain,core6,10,42
2022-04-22,-0.007070405699778348,0.0,0.0,-0.007070405699778348,1.0090953736889106,2.0,oursmain,core6,10,42
2022-04-25,-0.001469448208808899,0.0,0.0,-0.001469448208808899,1.007612560299526,2.0,oursmain,core6,10,42
2022-04-26,0.0068081472418271005,0.0,0.0,0.0068081472418271005,1.0144725349727597,2.0,oursmain,core6,10,42
2022-04-27,0.008798770402790979,0.0,0.0,0.008798770402790979,1.0233986458879223,2.0,oursmain,core6,10,42
2022-04-28,0.001692765043117106,0.0,0.0,0.001692765043117106,1.0251310193408547,2.0,oursmain,core6,10,42
2022-04-29,-0.0064632887952029705,0.0,0.0,-0.0064632887952029705,1.018505301509934,2.0,oursmain,core6,10,42
2022-05-02,0.003549506076524267,0.0,0.0,0.003549506076524267,1.0221204922666156,2.0,oursmain,core6,10,42
2022-05-03,3.152340650558472e-05,0.5,0.0001,-6.847659349441529e-05,1.0220505009371643,2.0,oursmain,core6,10,42
2022-05-04,-0.00592668866738677,0.0,0.0,-0.00592668866738677,1.015993125815763,2.0,oursmain,core6,10,42
2022-05-05,0.0005856729549122974,0.0,0.0,0.0005856729549122974,1.0165881655119302,2.0,oursmain,core6,10,42
2022-05-06,-0.013740945956669748,0.5,0.0001,-0.013840945956669747,1.0025176236528897,2.0,oursmain,core6,10,42
2022-05-09,-0.0040190014042309485,0.0,0.0,-0.0040190014042309485,0.9984885039156625,2.0,oursmain,core6,10,42
2022-05-10,0.006721575919073075,0.5,0.0001,0.006621575919073075,1.0051000713486617,2.0,oursmain,core6,10,42
2022-05-11,-0.0006973138079047203,0.0,0.0,-0.0006973138079047203,1.0043992011905842,2.0,oursmain,core6,10,42
2022-05-12,0.00784860856947489,0.0,0.0,0.00784860856947489,1.0122823373682224,2.0,oursmain,core6,10,42
2022-05-13,0.0019229818426538259,0.0,0.0,0.0019229818426538259,1.0142289379226206,2.0,oursmain,core6,10,42
2022-05-16,-0.002508995938114822,0.0,0.0,-0.002508995938114822,1.0116842416370542,2.0,oursmain,core6,10,42
2022-05-17,-0.013378299656324089,0.5,0.0001,-0.013478299656324088,0.998048458270689,2.0,oursmain,core6,10,42
2022-05-18,-0.0012450265639927238,0.0,0.0,-0.0012450265639927238,0.99680586142799,2.0,oursmain,core6,10,42
2022-05-19,0.00024280673824250698,0.0,0.0,0.00024280673824250698,0.9970478926078643,2.0,oursmain,core6,10,42
2022-05-20,0.0008336504542967305,0.0,0.0,0.0008336504542967305,0.9978790820364924,2.0,oursmain,core6,10,42
2022-05-23,-0.009862993378192186,0.0,0.0,-0.009862993378192186,0.98803700725813,2.0,oursmain,core6,10,42
2022-05-24,0.0012259736322448589,0.0,0.0,0.0012259736322448589,0.9892483145767106,2.0,oursmain,core6,10,42
2022-05-25,0.0007248809852171689,0.0,0.0,0.0007248809852171689,0.9899654018696054,2.0,oursmain,core6,10,42
2022-05-26,0.007916796952486038,0.0,0.0,0.007916796952486038,0.9978027569461932,2.0,oursmain,core6,10,42
2022-05-27,0.005593003312242217,0.5,0.0001,0.005493003312242217,1.003283690795063,2.0,oursmain,core6,10,42
2022-05-30,0.003515292948577553,0.0,0.0,0.003515292948577553,1.0068105268787377,2.0,oursmain,core6,10,42
2022-05-31,0.0011649836087599397,0.0,0.0,0.0011649836087599397,1.0079834446396785,2.0,oursmain,core6,10,42
2022-06-01,0.0038874162710271776,0.0,0.0,0.0038874162710271776,1.0119018958832968,2.0,oursmain,core6,10,42
2022-06-02,0.0014698708546347916,0.0,0.0,0.0014698708546347916,1.0133892609878055,2.0,oursmain,core6,10,42
2022-06-03,0.007733503560302779,0.5,0.0001,0.007633503560302779,1.0211249715195285,2.0,oursmain,core6,10,42
2022-06-06,0.005059589457232505,0.0,0.0,0.005059589457232505,1.0262914446599456,2.0,oursmain,core6,10,42
2022-06-07,-0.0006343004060909152,0.0,0.0,-0.0006343004060909152,1.02564046757983,2.0,oursmain,core6,10,42
2022-06-08,-0.00022593443281948566,0.5,0.0001,-0.00032593443281948566,1.0253061760357527,2.0,oursmain,core6,10,42
2022-06-09,-0.0032753509003669024,0.0,0.0,-0.0032753509003669024,1.0219479385289223,2.0,oursmain,core6,10,42
2022-06-10,0.0023678329307585955,0.5,0.0001,0.0022678329307585956,1.024265545717439,2.0,oursmain,core6,10,42
2022-06-13,-0.004402345512062311,0.0,0.0,-0.004402345512062311,1.0197563748890899,2.0,oursmain,core6,10,42
2022-06-14,0.00035242666490375996,1.5,0.00030000000000000003,5.242666490375993e-05,1.0198098373148397,2.0,oursmain,core6,10,42
2022-06-15,-0.01995505951344967,0.0,0.0,-0.01995505951344967,0.9994594713188206,2.0,oursmain,core6,10,42
2022-06-16,0.004934901255182922,0.0,0.0,0.004934901255182922,1.0043917051183364,2.0,oursmain,core6,10,42
2022-06-17,-0.0012495386181399226,0.0,0.0,-0.0012495386181399226,1.0031366788950518,2.0,oursmain,core6,10,42
2022-06-20,0.00945991335902363,0.5,0.0001,0.009359913359023631,1.0125259512967681,2.0,oursmain,core6,10,42
2022-06-21,-0.006571975944098085,0.0,0.0,-0.006571975944098085,1.0058716551020708,2.0,oursmain,core6,10,42
2022-06-22,-0.006146967352833599,0.0,0.0,-0.006146967352833599,0.9996885948770177,2.0,oursmain,core6,10,42
2022-06-23,0.005946922756265849,0.0,0.0,0.005946922756265849,1.0056336657310712,2.0,oursmain,core6,10,42
2022-06-24,0.0014836296904832125,0.0,0.0,0.0014836296904832125,1.0071256536952993,2.0,oursmain,core6,10,42
2022-06-27,0.002939990474260412,0.0,0.0,0.002939990474260412,1.0100865935235468,2.0,oursmain,core6,10,42
2022-06-28,0.0031568715639878064,0.0,0.0,0.0031568715639878064,1.0132753071678067,2.0,oursmain,core6,10,42
2022-06-29,-0.0027560208982322365,0.0,0.0,-0.0027560208982322365,1.0104826992455895,2.0,oursmain,core6,10,42
2022-06-30,-0.009600815770681947,0.0,0.0,-0.009600815770681947,1.0007812410106711,2.0,oursmain,core6,10,42
2022-07-01,0.002417457933916012,0.5,0.0001,0.002317457933916012,1.0031005094377656,2.0,oursmain,core6,10,42
2022-07-04,0.004495870089158416,0.0,0.0,0.004495870089158416,1.0076103190145664,2.0,oursmain,core6,10,42
2022-07-05,0.0043943211567238905,0.0,0.0,0.0043943211567238905,1.0120380823571455,2.0,oursmain,core6,10,42
2022-07-06,0.007131470672902651,0.5,0.0001,0.007031470672902651,1.0191541984531005,2.0,oursmain,core6,10,42
2022-07-07,0.004606827787938528,0.0,0.0,0.004606827787938528,1.0238492663347285,2.0,oursmain,core6,10,42
2022-07-08,-0.002935330383479595,0.5,0.0001,-0.003035330383479595,1.0207415455485194,2.0,oursmain,core6,10,42
2022-07-11,0.00037264724960550666,0.5,0.0001,0.00027264724960550667,1.0210198479234713,2.0,oursmain,core6,10,42
2022-07-12,0.004885632821242325,0.0,0.0,0.004885632821242325,1.0260081760036261,2.0,oursmain,core6,10,42
2022-07-13,0.0009675083274487406,0.0,0.0,0.0009675083274487406,1.0270008474579402,2.0,oursmain,core6,10,42
2022-07-14,0.0015316770877689123,0.0,0.0,0.0015316770877689123,1.0285738811251108,2.0,oursmain,core6,10,42
2022-07-15,-0.00039266084786504507,0.0,0.0,-0.00039266084786504507,1.0281700004328564,2.0,oursmain,core6,10,42
2022-07-18,0.00490732271282468,0.0,0.0,0.00490732271282468,1.0332155624286257,2.0,oursmain,core6,10,42
2022-07-19,0.0012325191055424511,0.0,0.0,0.0012325191055424511,1.0344890203494628,2.0,oursmain,core6,10,42
2022-07-20,-0.003937812281947117,0.0,0.0,-0.003937812281947117,1.0304153967795913,2.0,oursmain,core6,10,42
2022-07-21,0.0035610608756542206,0.0,0.0,0.0035610608756542206,1.0340847687347348,2.0,oursmain,core6,10,42
2022-07-22,-0.0026384107768535614,0.5,0.0001,-0.0027384107768535612,1.0312530198598515,2.0,oursmain,core6,10,42
2022-07-25,0.0066424302058294415,0.5,0.0001,0.006542430205829441,1.0379999207668356,2.0,oursmain,core6,10,42
2022-07-26,-0.006161487312056124,0.5,0.0001,-0.0062614873120561245,1.0315004974330388,2.0,oursmain,core6,10,42
2022-07-27,-0.0015114598209038377,0.0,0.0,-0.0015114598209038377,1.0299414258759265,2.0,oursmain,core6,10,42
2022-07-28,-0.003809580928646028,0.0,0.0,-0.003809580928646028,1.026017780662287,2.0,oursmain,core6,10,42
2022-07-29,-0.00702511565759778,0.0,0.0,-0.00702511565759778,1.0188098870863826,2.0,oursmain,core6,10,42
2022-08-01,0.004320556879974902,0.0,0.0,0.004320556879974902,1.0232117131534202,2.0,oursmain,core6,10,42
2022-08-02,0.001062969648046419,0.5,0.0001,0.000962969648046419,1.0241970349767124,2.0,oursmain,core6,10,42
2022-08-03,-0.006184696278069168,0.0,0.0,-0.006184696278069168,1.0178626873864824,2.0,oursmain,core6,10,42
2022-08-04,0.00530229858122766,0.5,0.0001,0.00520229858122766,1.0231579130009578,2.0,oursmain,core6,10,42
2022-08-05,0.0077521694474853575,0.0,0.0,0.0077521694474853575,1.0310896065140767,2.0,oursmain,core6,10,42
2022-08-08,-0.0016418673912994564,0.0,0.0,-0.0016418673912994564,1.0293966941116335,2.0,oursmain,core6,10,42
2022-08-09,0.002538996282964945,0.5,0.0001,0.002438996282964945,1.031907388822268,2.0,oursmain,core6,10,42
2022-08-10,0.0005478700913954526,0.0,0.0,0.0005478700913954526,1.0324727400176938,2.0,oursmain,core6,10,42
2022-08-11,0.001622807263629511,0.0,0.0,0.001622807263629511,1.034148244279694,2.0,oursmain,core6,10,42
2022-08-12,-0.0022433316335082054,0.0,0.0,-0.0022433316335082054,1.0318283068095644,2.0,oursmain,core6,10,42
2022-08-15,0.001295266905799508,0.0,0.0,0.001295266905799508,1.033164799867842,2.0,oursmain,core6,10,42
2022-08-16,-0.006414888717699796,0.5,0.0001,-0.006514888717699796,1.0264338461696583,2.0,oursmain,core6,10,42
2022-08-17,0.0059178281808272,0.0,0.0,0.0059178281808272,1.032508105310276,2.0,oursmain,core6,10,42
2022-08-18,-0.002527480013668537,0.5,0.0001,-0.002627480013668537,1.0297952108996224,2.0,oursmain,core6,10,42
2022-08-19,0.005943421354459133,0.0,0.0,0.005943421354459133,1.035915717746803,2.0,oursmain,core6,10,42
2022-08-22,0.005702256844415388,0.5,0.0001,0.005602256844415387,1.0417191836667876,2.0,oursmain,core6,10,42
2022-08-23,-0.0016719190025469288,0.5,0.0001,-0.0017719190025469289,1.0398733416499308,2.0,oursmain,core6,10,42
2022-08-24,0.0031563192460453138,0.0,0.0,0.0031563192460453138,1.04315551389163,2.0,oursmain,core6,10,42
2022-08-25,-0.0034916100557893515,0.0,0.0,-0.0034916100557893515,1.039513221609574,2.0,oursmain,core6,10,42
2022-08-26,-0.003054465167224407,0.0,0.0,-0.003054465167224407,1.0363380646832983,2.0,oursmain,core6,10,42
2022-08-29,-0.0028949356637895107,0.0,0.0,-0.0028949356637895107,1.033337932660104,2.0,oursmain,core6,10,42
2022-08-30,-0.0006862172740511596,0.0,0.0,-0.0006862172740511596,1.0326288383207802,2.0,oursmain,core6,10,42
2022-08-31,-0.0009763507841853425,0.0,0.0,-0.0009763507841853425,1.0316206303447133,2.0,oursmain,core6,10,42
2022-09-01,0.008066676738962997,0.0,0.0,0.008066676738962997,1.0399423804869494,2.0,oursmain,core6,10,42
2022-09-02,-0.0059878111351281404,0.5,0.0001,-0.006087811135128141,1.0336114076831293,2.0,oursmain,core6,10,42
2022-09-05,-0.0024482314474880695,0.0,0.0,-0.0024482314474880695,1.031080887730357,2.0,oursmain,core6,10,42
2022-09-06,-0.000953426118940115,0.5,0.0001,-0.001053426118940115,1.029994720192482,2.0,oursmain,core6,10,42
2022-09-07,-0.0018075688421959057,0.5,0.0001,-0.0019075688421959058,1.0280299343566164,2.0,oursmain,core6,10,42
2022-09-08,0.001263788202777505,0.0,0.0,0.001263788202777505,1.0293291464597585,2.0,oursmain,core6,10,42
2022-09-09,-0.0020979937398806214,0.0,0.0,-0.0020979937398806214,1.0271696203542093,2.0,oursmain,core6,10,42
2022-09-12,-0.0042219324968755245,0.0,0.0,-0.0042219324968755245,1.0228329795542326,2.0,oursmain,core6,10,42
2022-09-13,-0.00160324847092852,0.0,0.0,-0.00160324847092852,1.021193124143747,2.0,oursmain,core6,10,42
2022-09-14,-0.005215321405557916,1.0,0.0002,-0.005415321405557915,1.015663035159363,2.0,oursmain,core6,10,42
2022-09-15,-0.0045932463253848255,0.0,0.0,-0.0045932463253848255,1.010997844655288,2.0,oursmain,core6,10,42
2022-09-16,0.0011271708353888243,0.0,0.0,0.0011271708353888243,1.0121374119404245,2.0,oursmain,core6,10,42
2022-09-19,0.0005126082105562091,0.0,0.0,0.0005126082105562091,1.0126562418879963,2.0,oursmain,core6,10,42
2022-09-20,-0.0028529870323836803,0.5,0.0001,-0.00295298703238368,1.0096658811374386,2.0,oursmain,core6,10,42
2022-09-21,-0.004709760949481279,0.0,0.0,-0.004709760949481279,1.004910596198434,2.0,oursmain,core6,10,42
2022-09-22,-0.003377823857590556,0.0,0.0,-0.003377823857590556,1.0015161852118493,2.0,oursmain,core6,10,42
2022-09-23,-0.002460451563820243,0.0,0.0,-0.002460451563820243,0.9990520031477534,2.0,oursmain,core6,10,42
2022-09-26,-0.001565462298458442,0.0,0.0,-0.001565462298458442,0.9974880249026262,2.0,oursmain,core6,10,42
2022-09-27,0.0005572621012106538,0.0,0.0,0.0005572621012106538,0.9980438871753159,2.0,oursmain,core6,10,42
2022-09-28,-0.0046622883673990145,0.0,0.0,-0.0046622883673990145,0.9933907187699847,2.0,oursmain,core6,10,42
2022-09-29,-0.004099968820810318,0.5,0.0001,-0.004199968820810318,0.9892185087242684,2.0,oursmain,core6,10,42
2022-09-30,0.004920003120787442,0.0,0.0,0.004920003120787442,0.9940854668743325,2.0,oursmain,core6,10,42
2022-10-03,-0.005668779253028333,0.5,0.0001,-0.0057687792530283334,0.9883508072572909,2.0,oursmain,core6,10,42
2022-10-04,-0.00185409898404032,0.0,0.0,-0.00185409898404032,0.9865183070296797,2.0,oursmain,core6,10,42
2022-10-05,-0.005002537043765187,0.5,0.0001,-0.0051025370437651875,0.9814845608237083,2.0,oursmain,core6,10,42
2022-10-06,0.002755853725830093,0.5,0.0001,0.002655853725830093,0.9840912402514166,2.0,oursmain,core6,10,42
2022-10-07,0.0015821675187908113,0.0,0.0,0.0015821675187908113,0.9856482374472689,2.0,oursmain,core6,10,42
2022-10-10,-3.020232543349266e-05,0.5,0.0001,-0.00013020232543349265,0.9855199037546939,2.0,oursmain,core6,10,42
2022-10-11,-0.011964142409851775,0.5,0.0001,-0.012064142409851774,0.9736304512880538,2.0,oursmain,core6,10,42
2022-10-12,-0.008107422443572432,0.0,0.0,-0.008107422443572432,0.9657368179155355,2.0,oursmain,core6,10,42
2022-10-13,-0.006539911963045597,0.5,0.0001,-0.006639911963045597,0.9593244104651045,2.0,oursmain,core6,10,42
2022-10-14,-0.004277893924154341,0.0,0.0,-0.004277893924154341,0.9552205223982829,2.0,oursmain,core6,10,42
2022-10-17,-0.003483524575131014,0.0,0.0,-0.003483524575131014,0.951892988233839,2.0,oursmain,core6,10,42
2022-10-18,0.004504934418946505,0.5,0.0001,0.004404934418946504,0.9560860144208642,2.0,oursmain,core6,10,42
2022-10-19,0.002871831995435059,0.5,0.0001,0.0027718319954350592,0.958736124226024,2.0,oursmain,core6,10,42
2022-10-20,-0.0041134238708764315,0.5,0.0001,-0.004213423870876432,0.9546965625543384,2.0,oursmain,core6,10,42
2022-10-21,-0.00504279276356101,0.0,0.0,-0.00504279276356101,0.9498822256372929,2.0,oursmain,core6,10,42
2022-10-24,-0.004594244062900543,1.0,0.0002,-0.004794244062900543,0.9453282584165765,2.0,oursmain,core6,10,42
2022-10-25,-0.0026213908568024635,0.5,0.0001,-0.0027213908568024634,0.9427556507374447,2.0,oursmain,core6,10,42
2022-10-26,-0.005348877341020852,0.0,0.0,-0.005348877341020852,0.9377129663990958,2.0,oursmain,core6,10,42
2022-10-27,-0.0006708350265398622,0.5,0.0001,-0.0007708350265398622,0.9369901443997548,2.0,oursmain,core6,10,42
2022-10-28,0.00606199409958208,0.0,0.0,0.00606199409958208,0.9426701731264727,2.0,oursmain,core6,10,42
2022-10-31,-0.0031142789230216295,0.0,0.0,-0.0031142789230216295,0.9397344352749438,2.0,oursmain,core6,10,42
2022-11-01,0.0024787243455648422,0.5,0.0001,0.0023787243455648424,0.941969804454498,2.0,oursmain,core6,10,42
2022-11-02,0.0067426668247208,0.0,0.0,0.0067426668247208,0.948321193004882,2.0,oursmain,core6,10,42
2022-11-03,0.00712845753878355,1.0,0.0002,0.006928457538783551,0.954891596123745,2.0,oursmain,core6,10,42
2022-11-04,-0.006021893350407481,0.0,0.0,-0.006021893350407481,0.9491413407706873,2.0,oursmain,core6,10,42
2022-11-07,0.0024907910265028477,0.5,0.0001,0.002390791026502848,0.9514105393710848,2.0,oursmain,core6,10,42
2022-11-08,-0.00040334020741283894,0.5,0.0001,-0.000503340207412839,0.950931656192863,2.0,oursmain,core6,10,42
2022-11-09,-0.011589952744543552,0.0,0.0,-0.011589952744543552,0.9399104032342972,2.0,oursmain,core6,10,42
2022-11-10,-0.011482098139822483,0.5,0.0001,-0.011582098139822482,0.9290242687013974,2.0,oursmain,core6,10,42
2022-11-11,0.00024903431767597795,0.5,0.0001,0.00014903431767597795,0.9291627251993878,2.0,oursmain,core6,10,42
2022-11-14,0.00040121017082128674,0.5,0.0001,0.00030121017082128675,0.9294425984625659,2.0,oursmain,core6,10,42
2022-11-15,-0.0036159820738248527,0.5,0.0001,-0.0037159820738248525,0.9259888064280298,2.0,oursmain,core6,10,42
2022-11-16,0.0016537238261662424,0.0,0.0,0.0016537238261662424,0.9275201361799831,2.0,oursmain,core6,10,42
2022-11-17,-5.11811813339591e-05,0.5,0.0001,-0.0001511811813339591,0.9273799125900843,2.0,oursmain,core6,10,42
2022-11-18,0.0012310340534895658,0.5,0.0001,0.0011310340534895658,0.9284288108517459,2.0,oursmain,core6,10,42
2022-11-21,1.8126098439097404e-05,0.0,0.0,1.8126098439097404e-05,0.928445639643765,2.0,oursmain,core6,10,42
2022-11-22,-0.005566365551203489,0.5,0.0001,-0.0056663655512034896,0.9231847272551226,2.0,oursmain,core6,10,42
2022-11-23,-0.0031934183789417148,0.0,0.0,-0.0031934183789417148,0.9202366121799478,2.0,oursmain,core6,10,42
2022-11-24,-0.0011075553484261036,0.0,0.0,-0.0011075553484261036,0.9192173991983104,2.0,oursmain,core6,10,42
2022-11-25,-0.00215671060141176,1.0,0.0002,-0.00235671060141176,0.9170510698086176,2.0,oursmain,core6,10,42
2022-11-28,-0.0025734399096108973,0.5,0.0001,-0.002673439909610897,0.9145993888794399,2.0,oursmain,core6,10,42
2022-11-29,-0.0021618336904793978,0.5,0.0001,-0.0022618336904793976,0.9125307171683805,2.0,oursmain,core6,10,42
2022-11-30,-0.010015820967964828,0.0,0.0,-0.010015820967964828,0.9033909728774535,2.0,oursmain,core6,10,42
2022-12-01,-0.004587230287143029,0.0,0.0,-0.004587230287143029,0.8992469104455385,2.0,oursmain,core6,10,42
2022-12-02,0.003868200583383441,0.5,0.0001,0.003768200583383441,0.9026354531780851,2.0,oursmain,core6,10,42
2022-12-05,-7.375824498012662e-05,0.5,0.0001,-0.0001737582449801266,0.902478612825884,2.0,oursmain,core6,10,42
2022-12-06,-0.0033060168898373377,0.0,0.0,-0.0033060168898373377,0.8994950032891647,2.0,oursmain,core6,10,42
2022-12-07,0.00525441172067076,0.0,0.0,0.00525441172067076,0.904221320377132,2.0,oursmain,core6,10,42
2022-12-08,0.0010624720307532698,0.0,0.0,0.0010624720307532698,0.9051820302396435,2.0,oursmain,core6,10,42
2022-12-09,-0.002506941498722881,0.0,0.0,-0.002506941498722881,0.9029127918441375,2.0,oursmain,core6,10,42
2022-12-12,0.00164468539878726,0.0,0.0,0.00164468539878726,0.9043977993292618,2.0,oursmain,core6,10,42
2022-12-13,-0.0037952041893731803,0.0,0.0,-0.0037952041893731803,0.9009654250123875,2.0,oursmain,core6,10,42
2022-12-14,0.0023138783872127533,0.0,0.0,0.0023138783872127533,0.9030501494369496,2.0,oursmain,core6,10,42
2022-12-15,-0.004462772805709392,0.0,0.0,-0.004462772805709392,0.8990200417878506,2.0,oursmain,core6,10,42
2022-12-16,0.004560804081847891,0.0,0.0,0.004560804081847891,0.9031202960640996,2.0,oursmain,core6,10,42
2022-12-19,-0.02140323561616242,0.5,0.0001,-0.02150323561616242,0.8837002875480949,2.0,oursmain,core6,10,42
2022-12-20,0.004436684714164585,0.0,0.0,0.004436684714164585,0.8876209871057624,2.0,oursmain,core6,10,42
2022-12-21,-0.003154960861138534,0.5,0.0001,-0.0032549608611385336,0.884731815533208,2.0,oursmain,core6,10,42
2022-12-22,0.002349791000597179,0.0,0.0,0.002349791000597179,0.88681075039129,2.0,oursmain,core6,10,42
2022-12-23,0.0021967868306091987,0.0,0.0,0.0021967868306091987,0.8887588845689922,2.0,oursmain,core6,10,42
2022-12-26,0.0028772639052476734,0.0,0.0,0.0028772639052476734,0.8913160784280307,2.0,oursmain,core6,10,42
2022-12-27,0.003209808637620881,0.0,0.0,0.003209808637620881,0.8941770324754194,2.0,oursmain,core6,10,42
2022-12-28,-0.002516244421713054,0.0,0.0,-0.002516244421713054,0.8919270645054291,2.0,oursmain,core6,10,42
2022-12-29,0.0019140188815072179,0.0,0.0,0.0019140188815072179,0.8936342297478198,2.0,oursmain,core6,10,42
2022-12-30,-0.006087208807002753,0.5,0.0001,-0.006187208807002753,0.888105128171285,2.0,oursmain,core6,10,42
2023-01-02,-0.003457471844740212,0.0,0.0,-0.003457471844740212,0.8850345296954634,2.0,oursmain,core6,10,42
2023-01-03,0.010028711287304759,0.0,0.0,0.010028711287304759,0.8939102854730747,2.0,oursmain,core6,10,42
2023-01-04,-0.0032615349628031254,0.5,0.0001,-0.003361534962803125,0.8909053747948477,2.0,oursmain,core6,10,42
2023-01-05,0.004757118411362171,0.0,0.0,0.004757118411362171,0.8951435171560658,2.0,oursmain,core6,10,42
2023-01-06,0.0043609123677015305,0.0,0.0,0.0043609123677015305,0.8990471595908995,2.0,oursmain,core6,10,42
2023-01-09,0.001892153697554022,0.0,0.0,0.001892153697554022,0.9007482949981949,2.0,oursmain,core6,10,42
2023-01-10,0.0006030449367244728,0.0,0.0,0.0006030449367244728,0.9012914866967567,2.0,oursmain,core6,10,42
2023-01-11,-0.005725088762119412,0.0,0.0,-0.005725088762119412,0.8961315129348753,2.0,oursmain,core6,10,42
2023-01-12,-0.004977139527909458,0.0,0.0,-0.004977139527909458,0.8916713413596418,2.0,oursmain,core6,10,42
2023-01-13,0.0006891097873449326,0.0,0.0,0.0006891097873449326,0.8922858008080676,2.0,oursmain,core6,10,42
2023-01-16,0.0009912646492011845,0.0,0.0,0.0009912646492011845,0.8931702921793928,2.0,oursmain,core6,10,42
2023-01-17,0.007705927884671837,0.0,0.0,0.007705927884671837,0.9000529980396584,2.0,oursmain,core6,10,42
2023-01-18,-0.007458633626811206,0.5,0.0001,-0.007558633626811207,0.8932498271827637,2.0,oursmain,core6,10,42
2023-01-19,0.011505809554364532,1.0,0.0002,0.011305809554364532,0.903348739613361,2.0,oursmain,core6,10,42
2023-01-20,0.009471287223277614,1.0,0.0002,0.009271287223277613,0.9117239452411023,2.0,oursmain,core6,10,42
2023-01-23,-0.0009051106899278238,0.0,0.0,-0.0009051106899278238,0.9108987341520014,2.0,oursmain,core6,10,42
2023-01-24,-0.002714791102334857,0.0,0.0,-0.002714791102334857,0.9084258343733974,2.0,oursmain,core6,10,42
2023-01-25,0.006615841237362474,0.0,0.0,0.006615841237362474,0.9144358354695303,2.0,oursmain,core6,10,42
2023-01-26,0.002311724136234261,0.0,0.0,0.002311724136234261,0.9165497588614228,2.0,oursmain,core6,10,42
2023-01-27,-0.001497476128861308,0.0,0.0,-0.001497476128861308,0.9151772474766142,2.0,oursmain,core6,10,42
2023-01-30,-0.0008138972043525428,0.0,0.0,-0.0008138972043525428,0.9144323872734059,2.0,oursmain,core6,10,42
2023-01-31,-0.009504316374659538,0.5,0.0001,-0.009604316374659538,0.905649889322797,2.0,oursmain,core6,10,42
2023-02-01,0.00968672288581729,0.5,0.0001,0.00958672288581729,0.9143321038433058,2.0,oursmain,core6,10,42
2023-02-02,0.001519597601145506,0.0,0.0,0.001519597601145506,0.9157215207149564,2.0,oursmain,core6,10,42
2023-02-03,-0.002264037262648344,0.5,0.0001,-0.002364037262648344,0.9135567209177772,2.0,oursmain,core6,10,42
2023-02-06,0.0026420454305480234,1.0,0.0002,0.0024420454305480233,0.9157876679336409,2.0,oursmain,core6,10,42
2023-02-07,2.106939791701734e-05,0.5,0.0001,-7.893060208298266e-05,0.9157153842616307,2.0,oursmain,core6,10,42
2023-02-08,0.002595946963992901,0.0,0.0,0.002595946963992901,0.9180925328332863,2.0,oursmain,core6,10,42
2023-02-09,0.0012700619772658683,0.0,0.0,0.0012700619772658683,0.9192585672508495,2.0,oursmain,core6,10,42
2023-02-10,0.004324286070186645,0.0,0.0,0.004324286070186645,0.9232337042681121,2.0,oursmain,core6,10,42
2023-02-13,0.0036214795836713165,0.0,0.0,0.0036214795836713165,0.9265771762790763,2.0,oursmain,core6,10,42
2023-02-14,-0.002441637101583183,0.0,0.0,-0.002441637101583183,0.9243148110679932,2.0,oursmain,core6,10,42
2023-02-15,-0.001043634780216962,0.0,0.0,-0.001043634780216962,0.923350163983293,2.0,oursmain,core6,10,42
2023-02-16,-0.0018100531306117773,0.0,0.0,-0.0018100531306117773,0.921678851128324,2.0,oursmain,core6,10,42
2023-02-17,1.0666626621969044e-05,0.0,0.0,1.0666626621969044e-05,0.9216886823324943,2.0,oursmain,core6,10,42
2023-02-20,0.0016760071739554405,0.0,0.0,0.0016760071739554405,0.9232334391762371,2.0,oursmain,core6,10,42
2023-02-21,-0.0009967744117602706,0.5,0.0001,-0.0010967744117602706,0.9222208603640673,2.0,oursmain,core6,10,42
2023-02-22,-9.862802835414186e-05,0.5,0.0001,-0.00019862802835414185,0.9220376814528661,2.0,oursmain,core6,10,42
2023-02-23,0.005315922433510423,0.5,0.0001,0.0052159224335104224,0.9268469584800981,2.0,oursmain,core6,10,42
2023-02-24,0.0034773241204675287,1.0,0.0002,0.0032773241204675286,0.929884536373107,2.0,oursmain,core6,10,42
2023-02-27,-0.005140870482136961,0.0,0.0,-0.005140870482136961,0.9251041204082708,2.0,oursmain,core6,10,42
2023-02-28,0.004013168683741242,0.0,0.0,0.004013168683741242,0.9288167192934933,2.0,oursmain,core6,10,42
2023-03-01,0.0019858290906995535,0.0,0.0,0.0019858290906995535,0.9306611905545944,2.0,oursmain,core6,10,42
2023-03-02,-0.005048032529884949,0.0,0.0,-0.005048032529884949,0.9259631825903734,2.0,oursmain,core6,10,42
2023-03-03,0.0048540048010181636,0.5,0.0001,0.004754004801018163,0.9303652160059741,2.0,oursmain,core6,10,42
2023-03-06,0.0041441661305725574,0.5,0.0001,0.004044166130572557,0.9341277675016083,2.0,oursmain,core6,10,42
2023-03-07,-0.0026762831876112614,0.0,0.0,-0.0026762831876112614,0.9316277770623629,2.0,oursmain,core6,10,42
2023-03-08,-0.003197538200765848,0.0,0.0,-0.003197538200765848,0.9286488616563114,2.0,oursmain,core6,10,42
2023-03-09,-0.0006424352759495378,0.5,0.0001,-0.0007424352759495378,0.9279593999824475,2.0,oursmain,core6,10,42
2023-03-10,-0.0009430826175957918,0.5,0.0001,-0.0010430826175957919,0.9269914616624911,2.0,oursmain,core6,10,42
2023-03-13,0.0022305142920231447,1.0,0.0002,0.0020305142920231446,0.9288737310739803,2.0,oursmain,core6,10,42
2023-03-14,0.01486964919604361,0.5,0.0001,0.014769649196043611,0.9425928702293631,2.0,oursmain,core6,10,42
2023-03-15,-0.0007201145635917783,0.5,0.0001,-0.0008201145635917783,0.9418198360889503,2.0,oursmain,core6,10,42
2023-03-16,-0.0018482284503988922,0.5,0.0001,-0.0019482284503988922,0.9399849558891318,2.0,oursmain,core6,10,42
2023-03-17,-0.00043578119948506355,0.5,0.0001,-0.0005357811994850636,0.9394813296219676,2.0,oursmain,core6,10,42
2023-03-20,0.004570726421661675,0.0,0.0,0.004570726421661675,0.9437754417579286,2.0,oursmain,core6,10,42
2023-03-21,-0.005187296454096213,0.5,0.0001,-0.005287296454096213,0.9387854212112589,2.0,oursmain,core6,10,42
2023-03-22,-0.0035973012172689778,0.5,0.0001,-0.0036973012172689776,0.93531444873066,2.0,oursmain,core6,10,42
2023-03-23,0.0033302440715488046,0.5,0.0001,0.003230244071548805,0.9383357426837062,2.0,oursmain,core6,10,42
2023-03-24,0.006888508098199964,0.0,0.0,0.006888508098199964,0.9447994760460134,2.0,oursmain,core6,10,42
2023-03-27,-0.00643122021574527,0.0,0.0,-0.00643122021574527,0.9387232625558408,2.0,oursmain,core6,10,42
2023-03-28,0.0092716088402085,0.5,0.0001,0.009171608840208501,0.9473328651292073,2.0,oursmain,core6,10,42
2023-03-29,0.005108855431899428,0.0,0.0,0.005108855431899428,0.9521726517830396,2.0,oursmain,core6,10,42
2023-03-30,-0.00022379709116648883,0.0,0.0,-0.00022379709116648883,0.9519595583132823,2.0,oursmain,core6,10,42
2023-03-31,-0.00947598263155669,1.0,0.0002,-0.00967598263155669,0.9427484141610986,2.0,oursmain,core6,10,42
2023-04-03,0.008474105241475627,0.0,0.0,0.008474105241475627,0.950737363438934,2.0,oursmain,core6,10,42
2023-04-04,0.0011488753370940685,0.5,0.0001,0.0010488753370940685,0.951734568411499,2.0,oursmain,core6,10,42
2023-04-05,0.003509851230774075,0.0,0.0,0.003509851230774075,0.9550750151578082,2.0,oursmain,core6,10,42
2023-04-06,-0.0011397474736440927,0.0,0.0,-0.0011397474736440927,0.9539864708221415,2.0,oursmain,core6,10,42
2023-04-07,-0.0004073464242537739,0.5,0.0001,-0.0005073464242537739,0.9535024691973835,2.0,oursmain,core6,10,42
2023-04-10,0.00045043101999908686,0.0,0.0,0.00045043101999908686,0.9539319562871557,2.0,oursmain,core6,10,42
2023-04-11,0.0024718979839235544,0.0,0.0,0.0024718979839235544,0.9562899787667021,2.0,oursmain,core6,10,42
2023-04-12,-0.00670570763759315,0.0,0.0,-0.00670570763759315,0.9498773777523324,2.0,oursmain,core6,10,42
2023-04-13,-0.0016000812756828964,0.5,0.0001,-0.0017000812756828964,0.9482625090082208,2.0,oursmain,core6,10,42
2023-04-14,-0.0010903484653681517,0.0,0.0,-0.0010903484653681517,0.9472285724367576,2.0,oursmain,core6,10,42
2023-04-17,0.0011547219473868608,1.0,0.0002,0.0009547219473868609,0.948132912344055,2.0,oursmain,core6,10,42
2023-04-18,0.002538059910875745,0.5,0.0001,0.0024380599108757453,0.9504445171878229,2.0,oursmain,core6,10,42
2023-04-19,-0.004300516069633886,0.0,0.0,-0.004300516069633886,0.9463571152683612,2.0,oursmain,core6,10,42
2023-04-20,0.0008483920246362686,0.0,0.0,0.0008483920246362686,0.9471599970974126,2.0,oursmain,core6,10,42
2023-04-21,-0.0008659204468131065,0.5,0.0001,-0.0009659204468131066,0.9462451158898127,2.0,oursmain,core6,10,42
2023-04-24,-0.006135746487416327,0.0,0.0,-0.006135746487416327,0.940439195743757,2.0,oursmain,core6,10,42
2023-04-25,0.0039173829718492925,0.5,0.0001,0.0038173829718492927,0.9440292123156488,2.0,oursmain,core6,10,42
2023-04-26,0.0033335844636894763,0.0,0.0,0.0033335844636894763,0.9471762134310933,2.0,oursmain,core6,10,42
2023-04-27,0.013231209275545552,1.0,0.0002,0.013031209275545552,0.9595190648891326,2.0,oursmain,core6,10,42
2023-04-28,0.00011075774091295898,0.0,0.0,0.00011075774091295898,0.9596253390531226,2.0,oursmain,core6,10,42
2023-05-01,-0.009264453634386882,0.0,0.0,-0.009264453634386882,0.9507349345930822,2.0,oursmain,core6,10,42
2023-05-02,-0.004233874205965549,0.0,0.0,-0.004233874205965549,0.9467096424767982,2.0,oursmain,core6,10,42
2023-05-03,0.001570698615978472,0.5,0.0001,0.0014706986159784719,0.9481019670377223,2.0,oursmain,core6,10,42
2023-05-04,0.00045169517397880554,0.0,0.0,0.00045169517397880554,0.9485302201206731,2.0,oursmain,core6,10,42
2023-05-05,-0.0027983910986222327,0.0,0.0,-0.0027983910986222327,0.9458758615959132,2.0,oursmain,core6,10,42
2023-05-08,0.004148631196585484,0.5,0.0001,0.004048631196585484,0.9497053641172676,2.0,oursmain,core6,10,42
2023-05-09,-0.0003783126230700873,0.5,0.0001,-0.0004783126230700873,0.949251108053413,2.0,oursmain,core6,10,42
2023-05-10,0.002789044287055731,0.5,0.0001,0.002689044287055731,0.9518036863225053,2.0,oursmain,core6,10,42
2023-05-11,0.0009635700844228268,0.0,0.0,0.0009635700844228268,0.9527208158808891,2.0,oursmain,core6,10,42
2023-05-12,-0.004048893926665187,0.5,0.0001,-0.004148893926665187,0.9487680782740734,2.0,oursmain,core6,10,42
2023-05-15,0.003385240997886285,0.0,0.0,0.003385240997886285,0.9519798868701326,2.0,oursmain,core6,10,42
2023-05-16,0.0026304827188141644,0.5,0.0001,0.0025304827188141646,0.9543888555225161,2.0,oursmain,core6,10,42
2023-05-17,-0.00018125586211681366,0.0,0.0,-0.00018125586211681366,0.9542158669477137,2.0,oursmain,core6,10,42
2023-05-18,0.002299407700775191,0.5,0.0001,0.0021994077007751914,0.9563145766736804,2.0,oursmain,core6,10,42
2023-05-19,0.001227699758601375,0.0,0.0,0.001227699758601375,0.9574886438486097,2.0,oursmain,core6,10,42
2023-05-22,-0.00011968413309659809,0.5,0.0001,-0.00021968413309659808,0.957278298785936,2.0,oursmain,core6,10,42
2023-05-23,0.006402074766810983,0.0,0.0,0.006402074766810983,0.9634068660274091,2.0,oursmain,core6,10,42
2023-05-24,0.0005327776307240129,0.0,0.0,0.0005327776307240129,0.9639201476549144,2.0,oursmain,core6,10,42
2023-05-25,-0.004743801422591787,0.0,0.0,-0.004743801422591787,0.9593475018872042,2.0,oursmain,core6,10,42
2023-05-26,0.0005166095215827227,0.0,0.0,0.0005166095215827227,0.9598431099411857,2.0,oursmain,core6,10,42
2023-05-29,0.00329916808186681,0.0,0.0,0.00329916808186681,0.9630097936931035,2.0,oursmain,core6,10,42
2023-05-30,0.0024561111349612474,0.0,0.0,0.0024561111349612474,0.9653750527704699,2.0,oursmain,core6,10,42
2023-05-31,-0.008102202438749373,0.0,0.0,-0.008102202438749373,0.9575533886636052,2.0,oursmain,core6,10,42
2023-06-01,-0.011630483495537192,0.0,0.0,-0.011630483495537192,0.9464165797806574,2.0,oursmain,core6,10,42
2023-06-02,0.002689506480237469,0.5,0.0001,0.0025895064802374692,0.9488673316470037,2.0,oursmain,core6,10,42
2023-06-05,-0.0040891654789447784,0.5,0.0001,-0.004189165478944779,0.9448923693771696,2.0,oursmain,core6,10,42
2023-06-06,0.0014089341275393963,0.0,0.0,0.0014089341275393963,0.9462236604832366,2.0,oursmain,core6,10,42
2023-06-07,-0.0053603891574312,0.5,0.0001,-0.0054603891574312,0.941056911067029,2.0,oursmain,core6,10,42
2023-06-08,-0.0032575721852481365,0.5,0.0001,-0.0033575721852481363,0.9378972445576949,2.0,oursmain,core6,10,42
2023-06-09,0.005671818013070151,0.5,0.0001,0.005571818013070151,0.9431230373193303,2.0,oursmain,core6,10,42
2023-06-12,-0.0022853323025628924,0.5,0.0001,-0.0023853323025628923,0.9408733754731213,2.0,oursmain,core6,10,42
2023-06-13,-0.0015400495612993836,0.5,0.0001,-0.0016400495612993837,0.9393302965064384,2.0,oursmain,core6,10,42
2023-06-14,0.005562573904171586,0.5,0.0001,0.005462573904171586,0.9444614576715322,2.0,oursmain,core6,10,42
2023-06-15,0.0034371403307886794,0.5,0.0001,0.0033371403307886796,0.9476132580928034,2.0,oursmain,core6,10,42
2023-06-16,-0.0017692238907329738,0.5,0.0001,-0.0018692238907329739,0.945841956751601,2.0,oursmain,core6,10,42
2023-06-19,0.006246084492886439,0.0,0.0,0.006246084492886439,0.9517497655303885,2.0,oursmain,core6,10,42
2023-06-20,-0.00025208399165421724,0.5,0.0001,-0.00035208399165421723,0.9514146696738845,2.0,oursmain,core6,10,42
2023-06-21,-0.002737612812779844,0.5,0.0001,-0.0028376128127798436,0.9487149232169513,2.0,oursmain,core6,10,42
2023-06-22,-0.002954792173113674,0.5,0.0001,-0.0030547921731136738,0.945816796294992,2.0,oursmain,core6,10,42
2023-06-23,0.0010551374798524193,0.5,0.0001,0.0009551374798524193,0.9467201813662074,2.0,oursmain,core6,10,42
2023-06-26,-0.0006977047305554152,1.0,0.0002,-0.0008977047305554151,0.9458703061808826,2.0,oursmain,core6,10,42
2023-06-27,-0.0029772398993372917,0.5,0.0001,-0.0030772398993372915,0.9429596363351045,2.0,oursmain,core6,10,42
2023-06-28,0.00345166667830199,0.5,0.0001,0.00335166667830199,0.9461201227271926,2.0,oursmain,core6,10,42
2023-06-29,0.0022563214879482985,0.0,0.0,0.0022563214879482985,0.9482548738902823,2.0,oursmain,core6,10,42
2023-06-30,-0.0010138492798432708,0.0,0.0,-0.0010138492798432708,0.9472934863692808,2.0,oursmain,core6,10,42
2023-07-03,0.000824672490125522,0.5,0.0001,0.000724672490125522,0.9479799638989277,2.0,oursmain,core6,10,42
2023-07-04,-0.00030460170819424093,0.0,0.0,-0.00030460170819424093,0.9476912075825902,2.0,oursmain,core6,10,42
2023-07-05,-0.005482770735397935,0.0,0.0,-0.005482770735397935,0.9424952339634625,2.0,oursmain,core6,10,42
2023-07-06,-0.0013473958242684603,0.5,0.0001,-0.0014473958242684603,0.9411310702974308,2.0,oursmain,core6,10,42
2023-07-07,-0.004966707085259259,0.5,0.0001,-0.005066707085259259,0.9363626348353972,2.0,oursmain,core6,10,42
2023-07-10,-0.0056850986438803375,0.5,0.0001,-0.005785098643880338,0.9309456846264307,2.0,oursmain,core6,10,42
2023-07-11,-0.005848337430506945,0.0,0.0,-0.005848337430506945,0.925501200133261,2.0,oursmain,core6,10,42
2023-07-12,-0.0048025541473180056,0.5,0.0001,-0.004902554147318006,0.9209638803861999,2.0,oursmain,core6,10,42
2023-07-13,-0.0002720267657423392,0.5,0.0001,-0.0003720267657423392,0.9206212571724144,2.0,oursmain,core6,10,42
2023-07-14,0.000596740108449012,0.0,0.0,0.000596740108449012,0.9211706288012599,2.0,oursmain,core6,10,42
2023-07-17,0.0005467018345370889,0.5,0.0001,0.0004467018345370889,0.9215821174110671,2.0,oursmain,core6,10,42
2023-07-18,-0.0016306706238538027,0.0,0.0,-0.0016306706238538027,0.9200793205247358,2.0,oursmain,core6,10,42
2023-07-19,0.006453949288697913,0.0,0.0,0.006453949288697913,0.9260174658009821,2.0,oursmain,core6,10,42
2023-07-20,0.0017655326000749483,0.0,0.0,0.0017655326000749483,0.9276523798250925,2.0,oursmain,core6,10,42
2023-07-21,0.004132700036279857,0.0,0.0,0.004132700036279857,0.9314860888488508,2.0,oursmain,core6,10,42
2023-07-24,0.0009430884383618832,0.5,0.0001,0.0008430884383618831,0.9322714140008541,2.0,oursmain,core6,10,42
2023-07-25,-0.0049658461939543486,0.0,0.0,-0.0049658461939543486,0.9276418975479055,2.0,oursmain,core6,10,42
2023-07-26,-0.0075329114915803075,0.0,0.0,-0.0075329114915803075,0.9206540532377955,2.0,oursmain,core6,10,42
2023-07-27,0.00445814395789057,0.0,0.0,0.00445814395789057,0.924758461542545,2.0,oursmain,core6,10,42
2023-07-28,0.006997944263275713,0.5,0.0001,0.0068979442632757125,0.9311373938672581,2.0,oursmain,core6,10,42
2023-07-31,0.004133647162234411,0.5,0.0001,0.00403364716223441,0.9348932735736811,2.0,oursmain,core6,10,42
2023-08-01,-0.0017358851619064808,0.0,0.0,-0.0017358851619064808,0.9332704062121184,2.0,oursmain,core6,10,42
2023-08-02,-0.0015818039391888306,0.5,0.0001,-0.0016818039391888306,0.9317008283666225,2.0,oursmain,core6,10,42
2023-08-03,0.0034172821324318647,0.0,0.0,0.0034172821324318647,0.9348847129601717,2.0,oursmain,core6,10,42
2023-08-04,0.0004317283019190654,0.0,0.0,0.0004317283019190654,0.9352883291497881,2.0,oursmain,core6,10,42
2023-08-07,-0.0007597563089802861,0.0,0.0,-0.0007597563089802861,0.934577737941001,2.0,oursmain,core6,10,42
2023-08-08,0.001549357795738615,0.5,0.0001,0.001449357795738615,0.9359322754712095,2.0,oursmain,core6,10,42
2023-08-09,0.007267998291354161,0.0,0.0,0.007267998291354161,0.9427346296501574,2.0,oursmain,core6,10,42
2023-08-10,-0.001916045875987038,0.5,0.0001,-0.002016045875987038,0.9408340333879011,2.0,oursmain,core6,10,42
2023-08-11,0.0016802521422505379,0.5,0.0001,0.0015802521422505378,0.9423207883846645,2.0,oursmain,core6,10,42
2023-08-14,0.0004601393884513527,0.5,0.0001,0.0003601393884513527,0.9426601552171183,2.0,oursmain,core6,10,42
2023-08-15,0.004394920892082155,0.5,0.0001,0.0042949208920821545,0.9467088060118938,2.0,oursmain,core6,10,42
2023-08-16,0.00014490151079371572,0.0,0.0,0.00014490151079371572,0.9468459855481666,2.0,oursmain,core6,10,42
2023-08-17,-0.003707789845066145,0.5,0.0001,-0.003807789845066145,0.9432405950195546,2.0,oursmain,core6,10,42
2023-08-18,0.0076643399661406875,0.0,0.0,0.0076643399661406875,0.9504699116096493,2.0,oursmain,core6,10,42
2023-08-21,-0.006031343073118478,0.0,0.0,-0.006031343073118478,0.9447373014920549,2.0,oursmain,core6,10,42
2023-08-22,-0.006718770018778741,0.5,0.0001,-0.006818770018778742,0.9382953551050189,2.0,oursmain,core6,10,42
2023-08-23,0.0006897889543324709,0.5,0.0001,0.0005897889543324708,0.9388487513413614,2.0,oursmain,core6,10,42
2023-08-24,0.0023419608696713112,0.5,0.0001,0.0022419608696713114,0.9409536135044084,2.0,oursmain,core6,10,42
2023-08-25,0.00031047555967234075,0.0,0.0,0.00031047555967234075,0.941245756604187,2.0,oursmain,core6,10,42
2023-08-28,0.00047326216008514166,0.0,0.0,0.00047326216008514166,0.9416912126041285,2.0,oursmain,core6,10,42
2023-08-29,-0.0002612390089780092,0.0,0.0,-0.0002612390089780092,0.9414452061249845,2.0,oursmain,core6,10,42
2023-08-30,-0.007015375653281808,0.5,0.0001,-0.007115375653281808,0.934746469826424,2.0,oursmain,core6,10,42
2023-08-31,-0.0008640786400064826,0.0,0.0,-0.0008640786400064826,0.9339387753680255,2.0,oursmain,core6,10,42
2023-09-01,0.002817498316289857,0.0,0.0,0.002817498316289857,0.9365701462951427,2.0,oursmain,core6,10,42
2023-09-04,0.0025997613556683064,0.0,0.0,0.0025997613556683064,0.9390050051683534,2.0,oursmain,core6,10,42
2023-09-05,-0.002149041094526183,0.5,0.0001,-0.0022490410945261827,0.936893144323764,2.0,oursmain,core6,10,42
2023-09-06,-0.003702208719914779,0.5,0.0001,-0.003802208719914779,0.9333308810407879,2.0,oursmain,core6,10,42
2023-09-07,0.001456991652958095,0.0,0.0,0.001456991652958095,0.9346907363439123,2.0,oursmain,core6,10,42
2023-09-08,-0.0027987268986180425,0.5,0.0001,-0.0028987268986180423,0.9319813231645832,2.0,oursmain,core6,10,42
2023-09-11,0.0011385949765099213,0.0,0.0,0.0011385949765099213,0.9330424724173394,2.0,oursmain,core6,10,42
2023-09-12,0.0005879130949324463,0.0,0.0,0.0005879130949324463,0.9335910203050017,2.0,oursmain,core6,10,42
2023-09-13,-0.0009960628231056035,0.5,0.0001,-0.0010960628231056035,0.9325677458956602,2.0,oursmain,core6,10,42
2023-09-14,-0.0027070790820289403,0.0,0.0,-0.0027070790820289403,0.9300432112581711,2.0,oursmain,core6,10,42
2023-09-15,-0.0008103469153866172,0.0,0.0,-0.0008103469153866172,0.9292895536107518,2.0,oursmain,core6,10,42
2023-09-18,-0.0008107793109957129,0.0,0.0,-0.0008107793109957129,0.9285361048667597,2.0,oursmain,core6,10,42
2023-09-19,-0.0063742565689608455,0.0,0.0,-0.0063742565689608455,0.9226173775007955,2.0,oursmain,core6,10,42
2023-09-20,0.006437539617763832,0.0,0.0,0.006437539617763832,0.9285567634204943,2.0,oursmain,core6,10,42
2023-09-21,-0.00659801036817953,0.0,0.0,-0.00659801036817953,0.9224301362680026,2.0,oursmain,core6,10,42
2023-09-22,-0.000866518123075366,0.5,0.0001,-0.0009665181230753661,0.9215385908240288,2.0,oursmain,core6,10,42
2023-09-25,0.00022761058062314987,0.0,0.0,0.00022761058062314987,0.9217483427577529,2.0,oursmain,core6,10,42
2023-09-26,0.00021752947941422462,0.0,0.0,0.00021752947941422462,0.9219488501949039,2.0,oursmain,core6,10,42
2023-09-27,-0.0015890976646915078,0.0,0.0,-0.0015890976646915078,0.9204837834300942,2.0,oursmain,core6,10,42
2023-09-28,-0.0018636456225067377,0.0,0.0,-0.0018636456225067377,0.9187683278565163,2.0,oursmain,core6,10,42
2023-09-29,0.0019830873352475464,0.5,0.0001,0.0018830873352475464,0.9204984488587294,2.0,oursmain,core6,10,42
2023-10-02,0.00934879417764023,0.5,0.0001,0.00924879417764023,0.929011949553061,2.0,oursmain,core6,10,42
2023-10-03,0.002601131680421531,0.5,0.0001,0.0025011316804215314,0.9313355307715784,2.0,oursmain,core6,10,42
2023-10-04,0.001331562758423388,0.5,0.0001,0.001231562758423388,0.9324825289268731,2.0,oursmain,core6,10,42
2023-10-05,-0.006063483189791441,0.0,0.0,-0.006063483189791441,0.9268284367879508,2.0,oursmain,core6,10,42
2023-10-06,0.0010466763051226735,0.0,0.0,0.0010466763051226735,0.9277985261516506,2.0,oursmain,core6,10,42
2023-10-09,-0.0035464931424940005,0.5,0.0001,-0.0036464931424940003,0.9244153151884226,2.0,oursmain,core6,10,42
2023-10-10,0.0051794918545056134,0.5,0.0001,0.005079491854505613,0.9291108752521025,2.0,oursmain,core6,10,42
2023-10-11,0.001090354984626174,0.5,0.0001,0.000990354984626174,0.9300310248386787,2.0,oursmain,core6,10,42
2023-10-12,0.00010803312761709094,0.5,0.0001,8.033127617090936e-06,0.9300384958965892,2.0,oursmain,core6,10,42
2023-10-13,-0.003462697783106705,0.5,0.0001,-0.003562697783106705,0.9267250498090545,2.0,oursmain,core6,10,42
2023-10-16,-0.0013642205740325153,0.5,0.0001,-0.0014642205740325153,0.9253681199246527,2.0,oursmain,core6,10,42
2023-10-17,0.0018028459817287512,1.5,0.00030000000000000003,0.0015028459817287513,0.9267588056853014,2.0,oursmain,core6,10,42
2023-10-18,-0.003227797347790329,1.0,0.0002,-0.003427797347790329,0.923582064309132,2.0,oursmain,core6,10,42
2023-10-19,0.0014527785533573478,0.5,0.0001,0.0013527785533573478,0.924831466317995,2.0,oursmain,core6,10,42
2023-10-20,-0.0019799463625531644,0.0,0.0,-0.0019799463625531644,0.9230003496202839,2.0,oursmain,core6,10,42
2023-10-23,-0.0017863014654722065,0.0,0.0,-0.0017863014654722065,0.9213515927431258,2.0,oursmain,core6,10,42
2023-10-24,-5.370704457163811e-06,0.5,0.0001,-0.00010537070445716382,0.9212545092767458,2.0,oursmain,core6,10,42
2023-10-25,0.0016321128641720861,0.5,0.0001,0.001532112864172086,0.9226659751615852,2.0,oursmain,core6,10,42
2023-10-26,-3.1250237952917814e-05,0.5,0.0001,-0.0001312502379529178,0.9225448750327943,2.0,oursmain,core6,10,42
2023-10-27,0.0023068699811119586,0.0,0.0,0.0023068699811119586,0.9246730661112361,2.0,oursmain,core6,10,42
2023-10-30,-0.002825278148520738,0.5,0.0001,-0.0029252781485207377,0.9219681401964153,2.0,oursmain,core6,10,42
2023-10-31,0.0007992272730916739,0.0,0.0,0.0007992272730916739,0.9227050022789819,2.0,oursmain,core6,10,42
2023-11-01,-0.006170241395011544,0.5,0.0001,-0.0062702413950115445,0.916919419178308,2.0,oursmain,core6,10,42
2023-11-02,-0.0045590209774672985,0.0,0.0,-0.0045590209774672985,0.9127391643116269,2.0,oursmain,core6,10,42
2023-11-03,-0.0009968871054297779,0.0,0.0,-0.0009968871054297779,0.9118292664081039,2.0,oursmain,core6,10,42
2023-11-06,0.005517096171388403,0.0,0.0,0.005517096171388403,0.916859916162764,2.0,oursmain,core6,10,42
2023-11-07,-0.0014941992267267779,0.0,0.0,-0.0014941992267267779,0.9154899447850168,2.0,oursmain,core6,10,42
2023-11-08,-0.0017810755016398616,0.0,0.0,-0.0017810755016398616,0.9138593880723626,2.0,oursmain,core6,10,42
2023-11-09,-0.0011600382858887315,0.5,0.0001,-0.0012600382858887315,0.9127078902554725,2.0,oursmain,core6,10,42
2023-11-10,-0.00023980111291166395,0.5,0.0001,-0.00033980111291166394,0.9123977510986004,2.0,oursmain,core6,10,42
2023-11-13,-0.00915436097420752,0.0,0.0,-0.00915436097420752,0.9040453327329887,2.0,oursmain,core6,10,42
2023-11-14,-0.0010142314131371677,0.0,0.0,-0.0010142314131371677,0.9031284215576308,2.0,oursmain,core6,10,42
2023-11-15,0.0036427861195988953,0.0,0.0,0.0036427861195988953,0.9064183252358963,2.0,oursmain,core6,10,42
2023-11-16,0.0007140515372157097,0.5,0.0001,0.0006140515372157096,0.9069749128018679,2.0,oursmain,core6,10,42
2023-11-17,0.00400650582741946,0.5,0.0001,0.0039065058274194596,0.9105180155840517,2.0,oursmain,core6,10,42
2023-11-20,-0.002800896647386253,0.5,0.0001,-0.0029008966473862527,0.9078766969252591,2.0,oursmain,core6,10,42
2023-11-21,-0.003002659184858203,0.5,0.0001,-0.0031026591848582028,0.9050598649528252,2.0,oursmain,core6,10,42
2023-11-22,-0.0013669622712768614,0.0,0.0,-0.0013669622712768614,0.9038226822641877,2.0,oursmain,core6,10,42
2023-11-23,-0.0021385799336712807,0.0,0.0,-0.0021385799336712807,0.9018897852123006,2.0,oursmain,core6,10,42
2023-11-24,0.002312943688593805,0.5,0.0001,0.002212943688593805,0.9038856165202933,2.0,oursmain,core6,10,42
2023-11-27,-0.00010314758401364088,0.0,0.0,-0.00010314758401364088,0.9037923829027246,2.0,oursmain,core6,10,42
2023-11-28,-0.0005249755340628326,0.5,0.0001,-0.0006249755340628326,0.9032275347755381,2.0,oursmain,core6,10,42
2023-11-29,-0.005219537648372352,0.0,0.0,-0.005219537648372352,0.8985131046527306,2.0,oursmain,core6,10,42
2023-11-30,-0.005888036437681876,0.5,0.0001,-0.005988036437681876,0.8931327754423354,2.0,oursmain,core6,10,42
2023-12-01,0.0007550325244665146,0.0,0.0,0.0007550325244665146,0.8938071197364614,2.0,oursmain,core6,10,42
2023-12-04,0.0011474014318082482,0.0,0.0,0.0011474014318082482,0.8948326753054074,2.0,oursmain,core6,10,42
2023-12-05,-0.00264554186355781,0.5,0.0001,-0.0027455418635578097,0.892375874734477,2.0,oursmain,core6,10,42
2023-12-06,-0.007314351561944932,0.0,0.0,-0.007314351561944932,0.8858487238612709,2.0,oursmain,core6,10,42
2023-12-07,-0.0008239677990786731,0.0,0.0,-0.0008239677990786731,0.8851188130379543,2.0,oursmain,core6,10,42
2023-12-08,0.003263734048232436,0.5,0.0001,0.0031637340482324364,0.8879190935634935,2.0,oursmain,core6,10,42
2023-12-11,-0.0011695412249537185,0.0,0.0,-0.0011695412249537185,0.8868806355791474,2.0,oursmain,core6,10,42
2023-12-12,-0.005834800307638943,0.0,0.0,-0.005834800307638943,0.8817058641738312,2.0,oursmain,core6,10,42
2023-12-13,0.0016320517752319574,0.5,0.0001,0.0015320517752319574,0.8830566832082712,2.0,oursmain,core6,10,42
2023-12-14,-0.007325121776375454,0.0,0.0,-0.007325121776375454,0.8765881854683285,2.0,oursmain,core6,10,42
2023-12-15,0.002006853756029159,0.5,0.0001,0.0019068537560291588,0.8782597109422796,2.0,oursmain,core6,10,42
2023-12-18,0.009356038877740502,0.0,0.0,0.009356038877740502,0.8864767429426087,2.0,oursmain,core6,10,42
2023-12-19,-0.0020598936316673644,0.0,0.0,-0.0020598936316673644,0.8846506951452,2.0,oursmain,core6,10,42
2023-12-20,-0.0032032186863943934,0.0,0.0,-0.0032032186863943934,0.8818169655075792,2.0,oursmain,core6,10,42
2023-12-21,0.0018169899703934789,0.0,0.0,0.0018169899703934789,0.8834192180896292,2.0,oursmain,core6,10,42
2023-12-22,-0.0009367284656036645,0.0,0.0,-0.0009367284656036645,0.8825916941609833,2.0,oursmain,core6,10,42
2023-12-25,0.0007251790375448763,0.0,0.0,0.0007251790375448763,0.8832317311563,2.0,oursmain,core6,10,42
2023-12-26,-0.005440567620098591,1.0,0.0002,-0.0056405676200985905,0.8782498028524962,2.0,oursmain,core6,10,42
2023-12-27,-0.0018967387295560911,0.0,0.0,-0.0018967387295560911,0.8765839924372009,2.0,oursmain,core6,10,42
2023-12-28,-0.004564049406326376,0.0,0.0,-0.004564049406326376,0.8725832197869227,2.0,oursmain,core6,10,42
2023-12-29,0.0012419854647305328,0.0,0.0,0.0012419854647305328,0.8736669554626658,2.0,oursmain,core6,10,42
2024-01-01,0.000134612200781703,0.0,0.0,0.000134612200781703,0.8737845616942909,2.0,oursmain,core6,10,42
2024-01-02,-0.0018348513985984027,0.5,0.0001,-0.0019348513985984028,0.872093918413023,2.0,oursmain,core6,10,42
2024-01-03,-0.0006073022086638957,0.0,0.0,-0.0006073022086638957,0.8715642938502084,2.0,oursmain,core6,10,42
2024-01-04,0.001378225686494261,0.5,0.0001,0.001278225686494261,0.8726783497180389,2.0,oursmain,core6,10,42
2024-01-05,-0.0006396370881702751,0.5,0.0001,-0.0007396370881702751,0.8720328844445443,2.0,oursmain,core6,10,42
2024-01-08,0.0008106559398584068,0.0,0.0,0.0008106559398584068,0.8727398030820711,2.0,oursmain,core6,10,42
2024-01-09,-0.007717292639426887,0.5,0.0001,-0.007817292639426886,0.8659173406433027,2.0,oursmain,core6,10,42
2024-01-10,-0.002128942491253838,0.0,0.0,-0.002128942491253838,0.8640738524228937,2.0,oursmain,core6,10,42
2024-01-11,0.0058203455118928105,0.0,0.0,0.0058203455118928105,0.8691030607917872,2.0,oursmain,core6,10,42
2024-01-12,-0.0014151231152936816,0.0,0.0,-0.0014151231152936816,0.8678731729608883,2.0,oursmain,core6,10,42
2024-01-15,-0.005976072046905756,0.0,0.0,-0.005976072046905756,0.8626867003516974,2.0,oursmain,core6,10,42
2024-01-16,-0.009201233129715547,0.0,0.0,-0.009201233129715547,0.8547489189038563,2.0,oursmain,core6,10,42
2024-01-17,0.0008778183328104205,0.0,0.0,0.0008778183328104205,0.85549923317482,2.0,oursmain,core6,10,42
2024-01-18,0.0011065940288972342,0.0,0.0,0.0011065940288972342,0.8564459235179774,2.0,oursmain,core6,10,42
2024-01-19,0.0005845983978360891,0.0,0.0,0.0005845983978360891,0.8569466004326993,2.0,oursmain,core6,10,42
2024-01-22,0.0020629342179745436,0.5,0.0001,0.0019629342179745437,0.8586287302376656,2.0,oursmain,core6,10,42
2024-01-23,-0.002493623411282897,0.0,0.0,-0.002493623411282897,0.8564876335343449,2.0,oursmain,core6,10,42
2024-01-24,0.0032498867949470878,0.5,0.0001,0.003149886794947088,0.8591854726212502,2.0,oursmain,core6,10,42
2024-01-25,0.002286212664330378,0.5,0.0001,0.0021862126643303783,0.8610638347825035,2.0,oursmain,core6,10,42
2024-01-26,0.00022156810155138373,0.5,0.0001,0.00012156810155138373,0.8611685126782126,2.0,oursmain,core6,10,42
2024-01-29,0.0007213954377220944,0.0,0.0,0.0007213954377220944,0.8617897557143686,2.0,oursmain,core6,10,42
2024-01-30,-0.003748229966731742,0.5,0.0001,-0.003848229966731742,0.8584733905514061,2.0,oursmain,core6,10,42
2024-01-31,0.0067320168018341064,0.0,0.0,0.0067320168018341064,0.8642526478405257,2.0,oursmain,core6,10,42
2024-02-01,0.0014368756674230099,0.0,0.0,0.0014368756674230099,0.8654944714407137,2.0,oursmain,core6,10,42
2024-02-02,-0.000984719576081261,0.0,0.0,-0.000984719576081261,0.864642202091696,2.0,oursmain,core6,10,42
2024-02-05,-0.0021929978975094855,0.5,0.0001,-0.0022929978975094853,0.8626595793402018,2.0,oursmain,core6,10,42
2024-02-06,0.001654776162467897,0.5,0.0001,0.001554776162467897,0.8640008218904845,2.0,oursmain,core6,10,42
2024-02-07,0.0035949361481470987,0.0,0.0,0.0035949361481470987,0.8671068496771275,2.0,oursmain,core6,10,42
2024-02-08,0.001731923985062167,0.5,0.0001,0.001631923985062167,0.8685219021427273,2.0,oursmain,core6,10,42
2024-02-09,0.00014650626690126956,0.0,0.0,0.00014650626690126956,0.8686491460443322,2.0,oursmain,core6,10,42
2024-02-12,0.006263133371248841,0.5,0.0001,0.006163133371248841,0.8740027465842248,2.0,oursmain,core6,10,42
2024-02-13,-0.002107127627823502,0.0,0.0,-0.002107127627823502,0.8721611112501035,2.0,oursmain,core6,10,42
2024-02-14,-0.0025533747393637896,0.0,0.0,-0.0025533747393637896,0.8699341570999821,2.0,oursmain,core6,10,42
2024-02-15,-0.0002963282458949834,0.5,0.0001,-0.0003963282458949834,0.8695893776214546,2.0,oursmain,core6,10,42
2024-02-16,0.0009000041463878006,1.0,0.0002,0.0007000041463878006,0.8701980937914444,2.0,oursmain,core6,10,42
2024-02-19,0.00010505132377147675,0.5,0.0001,5.051323771476741e-06,0.8702024894437614,2.0,oursmain,core6,10,42
2024-02-20,-0.0014354726590681821,0.0,0.0,-0.0014354726590681821,0.8689533375623119,2.0,oursmain,core6,10,42
2024-02-21,0.00013956007023807615,0.0,0.0,0.00013956007023807615,0.8690746087511356,2.0,oursmain,core6,10,42
2024-02-22,-0.001020404502924066,0.0,0.0,-0.001020404502924066,0.868187801106989,2.0,oursmain,core6,10,42
2024-02-23,0.0024927637714426965,0.0,0.0,0.0024927637714426965,0.870351988204397,2.0,oursmain,core6,10,42
2024-02-26,-0.0012830123741878197,0.0,0.0,-0.0012830123741878197,0.8692353158336318,2.0,oursmain,core6,10,42
2024-02-27,0.002589329600596102,0.5,0.0001,0.002489329600596102,0.87139912903522,2.0,oursmain,core6,10,42
2024-02-28,0.0013430494436761364,0.5,0.0001,0.0012430494436761364,0.8724823212377871,2.0,oursmain,core6,10,42
2024-02-29,-0.001842791822127765,0.5,0.0001,-0.001942791822127765,0.8707872697191353,2.0,oursmain,core6,10,42
2024-03-01,0.0010386895155534148,0.5,0.0001,0.0009386895155534148,0.871604668599498,2.0,oursmain,core6,10,42
2024-03-04,0.0012916605919599533,1.0,0.0002,0.0010916605919599532,0.8725561650679764,2.0,oursmain,core6,10,42
2024-03-05,-0.0010941058862954378,0.0,0.0,-0.0010941058862954378,0.8716014962316522,2.0,oursmain,core6,10,42
2024-03-06,0.0007225179579108953,0.0,0.0,0.0007225179579108953,0.8722312439648215,2.0,oursmain,core6,10,42
2024-03-07,0.0002866805298253894,0.0,0.0,0.0002866805298253894,0.8724812956799717,2.0,oursmain,core6,10,42
2024-03-08,0.0009565227665007114,1.0,0.0002,0.0007565227665007115,0.8731413476434996,2.0,oursmain,core6,10,42
2024-03-11,-9.555673750583082e-05,0.5,0.0001,-0.00019555673750583082,0.872970598970173,2.0,oursmain,core6,10,42
2024-03-12,0.0024213845945268986,0.5,0.0001,0.0023213845945268988,0.8749970994700973,2.0,oursmain,core6,10,42
2024-03-13,-0.0010365922935307026,0.0,0.0,-0.0010365922935307026,0.8740900842199248,2.0,oursmain,core6,10,42
2024-03-14,0.0028583737439475954,0.5,0.0001,0.0027583737439475955,0.876501151358082,2.0,oursmain,core6,10,42
2024-03-15,-0.0009965842473320663,0.0,0.0,-0.0009965842473320663,0.8756276441178702,2.0,oursmain,core6,10,42
2024-03-18,0.004612218996044248,0.0,0.0,0.004612218996044248,0.8796662305715321,2.0,oursmain,core6,10,42
2024-03-19,0.0042097945988643914,0.5,0.0001,0.004109794598864391,0.8832814780947384,2.0,oursmain,core6,10,42
2024-03-20,-0.008856508880853653,0.0,0.0,-0.008856508880853653,0.8754586878396988,2.0,oursmain,core6,10,42
2024-03-21,-0.0003432914090808481,0.0,0.0,-0.0003432914090808481,0.8751581503931583,2.0,oursmain,core6,10,42
2024-03-22,-0.002650118200108409,1.0,0.0002,-0.002850118200108409,0.8726638462207496,2.0,oursmain,core6,10,42
2024-03-25,-0.0026450948498677462,0.5,0.0001,-0.002745094849867746,0.8702683011908232,2.0,oursmain,core6,10,42
2024-03-26,0.0011050134780816734,0.5,0.0001,0.0010050134780816733,0.8711429325630673,2.0,oursmain,core6,10,42
2024-03-27,-0.003224080428481102,0.0,0.0,-0.003224080428481102,0.8683342976837811,2.0,oursmain,core6,10,42
2024-03-28,-0.0003866612387355417,0.0,0.0,-0.0003866612387355417,0.8679985464686022,2.0,oursmain,core6,10,42
2024-03-29,0.0015917140408419073,0.5,0.0001,0.0014917140408419072,0.8692933520877998,2.0,oursmain,core6,10,42
2024-04-01,0.000877890721312724,0.0,0.0,0.000877890721312724,0.8700564966556965,2.0,oursmain,core6,10,42
2024-04-02,-0.0011228490475332364,0.5,0.0001,-0.0012228490475332365,0.868992548897461,2.0,oursmain,core6,10,42
2024-04-03,-0.0005194051082071383,0.5,0.0001,-0.0006194051082071383,0.8684542904736801,2.0,oursmain,core6,10,42
2024-04-04,0.00046311577898450196,0.5,0.0001,0.00036311577898450197,0.8687696399298779,2.0,oursmain,core6,10,42
2024-04-05,0.004416223266161978,0.5,0.0001,0.004316223266161978,0.8725194436626784,2.0,oursmain,core6,10,42
2024-04-08,-2.8734939405694604e-05,0.0,0.0,-2.8734939405694604e-05,0.8724943718693344,2.0,oursmain,core6,10,42
2024-04-09,-0.004614374600350857,0.0,0.0,-0.004614374600350857,0.8684683560008315,2.0,oursmain,core6,10,42
2024-04-10,-0.00048106908798217773,0.0,0.0,-0.00048106908798217773,0.8680505627208688,2.0,oursmain,core6,10,42
2024-04-11,-0.004872012214036658,0.5,0.0001,-0.004972012214036659,0.8637346047206192,2.0,oursmain,core6,10,42
2024-04-12,0.0002063217107206583,0.5,0.0001,0.0001063217107206583,0.8638264384614018,2.0,oursmain,core6,10,42
2024-04-15,0.0002824020339176059,0.0,0.0,0.0002824020339176059,0.8640703848045751,2.0,oursmain,core6,10,42
2024-04-16,0.00028119131457060575,0.0,0.0,0.00028119131457060575,0.8643133538919598,2.0,oursmain,core6,10,42
2024-04-17,-0.0010237104361294769,0.5,0.0001,-0.001123710436129477,0.8633421159561054,2.0,oursmain,core6,10,42
2024-04-18,-0.0009163623326458037,0.0,0.0,-0.0009163623326458037,0.8625509817608565,2.0,oursmain,core6,10,42
2024-04-19,-0.0003756314981728792,0.0,0.0,-0.0003756314981728792,0.8622269804433272,2.0,oursmain,core6,10,42
2024-04-22,0.0022476629819720984,0.0,0.0,0.0022476629819720984,0.8641649761093273,2.0,oursmain,core6,10,42
2024-04-23,-0.0002191628736909479,0.0,0.0,-0.0002191628736909479,0.8639755832298202,2.0,oursmain,core6,10,42
2024-04-24,0.0032213922822847962,0.5,0.0001,0.0031213922822847964,0.8666723899473963,2.0,oursmain,core6,10,42
2024-04-25,0.006816482717113104,0.0,0.0,0.006816482717113104,0.8725800473148718,2.0,oursmain,core6,10,42
2024-04-26,-0.006518030015286058,0.5,0.0001,-0.0066180300152860584,0.8668052863710023,2.0,oursmain,core6,10,42
2024-04-29,0.002656252821907401,0.5,0.0001,0.0025562528219074013,0.8690210598303324,2.0,oursmain,core6,10,42
2024-04-30,-0.0032309242233168334,0.0,0.0,-0.0032309242233168334,0.8662133186375541,2.0,oursmain,core6,10,42
2024-05-01,-0.008863648330589058,0.0,0.0,-0.008863648330589058,0.8585355084018783,2.0,oursmain,core6,10,42
2024-05-02,-0.0014146031553536886,0.0,0.0,-0.0014146031553536886,0.8573210213627098,2.0,oursmain,core6,10,42
2024-05-03,0.0019786748744081706,0.0,0.0,0.0019786748744081706,0.8590173809269822,2.0,oursmain,core6,10,42
2024-05-06,9.58264572545886e-05,0.5,0.0001,-4.173542745411401e-06,0.8590137957812238,2.0,oursmain,core6,10,42
2024-05-07,0.0014696824218844995,0.0,0.0,0.0014696824218844995,0.8602762732570398,2.0,oursmain,core6,10,42
2024-05-08,-0.0009200624190270901,0.0,0.0,-0.0009200624190270901,0.8594847653880353,2.0,oursmain,core6,10,42
2024-05-09,-0.0005486809677677229,0.0,0.0,-0.0005486809677677229,0.8590131824551805,2.0,oursmain,core6,10,42
2024-05-10,4.015723243355751e-05,0.0,0.0,4.015723243355751e-05,0.8590476780472119,2.0,oursmain,core6,10,42
2024-05-13,0.00021279160864651203,0.0,0.0,0.00021279160864651203,0.8592304761845276,2.0,oursmain,core6,10,42
2024-05-14,-0.0034068890381604433,0.5,0.0001,-0.003506889038160443,0.8562172502463428,2.0,oursmain,core6,10,42
2024-05-15,-0.0008643462206237018,0.0,0.0,-0.0008643462206237018,0.8554771821020595,2.0,oursmain,core6,10,42
2024-05-16,0.0007169682940002531,0.5,0.0001,0.000616968294000253,0.8560049843996571,2.0,oursmain,core6,10,42
2024-05-17,0.0018454973032930866,0.5,0.0001,0.0017454973032930865,0.8574991387915322,2.0,oursmain,core6,10,42
2024-05-20,-0.0006719613647874212,0.5,0.0001,-0.0007719613647874212,0.8568371825860466,2.0,oursmain,core6,10,42
2024-05-21,0.0015081115416251123,0.5,0.0001,0.0014081115416251122,0.8580437049121395,2.0,oursmain,core6,10,42
2024-05-22,0.0007415397558361292,0.5,0.0001,0.0006415397558361291,0.8585941740610856,2.0,oursmain,core6,10,42
2024-05-23,-0.004064466280397028,1.0,0.0002,-0.004264466280397027,0.8549327281572568,2.0,oursmain,core6,10,42
2024-05-24,-0.0013593994663096964,0.0,0.0,-0.0013593994663096964,0.8537705330628692,2.0,oursmain,core6,10,42
2024-05-27,0.0043698934314306825,0.0,0.0,0.0043698934314306825,0.8575014193072497,2.0,oursmain,core6,10,42
2024-05-28,0.0010889905388467014,0.0,0.0,0.0010889905388467014,0.8584352302399229,2.0,oursmain,core6,10,42
2024-05-29,0.0044547488214448094,0.5,0.0001,0.004354748821444809,0.8621735000470969,2.0,oursmain,core6,10,42
2024-05-30,-0.00015057972632348537,0.0,0.0,-0.00015057972632348537,0.8620436741974165,2.0,oursmain,core6,10,42
2024-05-31,0.0013030767440795898,0.5,0.0001,0.0012030767440795898,0.8630807788942243,2.0,oursmain,core6,10,42
2024-06-03,-0.001768606947734952,0.0,0.0,-0.001768606947734952,0.8615543282322154,2.0,oursmain,core6,10,42
2024-06-04,-0.0017764701624400914,0.5,0.0001,-0.0018764701624400914,0.8599376472419666,2.0,oursmain,core6,10,42
2024-06-05,0.0022486206144094467,0.0,0.0,0.0022486206144094467,0.8618713207626617,2.0,oursmain,core6,10,42
2024-06-06,-0.003269825829192996,0.0,0.0,-0.003269825829192996,0.8590531516565912,2.0,oursmain,core6,10,42
2024-06-07,0.002179334383981768,0.5,0.0001,0.002079334383981768,0.8608394104124987,2.0,oursmain,core6,10,42
2024-06-10,-0.001999930798774585,0.0,0.0,-0.001999930798774585,0.8591177911628157,2.0,oursmain,core6,10,42
2024-06-11,0.0065543484524823725,0.0,0.0,0.0065543484524823725,0.8647487485278238,2.0,oursmain,core6,10,42
2024-06-12,-0.0016580111841904,0.0,0.0,-0.0016580111841904,0.86331498543125,2.0,oursmain,core6,10,42
2024-06-13,0.0006381605053320527,0.5,0.0001,0.0005381605053320527,0.8637795874600703,2.0,oursmain,core6,10,42
2024-06-14,-0.0008023132686503232,0.5,0.0001,-0.0009023132686503232,0.8630001876771158,2.0,oursmain,core6,10,42
2024-06-17,0.007202282169600949,0.0,0.0,0.007202282169600949,0.869215758541185,2.0,oursmain,core6,10,42
2024-06-18,1.473200973123312e-05,0.5,0.0001,-8.526799026876688e-05,0.8691416422603443,2.0,oursmain,core6,10,42
2024-06-19,0.0022159515065141022,0.0,0.0,0.0022159515065141022,0.8710676179918853,2.0,oursmain,core6,10,42
2024-06-20,0.0010996934142895043,0.5,0.0001,0.0009996934142895042,0.8719384185529926,2.0,oursmain,core6,10,42
2024-06-21,-0.00020579085685312748,0.5,0.0001,-0.00030579085685312747,0.8716717877568602,2.0,oursmain,core6,10,42
2024-06-24,0.0009534279724903172,1.5,0.00030000000000000003,0.0006534279724903172,0.8722413624858112,2.0,oursmain,core6,10,42
2024-06-25,-0.0009025424369610846,0.5,0.0001,-0.0010025424369610846,0.8713669035046464,2.0,oursmain,core6,10,42
2024-06-26,-0.0013171451355447061,0.5,0.0001,-0.0014171451355447062,0.8701320501360702,2.0,oursmain,core6,10,42
2024-06-27,-0.004245597439876292,0.0,0.0,-0.004245597439876292,0.8664378197316582,2.0,oursmain,core6,10,42
2024-06-28,-0.0002660716854734346,0.0,0.0,-0.0002660716854734346,0.8662072851606043,2.0,oursmain,core6,10,42
2024-07-01,-0.001283983961911872,0.5,0.0001,-0.001383983961911872,0.8650084681702508,2.0,oursmain,core6,10,42
2024-07-02,-0.002415262220893055,0.5,0.0001,-0.002515262220893055,0.8628327450495096,2.0,oursmain,core6,10,42
2024-07-03,-0.0003715167404152453,0.0,0.0,-0.0003715167404152453,0.8625121882405452,2.0,oursmain,core6,10,42
2024-07-04,0.0051599451107904315,0.0,0.0,0.0051599451107904315,0.8669627037892542,2.0,oursmain,core6,10,42
2024-07-05,-0.0026592095382511616,0.0,0.0,-0.0026592095382511616,0.8646572682980298,2.0,oursmain,core6,10,42
2024-07-08,-0.00047766975876584183,0.0,0.0,-0.00047766975876584183,0.8642442476692668,2.0,oursmain,core6,10,42
2024-07-09,-0.0031814272806514055,0.0,0.0,-0.0031814272806514055,0.8614947174425858,2.0,oursmain,core6,10,42
2024-07-10,0.010862720431759953,0.0,0.0,0.010862720431759953,0.8708528937116026,2.0,oursmain,core6,10,42
2024-07-11,-0.0006289452139753848,0.0,0.0,-0.0006289452139753848,0.8703051749520261,2.0,oursmain,core6,10,42
2024-07-12,0.0016984459944069386,0.0,0.0,0.0016984459944069386,0.871783341290335,2.0,oursmain,core6,10,42
2024-07-15,0.00025750902932486497,0.5,0.0001,0.00015750902932486498,0.8719206550382032,2.0,oursmain,core6,10,42
2024-07-16,0.011734468629583716,0.0,0.0,0.011734468629583716,0.882152180612235,2.0,oursmain,core6,10,42
2024-07-17,-0.003559672739356756,0.0,0.0,-0.003559672739356756,0.8790120075429455,2.0,oursmain,core6,10,42
2024-07-18,-0.00043723152339225635,0.0,0.0,-0.00043723152339225635,0.8786276757838074,2.0,oursmain,core6,10,42
2024-07-19,-0.005642098501994042,1.0,0.0002,-0.005842098501994041,0.8734946463553004,2.0,oursmain,core6,10,42
2024-07-22,0.0005922835553064942,0.0,0.0,0.0005922835553064942,0.8740120028699849,2.0,oursmain,core6,10,42
2024-07-23,-0.001745490764733404,0.0,0.0,-0.001745490764733404,0.8724864229907092,2.0,oursmain,core6,10,42
2024-07-24,-0.005148389522219077,0.5,0.0001,-0.005248389522219077,0.8679072743900064,2.0,oursmain,core6,10,42
2024-07-25,0.001388613905874081,0.0,0.0,0.001388613905874081,0.8691124625002336,2.0,oursmain,core6,10,42
2024-07-26,-0.002279117237776518,0.5,0.0001,-0.0023791172377765177,0.8670447420591328,2.0,oursmain,core6,10,42
2024-07-29,-0.006101945953560062,0.0,0.0,-0.006101945953560062,0.8617540819037696,2.0,oursmain,core6,10,42
2024-07-30,-0.0105455526500009,0.0,0.0,-0.0105455526500009,0.8526664088617002,2.0,oursmain,core6,10,42
2024-07-31,-0.008415650692768395,0.0,0.0,-0.008415650692768395,0.8454906662072629,2.0,oursmain,core6,10,42
2024-08-01,-0.021617756523482967,0.0,0.0,-0.021617756523482967,0.8272130548423169,2.0,oursmain,core6,10,42
2024-08-02,0.0028065418009646237,0.5,0.0001,0.002706541800964624,0.8294519415535513,2.0,oursmain,core6,10,42
2024-08-05,-0.00837780610891059,0.0,0.0,-0.00837780610891059,0.8225029540105562,2.0,oursmain,core6,10,42
2024-08-06,0.009694882144685835,0.0,0.0,0.009694882144685835,0.8304770232133445,2.0,oursmain,core6,10,42
2024-08-07,0.012990490416996181,0.0,0.0,0.012990490416996181,0.841265327024933,2.0,oursmain,core6,10,42
2024-08-08,-0.003076021099332138,0.0,0.0,-0.003076021099332138,0.8386775771288677,2.0,oursmain,core6,10,42
2024-08-09,0.00020041312382090837,0.0,0.0,0.00020041312382090837,0.8388456591219786,2.0,oursmain,core6,10,42
2024-08-12,0.005080869188532233,0.0,0.0,0.005080869188532233,0.8431077241853455,2.0,oursmain,core6,10,42
2024-08-13,-0.0009006885375129059,0.0,0.0,-0.0009006885375129059,0.8423483467222832,2.0,oursmain,core6,10,42
2024-08-14,0.009025154111441225,0.5,0.0001,0.008925154111441225,0.8498664355322973,2.0,oursmain,core6,10,42
2024-08-15,-0.0004141752142459154,0.5,0.0001,-0.0005141752142459155,0.8494294552757271,2.0,oursmain,core6,10,42
2024-08-16,-0.0023683864856138825,0.0,0.0,-0.0023683864856138825,0.8474176780333698,2.0,oursmain,core6,10,42
2024-08-19,0.00036958756390959024,0.0,0.0,0.00036958756390959024,0.8477308730686081,2.0,oursmain,core6,10,42
2024-08-20,0.001691891869995743,0.5,0.0001,0.001591891869995743,0.8490803689533903,2.0,oursmain,core6,10,42
2024-08-21,0.004869312411756255,0.0,0.0,0.004869312411756255,0.8532148065325137,2.0,oursmain,core6,10,42
2024-08-22,-0.0013442335184663534,0.0,0.0,-0.0013442335184663534,0.8520678865911209,2.0,oursmain,core6,10,42
2024-08-23,0.0007461364584742114,0.0,0.0,0.0007461364584742114,0.8527036455064015,2.0,oursmain,core6,10,42
2024-08-26,0.0032800965127535164,0.5,0.0001,0.0031800965127535166,0.8554153253958887,2.0,oursmain,core6,10,42
2024-08-27,-0.0010325932162231766,0.0,0.0,-0.0010325932162231766,0.8545320293338315,2.0,oursmain,core6,10,42
2024-08-28,-0.0038144115824252367,0.5,0.0001,-0.003914411582425237,0.8511870392606539,2.0,oursmain,core6,10,42
2024-08-29,0.0030946163460612297,0.5,0.0001,0.00299461634606123,0.8537360178819793,2.0,oursmain,core6,10,42
2024-08-30,0.0035056798205914674,1.0,0.0002,0.0033056798205914673,0.8565581958084039,2.0,oursmain,core6,10,42
2024-09-02,-0.007085459714289755,0.0,0.0,-0.007085459714289755,0.8504890872190587,2.0,oursmain,core6,10,42
2024-09-03,-0.006683132713078521,0.0,0.0,-0.006683132713078521,0.8448051557781487,2.0,oursmain,core6,10,42
2024-09-04,0.0005255243449937552,0.5,0.0001,0.00042552434499375523,0.8451646409387086,2.0,oursmain,core6,10,42
2024-09-05,-0.008428421977441758,0.5,0.0001,-0.008528421977441757,0.8379567202403703,2.0,oursmain,core6,10,42
2024-09-06,0.0022585061378777027,0.0,0.0,0.0022585061378777027,0.839849250636309,2.0,oursmain,core6,10,42
2024-09-09,-0.0021871119970455766,0.5,0.0001,-0.0022871119970455764,0.837928421339469,2.0,oursmain,core6,10,42
2024-09-10,-0.0016086801479104906,0.0,0.0,-0.0016086801479104906,0.8365804625226902,2.0,oursmain,core6,10,42
2024-09-11,0.0030568687652703375,0.0,0.0,0.0030568687652703375,0.8391377792082113,2.0,oursmain,core6,10,42
2024-09-12,-0.0023864222457632422,0.5,0.0001,-0.002486422245763242,0.8370513283667277,2.0,oursmain,core6,10,42
2024-09-13,0.0029242996824905276,0.0,0.0,0.0029242996824905276,0.8394991173004988,2.0,oursmain,core6,10,42
2024-09-16,0.004836216801777482,0.0,0.0,0.004836216801777482,0.8435591170366648,2.0,oursmain,core6,10,42
2024-09-17,0.004810577258467674,0.0,0.0,0.004810577258467674,0.8476171233412544,2.0,oursmain,core6,10,42
2024-09-18,0.006692225229926407,0.5,0.0001,0.006592225229926407,0.8532048063270623,2.0,oursmain,core6,10,42
2024-09-19,0.0049689003244566265,0.0,0.0,0.0049689003244566265,0.8574442959660488,2.0,oursmain,core6,10,42
2024-09-20,0.0009763119742274284,0.0,0.0,0.0009763119742274284,0.8582814290994334,2.0,oursmain,core6,10,42
2024-09-23,5.24462666362524e-05,0.0,0.0,5.24462666362524e-05,0.8583264427561129,2.0,oursmain,core6,10,42
2024-09-24,0.006433430127799511,0.0,0.0,0.006433430127799511,0.8638484259524271,2.0,oursmain,core6,10,42
2024-09-25,0.003776670855586417,0.0,0.0,0.003776670855586417,0.8671108971263658,2.0,oursmain,core6,10,42
2024-09-26,-0.003648557816632092,0.5,0.0001,-0.003748557816632092,0.8638604817950559,2.0,oursmain,core6,10,42
2024-09-27,0.005322840239387006,0.0,0.0,0.005322840239387006,0.8684586731287709,2.0,oursmain,core6,10,42
2024-09-30,0.004999522177968174,0.5,0.0001,0.004899522177968174,0.8727137056584141,2.0,oursmain,core6,10,42
2024-10-01,-0.007383680815109983,0.0,0.0,-0.007383680815109983,0.8662698662128605,2.0,oursmain,core6,10,42
2024-10-02,-0.0007780952728353441,0.0,0.0,-0.0007780952728353441,0.8655958257249605,2.0,oursmain,core6,10,42
2024-10-03,-0.0010443060891702771,0.0,0.0,-0.0010443060891702771,0.8646918787333956,2.0,oursmain,core6,10,42
2024-10-04,0.0010993953328579664,0.5,0.0001,0.0009993953328579664,0.865556047761362,2.0,oursmain,core6,10,42
2024-10-07,0.0033071819379983936,0.5,0.0001,0.0032071819379983937,0.8683320434840675,2.0,oursmain,core6,10,42
2024-10-08,0.0026605704333633184,1.0,0.0002,0.0024605704333633184,0.8704686356366064,2.0,oursmain,core6,10,42
2024-10-09,-0.004545356263406575,1.0,0.0002,-0.004745356263406574,0.8663379518443892,2.0,oursmain,core6,10,42
2024-10-10,0.0035498079378157854,0.0,0.0,0.0035498079378157854,0.8694132851826775,2.0,oursmain,core6,10,42
2024-10-11,0.002545822353567928,0.0,0.0,0.002545822353567928,0.8716266569585844,2.0,oursmain,core6,10,42
2024-10-14,-0.004356287303380668,0.0,0.0,-0.004356287303380668,0.8678296008195876,2.0,oursmain,core6,10,42
2024-10-15,0.0006272333557717502,0.0,0.0,0.0006272333557717502,0.8683739324923477,2.0,oursmain,core6,10,42
2024-10-16,0.0036283104855101556,0.0,0.0,0.0036283104855101556,0.8715246627369534,2.0,oursmain,core6,10,42
2024-10-17,-0.002536646803491749,0.0,0.0,-0.002536646803491749,0.8693139124870575,2.0,oursmain,core6,10,42
2024-10-18,5.618418799713254e-05,0.5,0.0001,-4.3815812002867465e-05,0.8692758227920965,2.0,oursmain,core6,10,42
2024-10-21,0.0038107717628008686,0.5,0.0001,0.0037107717628008688,0.8725015069693989,2.0,oursmain,core6,10,42
2024-10-22,0.0037619192735292017,0.5,0.0001,0.003661919273529202,0.8756965370539534,2.0,oursmain,core6,10,42
2024-10-23,-0.004120928409975022,0.5,0.0001,-0.004220928409975022,0.8720002846621857,2.0,oursmain,core6,10,42
2024-10-24,0.001619534334167838,0.0,0.0,0.001619534334167838,0.8734125190626002,2.0,oursmain,core6,10,42
2024-10-25,0.004459232222870924,0.5,0.0001,0.004359232222870923,0.8772199270595568,2.0,oursmain,core6,10,42
2024-10-28,0.00040263048140332103,0.5,0.0001,0.00030263048140332104,0.8774854005483794,2.0,oursmain,core6,10,42
2024-10-29,-0.0015798026724951342,0.0,0.0,-0.0015798026724951342,0.8760991467675177,2.0,oursmain,core6,10,42
2024-10-30,-0.0008033851627260447,0.0,0.0,-0.0008033851627260447,0.8753953017119277,2.0,oursmain,core6,10,42
2024-10-31,-0.004306176269892603,0.5,0.0001,-0.004406176269892603,0.8715381557067491,2.0,oursmain,core6,10,42
2024-11-01,0.002435349131701514,1.0,0.0002,0.002235349131701514,0.8734863477663529,2.0,oursmain,core6,10,42
2024-11-04,-0.003343571093864739,0.5,0.0001,-0.0034435710938647388,0.8704784354282993,2.0,oursmain,core6,10,42
2024-11-05,-0.0062143816612660885,0.0,0.0,-0.0062143816612660885,0.8650689502026461,2.0,oursmain,core6,10,42
2024-11-06,-0.006673005293123424,0.0,0.0,-0.006673005293123424,0.859296340519027,2.0,oursmain,core6,10,42
2024-11-07,0.006618998944759369,0.5,0.0001,0.006518998944759369,0.8648980924561062,2.0,oursmain,core6,10,42
2024-11-08,-0.0012922548921778798,0.0,0.0,-0.0012922548921778798,0.8637804236648945,2.0,oursmain,core6,10,42
2024-11-11,0.004522161209024489,0.5,0.0001,0.004422161209024489,0.8676001999475401,2.0,oursmain,core6,10,42
2024-11-12,0.000308407936245203,0.5,0.0001,0.00020840793624520303,0.8677810147146972,2.0,oursmain,core6,10,42
2024-11-13,-0.00254323345143348,0.0,0.0,-0.00254323345143348,0.8655740450095558,2.0,oursmain,core6,10,42
2024-11-14,-0.00584405058179982,1.0,0.0002,-0.00604405058179982,0.860342471699225,2.0,oursmain,core6,10,42
2024-11-15,0.0023391375871142372,0.5,0.0001,0.0022391375871142374,0.8622688968653974,2.0,oursmain,core6,10,42
2024-11-18,-0.0005165801849216223,1.0,0.0002,-0.0007165801849216223,0.8616510120598295,2.0,oursmain,core6,10,42
2024-11-19,0.0015240468783304095,0.0,0.0,0.0015240468783304095,0.8629642085949696,2.0,oursmain,core6,10,42
2024-11-20,-0.000421229749917984,1.0,0.0002,-0.000621229749917984,0.862428109555476,2.0,oursmain,core6,10,42
2024-11-21,0.0016014242719393224,0.5,0.0001,0.0015014242719393223,0.8637229800519653,2.0,oursmain,core6,10,42
2024-11-22,-0.006547837430844083,0.5,0.0001,-0.006647837430844084,0.8579810900952957,2.0,oursmain,core6,10,42
2024-11-25,0.0017118030227720737,0.0,0.0,0.0017118030227720737,0.8594497847188021,2.0,oursmain,core6,10,42
2024-11-26,-0.003573083784431219,0.5,0.0001,-0.003673083784431219,0.8562929536510185,2.0,oursmain,core6,10,42
2024-11-27,0.0003648964575404534,0.0,0.0,0.0003648964575404534,0.8566054119164227,2.0,oursmain,core6,10,42
2024-11-28,0.0,0.5,0.0001,-0.0001,0.8565197513752311,2.0,oursmain,core6,10,42
2024-11-29,-0.004417858450324275,0.0,0.0,-0.004417858450324275,0.8527357683537483,2.0,oursmain,core6,10,42
2024-12-02,0.00033834529313025996,0.0,0.0,0.00033834529313025996,0.8530242874872547,2.0,oursmain,core6,10,42
2024-12-03,0.0023709811794105917,0.0,0.0,0.0023709811794105917,0.8550467920184671,2.0,oursmain,core6,10,42
2024-12-04,-9.990343824028969e-05,0.0,0.0,-9.990343824028969e-05,0.8549613699040881,2.0,oursmain,core6,10,42
2024-12-05,-0.00532439119706396,0.0,0.0,-0.00532439119706396,0.8504092211123411,2.0,oursmain,core6,10,42
2024-12-06,0.003663170453364728,0.0,0.0,0.003663170453364728,0.8535244150443887,2.0,oursmain,core6,10,42
2024-12-09,0.0023969947651494294,0.5,0.0001,0.0022969947651494296,0.855484956157673,2.0,oursmain,core6,10,42
2024-12-10,0.0015015967073850334,0.0,0.0,0.0015015967073850334,0.8567695495510568,2.0,oursmain,core6,10,42
2024-12-11,0.0021082557504996657,0.0,0.0,0.0021082557504996657,0.8585758388807508,2.0,oursmain,core6,10,42
2024-12-12,0.0040901409374782816,0.0,0.0,0.0040901409374782816,0.8620875350672867,2.0,oursmain,core6,10,42
2024-12-13,0.0003023211029358208,0.5,0.0001,0.00020232110293582083,0.8622619535682088,2.0,oursmain,core6,10,42
2024-12-16,0.002332522824872285,0.5,0.0001,0.0022325228248722853,0.8641869730605688,2.0,oursmain,core6,10,42
2024-12-17,-0.002452425891533494,0.0,0.0,-0.002452425891533494,0.8620676185527091,2.0,oursmain,core6,10,42
2024-12-18,-0.00632573023904115,0.0,0.0,-0.00632573023904115,0.856614411349932,2.0,oursmain,core6,10,42
2024-12-19,0.002378830569796264,0.0,0.0,0.002378830569796264,0.8586521518981792,2.0,oursmain,core6,10,42
2024-12-20,-0.0010347084607928991,0.5,0.0001,-0.0011347084607928992,0.8576778320365424,2.0,oursmain,core6,10,42
2024-12-23,0.000646198182948865,0.0,0.0,0.000646198182948865,0.8582320618931599,2.0,oursmain,core6,10,42
2024-12-24,-0.0005208479633438401,0.0,0.0,-0.0005208479633438401,0.8577850534716465,2.0,oursmain,core6,10,42
2024-12-25,0.0005515989469131455,0.5,0.0001,0.0004515989469131455,0.8581724282984721,2.0,oursmain,core6,10,42
2024-12-26,-0.0007436993473675102,0.0,0.0,-0.0007436993473675102,0.8575342060236177,2.0,oursmain,core6,10,42
2024-12-27,-0.0007364368066191673,0.0,0.0,-0.0007364368066191673,0.856902686271367,2.0,oursmain,core6,10,42
2024-12-30,0.002741058124229312,0.0,0.0,0.002741058124229312,0.859251506341245,2.0,oursmain,core6,10,42
2024-12-31,-0.004052609030622989,0.5,0.0001,-0.004152609030622989,0.855683370776436,2.0,oursmain,core6,10,42
2025-01-01,-0.003792967996560037,0.0,0.0,-0.003792967996560037,0.8524377911358924,2.0,oursmain,core6,10,42
2025-01-02,0.002703431062400341,0.5,0.0001,0.002603431062400341,0.8546570541600995,2.0,oursmain,core6,10,42
2025-01-03,-0.0011680673342198133,0.5,0.0001,-0.0012680673342198134,0.8535732914677586,2.0,oursmain,core6,10,42
2025-01-06,-0.0023862379894126207,0.0,0.0,-0.0023862379894126207,0.8515364624529103,2.0,oursmain,core6,10,42
2025-01-07,-0.0034663170954445377,0.5,0.0001,-0.0035663170954445375,0.8484996134094701,2.0,oursmain,core6,10,42
2025-01-08,-0.0005213578697293997,0.5,0.0001,-0.0006213578697293997,0.8479723914972158,2.0,oursmain,core6,10,42
2025-01-09,-0.001991818193346262,0.0,0.0,-0.001991818193346262,0.8462833846603763,2.0,oursmain,core6,10,42
2025-01-10,-0.0006082039326429367,0.5,0.0001,-0.0007082039326429368,0.8456840434392295,2.0,oursmain,core6,10,42
2025-01-13,0.0008277295273728669,0.0,0.0,0.0008277295273728669,0.8463840410928123,2.0,oursmain,core6,10,42
2025-01-14,-0.007043389312457293,0.0,0.0,-0.007043389312457293,0.8404226287835448,2.0,oursmain,core6,10,42
2025-01-15,-0.002868328068871051,0.0,0.0,-0.002868328068871051,0.8380120209676906,2.0,oursmain,core6,10,42
2025-01-16,-0.0006457091658376157,0.0,0.0,-0.0006457091658376157,0.8374709089246696,2.0,oursmain,core6,10,42
2025-01-17,0.007842940278351307,0.0,0.0,0.007842940278351307,0.8440391432482224,2.0,oursmain,core6,10,42
2025-01-20,-0.00347433342540171,0.0,0.0,-0.00347433342540171,0.8411066698404877,2.0,oursmain,core6,10,42
2025-01-21,0.0011753359285648912,0.0,0.0,0.0011753359285648912,0.8420952527293067,2.0,oursmain,core6,10,42
2025-01-22,-0.0008282679482363164,0.0,0.0,-0.0008282679482363164,0.8413977722221091,2.0,oursmain,core6,10,42
2025-01-23,0.000513975799549371,0.0,0.0,0.000513975799549371,0.8418302303148261,2.0,oursmain,core6,10,42
2025-01-24,0.0011307549430057406,0.5,0.0001,0.0010307549430057406,0.8426979509858947,2.0,oursmain,core6,10,42
2025-01-27,0.003894463305186946,0.0,0.0,0.003894463305186946,0.8459798072333655,2.0,oursmain,core6,10,42
2025-01-28,0.0006357519596349448,0.5,0.0001,0.0005357519596349448,0.8464330425729024,2.0,oursmain,core6,10,42
2025-01-29,-0.006839564855908975,0.5,0.0001,-0.006939564855908975,0.8405591655777834,2.0,oursmain,core6,10,42
2025-01-30,-0.0007214430370368063,0.0,0.0,-0.0007214430370368063,0.8399527500205599,2.0,oursmain,core6,10,42
2025-01-31,-0.0044597245287150145,0.0,0.0,-0.0044597245287150145,0.8362067921383316,2.0,oursmain,core6,10,42
2025-02-03,-0.004763305187225342,0.0,0.0,-0.004763305187225342,0.832223683987746,2.0,oursmain,core6,10,42
2025-02-04,-0.0035113953053951263,1.0,0.0002,-0.0037113953053951264,0.8291349729139553,2.0,oursmain,core6,10,42
2025-02-05,-0.005689166224328801,0.0,0.0,-0.005689166224328801,0.8244178862306435,2.0,oursmain,core6,10,42
2025-02-06,0.0017320023034699261,0.0,0.0,0.0017320023034699261,0.8258457799086167,2.0,oursmain,core6,10,42
2025-02-07,-0.000288220020593144,0.0,0.0,-0.000288220020593144,0.8256077546209247,2.0,oursmain,core6,10,42
2025-02-10,0.0010389037197455764,0.0,0.0,0.0010389037197455764,0.8264654815882512,2.0,oursmain,core6,10,42
2025-02-11,0.003052634303458035,0.5,0.0001,0.002952634303458035,0.8289057319198126,2.0,oursmain,core6,10,42
2025-02-12,0.00263372715562582,0.5,0.0001,0.0025337271556258203,0.8310059528822318,2.0,oursmain,core6,10,42
2025-02-13,-0.0017614701064303517,0.0,0.0,-0.0017614701064303517,0.829542160737964,2.0,oursmain,core6,10,42
2025-02-14,-0.000886179299413925,0.5,0.0001,-0.000986179299413925,0.8287240834310532,2.0,oursmain,core6,10,42
2025-02-17,0.0003276229981565848,0.0,0.0,0.0003276229981565848,0.8289955924999114,2.0,oursmain,core6,10,42
2025-02-18,-0.0035052652237936854,0.5,0.0001,-0.0036052652237936853,0.8260068435195932,2.0,oursmain,core6,10,42
2025-02-19,-0.0012727747671306133,0.5,0.0001,-0.0013727747671306134,0.8248729221673323,2.0,oursmain,core6,10,42
2025-02-20,0.0001570027379784733,0.0,0.0,0.0001570027379784733,0.8250024294745969,2.0,oursmain,core6,10,42
2025-02-21,0.0032253891113214195,0.0,0.0,0.0032253891113214195,0.8276633833274379,2.0,oursmain,core6,10,42
2025-02-24,0.008125295396894217,0.5,0.0001,0.008025295396894217,0.8343056264678336,2.0,oursmain,core6,10,42
2025-02-25,0.001191057643154636,0.0,0.0,0.001191057643154636,0.835299332560965,2.0,oursmain,core6,10,42
2025-02-26,0.0026302419137209654,0.0,0.0,0.0026302419137209654,0.83749637187597,2.0,oursmain,core6,10,42
2025-02-27,0.0036095448303967714,0.5,0.0001,0.0035095448303967716,0.8404356029383634,2.0,oursmain,core6,10,42
2025-02-28,0.0011683202683343552,0.5,0.0001,0.0010683202683343552,0.8413334573272122,2.0,oursmain,core6,10,42
2025-03-03,0.012156875454820693,0.5,0.0001,0.012056875454820693,0.8514773100381802,2.0,oursmain,core6,10,42
2025-03-04,-0.007789597031660378,0.0,0.0,-0.007789597031660378,0.8448446449113806,2.0,oursmain,core6,10,42
2025-03-05,-0.0004208926693536341,0.5,0.0001,-0.0005208926693536342,0.8444045715291035,2.0,oursmain,core6,10,42
2025-03-06,0.00782091508153826,0.5,0.0001,0.00772091508153826,0.8509241475203424,2.0,oursmain,core6,10,42
2025-03-07,-0.0022695979569107294,0.0,0.0,-0.0022695979569107294,0.8489928918136442,2.0,oursmain,core6,10,42
2025-03-10,0.004141554454690777,0.5,0.0001,0.0040415544546907765,0.8524241428175545,2.0,oursmain,core6,10,42
2025-03-11,4.183338023722172e-05,0.0,0.0,4.183338023722172e-05,0.8524598026008444,2.0,oursmain,core6,10,42
2025-03-12,-0.0004147979343542829,0.5,0.0001,-0.000514797934354283,0.8520209580553455,2.0,oursmain,core6,10,42
2025-03-13,-0.0008971566567197442,0.0,0.0,-0.0008971566567197442,0.8512565617811614,2.0,oursmain,core6,10,42
2025-03-14,0.004630540614016354,0.0,0.0,0.004630540614016354,0.855198339863437,2.0,oursmain,core6,10,42
2025-03-17,0.002435325877740979,0.0,0.0,0.002435325877740979,0.8572810265111075,2.0,oursmain,core6,10,42
2025-03-18,-0.0006712906033499166,0.5,0.0001,-0.0007712906033499167,0.8566198137109293,2.0,oursmain,core6,10,42
2025-03-19,-0.001742919150274247,0.0,0.0,-0.001742919150274247,0.8551267946331081,2.0,oursmain,core6,10,42
2025-03-20,0.0005829313595313579,0.5,0.0001,0.0004829313595313579,0.855539762178612,2.0,oursmain,core6,10,42
2025-03-21,-0.0016575710242250352,0.0,0.0,-0.0016575710242250352,0.8541216442587524,2.0,oursmain,core6,10,42
2025-03-24,-0.004453778030438116,0.5,0.0001,-0.004553778030438116,0.8502321638798052,2.0,oursmain,core6,10,42
2025-03-25,-0.002035939251072705,0.0,0.0,-0.002035939251072705,0.8485011428448378,2.0,oursmain,core6,10,42
2025-03-26,0.004656957207771484,0.0,0.0,0.004656957207771484,0.8524525763578114,2.0,oursmain,core6,10,42
2025-03-27,0.0020621375406335574,0.0,0.0,0.0020621375406335574,0.8542104508171285,2.0,oursmain,core6,10,42
2025-03-28,0.00603288876300212,0.0,0.0,0.00603288876300212,0.8593638074471022,2.0,oursmain,core6,10,42
2025-03-31,-0.007615364360390231,0.0,0.0,-0.007615364360390231,0.8528194389352602,2.0,oursmain,core6,10,42
2025-04-01,0.0045471967896446586,0.0,0.0,0.0045471967896446586,0.8566973767501332,2.0,oursmain,core6,10,42
2025-04-02,-0.0019173905020579696,1.0,0.0002,-0.0021173905020579697,0.8548834138614646,2.0,oursmain,core6,10,42
2025-04-03,0.012666977476328611,0.0,0.0,0.012666977476328611,0.8657122028097347,2.0,oursmain,core6,10,42
2025-04-04,0.003262397600337863,0.0,0.0,0.003262397600337863,0.8685365002227644,2.0,oursmain,core6,10,42
2025-04-07,-0.00019680149853229523,1.0,0.0002,-0.0003968014985322952,0.8681918636379461,2.0,oursmain,core6,10,42
2025-04-08,-0.002343342872336507,0.0,0.0,-0.002343342872336507,0.8661573924224696,2.0,oursmain,core6,10,42
2025-04-09,0.011365663260221481,0.0,0.0,0.011365663260221481,0.8760018456750949,2.0,oursmain,core6,10,42
2025-04-10,0.005087553436169401,0.0,0.0,0.005087553436169401,0.88045855187515,2.0,oursmain,core6,10,42
2025-04-11,0.005795590812340379,1.0,0.0002,0.005595590812340379,0.885385237658669,2.0,oursmain,core6,10,42
2025-04-14,0.0035213299706811085,1.0,0.0002,0.0033213299706811084,0.8883258941841035,2.0,oursmain,core6,10,42
2025-04-15,-0.006339322491839994,1.0,0.0002,-0.006539322491839993,0.8825168446841815,2.0,oursmain,core6,10,42
2025-04-16,-0.0005481168627738953,0.0,0.0,-0.0005481168627738953,0.882033122319928,2.0,oursmain,core6,10,42
2025-04-17,-0.000548718380741775,0.0,0.0,-0.000548718380741775,0.881549134533288,2.0,oursmain,core6,10,42
2025-04-18,0.00041012209840118885,0.0,0.0,0.00041012209840118885,0.8819106773141865,2.0,oursmain,core6,10,42
2025-04-21,0.013013853604206815,0.5,0.0001,0.012913853604206816,0.8932995426930088,2.0,oursmain,core6,10,42
2025-04-22,0.002008040464716032,0.0,0.0,0.002008040464716032,0.8950933243218487,2.0,oursmain,core6,10,42
2025-04-23,-0.0006288018776103854,0.5,0.0001,-0.0007288018776103855,0.8944409786264464,2.0,oursmain,core6,10,42
2025-04-24,-0.0005526820023078471,0.0,0.0,-0.0005526820023078471,0.893946637195433,2.0,oursmain,core6,10,42
2025-04-25,0.0027065726462751627,0.0,0.0,0.0027065726462751627,0.8963661687108958,2.0,oursmain,core6,10,42
2025-04-28,0.0013765653711743653,1.0,0.0002,0.0011765653711743652,0.8974208021048933,2.0,oursmain,core6,10,42
2025-04-29,0.001200521714054048,0.0,0.0,0.001200521714054048,0.898498175264464,2.0,oursmain,core6,10,42
2025-04-30,0.006607457296922803,0.0,0.0,0.006607457296922803,0.904434963588887,2.0,oursmain,core6,10,42
2025-05-01,-0.004786300880368799,0.0,0.0,-0.004786300880368799,0.9001060657264252,2.0,oursmain,core6,10,42
2025-05-02,-0.0038825158790132264,0.0,0.0,-0.0038825158790132264,0.8966113896334462,2.0,oursmain,core6,10,42
2025-05-05,-0.003898332128301263,0.0,0.0,-0.003898332128301263,0.8931161006466373,2.0,oursmain,core6,10,42
2025-05-06,0.00358964700717479,0.0,0.0,0.00358964700717479,0.8963220721843831,2.0,oursmain,core6,10,42
2025-05-07,0.003053931752219796,0.0,0.0,0.003053931752219796,0.8990593786208424,2.0,oursmain,core6,10,42
2025-05-08,-0.002537361880968092,0.0,0.0,-0.002537361880968092,0.896778139624803,2.0,oursmain,core6,10,42
2025-05-09,0.002032209187746048,0.5,0.0001,0.001932209187746048,0.8985109025855559,2.0,oursmain,core6,10,42
2025-05-12,-0.00437250139657408,0.5,0.0001,-0.00447250139657408,0.8944923113189049,2.0,oursmain,core6,10,42
2025-05-13,-0.006047312635928392,0.5,0.0001,-0.006147312635928393,0.8889935874307935,2.0,oursmain,core6,10,42
2025-05-14,-0.0015252487501129508,0.0,0.0,-0.0015252487501129508,0.8876376510727062,2.0,oursmain,core6,10,42
2025-05-15,-0.0015310420385503676,0.5,0.0001,-0.0016310420385503676,0.8861898767488066,2.0,oursmain,core6,10,42
2025-05-16,-0.0012667836708715186,0.5,0.0001,-0.0013667836708715186,0.8849786468959746,2.0,oursmain,core6,10,42
2025-05-19,-0.001537867123261094,0.0,0.0,-0.001537867123261094,0.8836176673301251,2.0,oursmain,core6,10,42
2025-05-20,-0.0013627015869133174,0.0,0.0,-0.0013627015869133174,0.8824135601326297,2.0,oursmain,core6,10,42
2025-05-21,-0.0013168585355742835,0.5,0.0001,-0.0014168585355742835,0.8811633049480493,2.0,oursmain,core6,10,42
2025-05-22,0.0016363868489861488,0.0,0.0,0.0016363868489861488,0.8826052289920755,2.0,oursmain,core6,10,42
2025-05-23,-0.0013800915039610118,0.0,0.0,-0.0013800915039610118,0.881387153014192,2.0,oursmain,core6,10,42
2025-05-26,0.001699135871604085,0.0,0.0,0.001699135871604085,0.8828847495426494,2.0,oursmain,core6,10,42
2025-05-27,0.006783800316043198,0.0,0.0,0.006783800316043198,0.8888740633856266,2.0,oursmain,core6,10,42
2025-05-28,-0.004988683736883104,0.5,0.0001,-0.005088683736883104,0.884350864395139,2.0,oursmain,core6,10,42
2025-05-29,0.0,0.0,0.0,0.0,0.884350864395139,2.0,oursmain,core6,10,42
2025-05-30,0.002095761679811403,1.0,0.0002,0.001895761679811403,0.8860273828753674,2.0,oursmain,core6,10,42
2025-06-02,-0.0026788425748236477,0.0,0.0,-0.0026788425748236477,0.8836538549996613,2.0,oursmain,core6,10,42
2025-06-03,0.003440291155129671,0.0,0.0,0.003440291155129671,0.8866938815412129,2.0,oursmain,core6,10,42
2025-06-04,-0.0038469458231702447,0.5,0.0001,-0.003946945823170245,0.8831941488290331,2.0,oursmain,core6,10,42
2025-06-05,-0.0027146596112288535,0.5,0.0001,-0.0028146596112288533,0.8807082579294504,2.0,oursmain,core6,10,42
2025-06-06,0.0022440008469857275,0.0,0.0,0.0022440008469857275,0.8826845680061914,2.0,oursmain,core6,10,42
2025-06-09,-0.0027894392842426896,0.0,0.0,-0.0027894392842426896,0.8802223729966002,2.0,oursmain,core6,10,42
2025-06-10,-0.0011942847340833396,0.5,0.0001,-0.0012942847340833396,0.8790831146166321,2.0,oursmain,core6,10,42
2025-06-11,0.0015198660548776388,0.5,0.0001,0.0014198660548776388,0.8803312948904924,2.0,oursmain,core6,10,42
2025-06-12,-0.0031622627284377813,0.0,0.0,-0.0031622627284377813,0.8775474560479829,2.0,oursmain,core6,10,42
2025-06-13,0.0018371711921645328,0.5,0.0001,0.0017371711921645328,0.8790719062083867,2.0,oursmain,core6,10,42
2025-06-16,-0.002367122797295451,0.5,0.0001,-0.002467122797295451,0.8769031278681181,2.0,oursmain,core6,10,42
2025-06-17,0.0007870216359151527,0.5,0.0001,0.0006870216359151527,0.8775055792895652,2.0,oursmain,core6,10,42
2025-06-18,-0.00022038598581275437,0.5,0.0001,-0.00032038598581275436,0.8772244387994883,2.0,oursmain,core6,10,42
2025-06-19,-0.0036156398127786815,0.5,0.0001,-0.0037156398127786813,0.8739649887499426,2.0,oursmain,core6,10,42
2025-06-20,-0.002354342956095934,0.0,0.0,-0.002354342956095934,0.8719073754348047,2.0,oursmain,core6,10,42
2025-06-23,0.004058050049934536,0.5,0.0001,0.003958050049934536,0.8753584284656827,2.0,oursmain,core6,10,42
2025-06-24,-0.0009495677804807201,0.5,0.0001,-0.0010495677804807201,0.8744396804627929,2.0,oursmain,core6,10,42
2025-06-25,0.003344677563291043,0.5,0.0001,0.003244677563291043,0.8772769552744418,2.0,oursmain,core6,10,42
2025-06-26,-0.004071458941325545,0.0,0.0,-0.004071458941325545,0.8737051581708708,2.0,oursmain,core6,10,42
2025-06-27,-0.0006296061910688877,0.0,0.0,-0.0006296061910688877,0.8731550679941176,2.0,oursmain,core6,10,42
2025-06-30,-0.0007508934868383221,0.0,0.0,-0.0007508934868383221,0.8724994215405609,2.0,oursmain,core6,10,42
2025-07-01,0.00022791999799665064,0.0,0.0,0.00022791999799665064,0.8726982816069705,2.0,oursmain,core6,10,42
2025-07-02,-0.0007711295911576599,0.0,0.0,-0.0007711295911576599,0.8720253181378709,2.0,oursmain,core6,10,42
2025-07-03,-0.0009108673912123777,0.5,0.0001,-0.0010108673912123777,0.8711438161794537,2.0,oursmain,core6,10,42
2025-07-04,-0.004090529400855303,0.5,0.0001,-0.004190529400855303,0.8674932624053804,2.0,oursmain,core6,10,42
2025-07-07,-0.002784293712466024,0.0,0.0,-0.002784293712466024,0.8650779063692584,2.0,oursmain,core6,10,42
2025-07-08,-0.00019728735787793994,0.0,0.0,-0.00019728735787793994,0.8649072374347523,2.0,oursmain,core6,10,42
2025-07-09,-0.0002502425340935588,0.5,0.0001,-0.0003502425340935588,0.8646043101321573,2.0,oursmain,core6,10,42
2025-07-10,-0.004649176778912079,0.5,0.0001,-0.004749176778912079,0.8604981514195303,2.0,oursmain,core6,10,42
2025-07-11,0.00037273287307471037,0.0,0.0,0.00037273287307471037,0.8608188873677844,2.0,oursmain,core6,10,42
2025-07-14,-0.001283485908061266,0.0,0.0,-0.001283485908061266,0.8597140384564549,2.0,oursmain,core6,10,42
2025-07-15,0.0014176187250996009,0.5,0.0001,0.0013176187250996008,0.8608468137717561,2.0,oursmain,core6,10,42
2025-07-16,0.003994084428995848,0.0,0.0,0.003994084428995848,0.8642851086263925,2.0,oursmain,core6,10,42
2025-07-17,-0.0029674275720026344,1.0,0.0002,-0.0031674275720026345,0.861547548143258,2.0,oursmain,core6,10,42
2025-07-18,0.004124047321965918,0.0,0.0,0.004124047321965918,0.8651006110019245,2.0,oursmain,core6,10,42
2025-07-21,-0.0014388066483661532,0.5,0.0001,-0.0015388066483661533,0.8637693884302091,2.0,oursmain,core6,10,42
2025-07-22,0.0009448228083783761,0.0,0.0,0.0009448228083783761,0.864585497449577,2.0,oursmain,core6,10,42
2025-07-23,-0.0019350491929799318,0.5,0.0001,-0.0020350491929799317,0.8628260234307301,2.0,oursmain,core6,10,42
2025-07-24,0.0036232216716598487,0.0,0.0,0.0036232216716598487,0.8659522333776964,2.0,oursmain,core6,10,42
2025-07-25,-0.005098417866975069,1.0,0.0002,-0.005298417866975069,0.8613640565924211,2.0,oursmain,core6,10,42
2025-07-28,-1.9100960344076157e-05,0.5,0.0001,-0.00011910096034407616,0.8612614673060751,2.0,oursmain,core6,10,42
2025-07-29,-0.003816250478848815,0.5,0.0001,-0.003916250478848815,0.8578885516723237,2.0,oursmain,core6,10,42
2025-07-30,0.006191497930558398,0.5,0.0001,0.006091497930558398,0.8631143780094854,2.0,oursmain,core6,10,42
2025-07-31,-0.0011564104352146387,0.5,0.0001,-0.0012564104352146388,0.8620299520981706,2.0,oursmain,core6,10,42
2025-08-01,-0.00374885286873905,1.0,0.0002,-0.0039488528687390495,0.8586259226488887,2.0,oursmain,core6,10,42
2025-08-04,-0.0021880971908103675,1.0,0.0002,-0.0023880971908103676,0.856575440495054,2.0,oursmain,core6,10,42
2025-08-05,-0.002974686794914305,0.0,0.0,-0.002974686794914305,0.8540273968433654,2.0,oursmain,core6,10,42
2025-08-06,0.0038810670957900584,0.5,0.0001,0.0037810670957900585,0.8572565317324731,2.0,oursmain,core6,10,42
2025-08-07,0.0035942448885180056,1.5,0.00030000000000000003,0.0032942448885180057,0.8600805446802815,2.0,oursmain,core6,10,42
2025-08-08,0.0019521997310221195,0.0,0.0,0.0019521997310221195,0.8617595936882637,2.0,oursmain,core6,10,42
2025-08-11,-0.004332081371103413,0.0,0.0,-0.004332081371103413,0.8580263810060771,2.0,oursmain,core6,10,42
2025-08-12,0.0008205423364415765,0.5,0.0001,0.0007205423364415764,0.8586446253393757,2.0,oursmain,core6,10,42
2025-08-13,-0.0018616700544953346,0.0,0.0,-0.0018616700544953346,0.857046112352928,2.0,oursmain,core6,10,42
2025-08-14,0.00043499801540747285,0.0,0.0,0.00043499801540747285,0.8574189257109143,2.0,oursmain,core6,10,42
2025-08-15,0.0003964581119362265,0.5,0.0001,0.0002964581119362265,0.857673114506769,2.0,oursmain,core6,10,42
2025-08-18,-0.003681443879031576,0.5,0.0001,-0.003781443879031576,0.8544298717577075,2.0,oursmain,core6,10,42
2025-08-19,-0.0014933435304556042,0.5,0.0001,-0.0015933435304556042,0.8530684714493143,2.0,oursmain,core6,10,42
2025-08-20,-0.0001333579421043396,0.0,0.0,-0.0001333579421043396,0.8529547079934877,2.0,oursmain,core6,10,42
2025-08-21,-0.001002846984192729,0.5,0.0001,-0.001102846984192729,0.8520140294661241,2.0,oursmain,core6,10,42
2025-08-22,0.002885431284084916,0.0,0.0,0.002885431284084916,0.8544724574012249,2.0,oursmain,core6,10,42
2025-08-25,-0.000901923282071948,0.5,0.0001,-0.001001923282071948,0.8536163415522654,2.0,oursmain,core6,10,42
2025-08-26,0.00027761812089011073,0.0,0.0,0.00027761812089011073,0.8538533209169682,2.0,oursmain,core6,10,42
2025-08-27,0.000682041747495532,0.5,0.0001,0.000582041747495532,0.8543502991959796,2.0,oursmain,core6,10,42
2025-08-28,0.002015215955907479,0.0,0.0,0.002015215955907479,0.8560719995508537,2.0,oursmain,core6,10,42
2025-08-29,-0.001401599914970575,0.0,0.0,-0.001401599914970575,0.8548721291090745,2.0,oursmain,core6,10,42
2025-09-01,0.0048052744241431355,0.0,0.0,0.0048052744241431355,0.8589800242869952,2.0,oursmain,core6,10,42
2025-09-02,-0.0006735228816978633,0.0,0.0,-0.0006735228816978633,0.8584014815857165,2.0,oursmain,core6,10,42
2025-09-03,-0.002570682467194274,0.5,0.0001,-0.002670682467194274,0.8561089637990319,2.0,oursmain,core6,10,42
2025-09-04,-0.005005053419154137,0.5,0.0001,-0.005105053419154138,0.8517384818062211,2.0,oursmain,core6,10,42
2025-09-05,-0.0027486301260069013,0.0,0.0,-0.0027486301260069013,0.8493973677556492,2.0,oursmain,core6,10,42
2025-09-08,-0.0002953193543362431,0.5,0.0001,-0.0003953193543362431,0.8490615845366531,2.0,oursmain,core6,10,42
2025-09-09,-0.002523446506529581,0.0,0.0,-0.002523446506529581,0.8469190230473257,2.0,oursmain,core6,10,42
2025-09-10,-0.0018328934675082564,0.5,0.0001,-0.0019328934675082565,0.8452820188001691,2.0,oursmain,core6,10,42
2025-09-11,-0.00034669970045797527,0.0,0.0,-0.00034669970045797527,0.8449889597774486,2.0,oursmain,core6,10,42
2025-09-12,-0.001518531295005232,0.0,0.0,-0.001518531295005232,0.8437058175980926,2.0,oursmain,core6,10,42
2025-09-15,-0.00042428559390828013,0.5,0.0001,-0.0005242855939082802,0.8432634747924294,2.0,oursmain,core6,10,42
2025-09-16,-0.00010924279922619462,0.0,0.0,-0.00010924279922619462,0.8431713543299578,2.0,oursmain,core6,10,42
2025-09-17,0.0012588209356181324,0.0,0.0,0.0012588209356181324,0.8442327560831019,2.0,oursmain,core6,10,42
2025-09-18,0.0033665444934740663,0.0,0.0,0.0033665444934740663,0.8470749032193039,2.0,oursmain,core6,10,42
2025-09-19,-0.005444952170364559,0.5,0.0001,-0.005544952170364559,0.8423779133962367,2.0,oursmain,core6,10,42
2025-09-22,-0.0013069470005575567,0.0,0.0,-0.0013069470005575567,0.8412769701089875,2.0,oursmain,core6,10,42
2025-09-23,-0.0008925022557377815,0.0,0.0,-0.0008925022557377815,0.8405261285154649,2.0,oursmain,core6,10,42
2025-09-24,0.0015393968205899,0.0,0.0,0.0015393968205899,0.8418200317653244,2.0,oursmain,core6,10,42
2025-09-25,-0.0019240183901274577,0.0,0.0,-0.0019240183901274577,0.8402003545430302,2.0,oursmain,core6,10,42
2025-09-26,0.0023420774086844176,0.0,0.0,0.0023420774086844176,0.842168168812174,2.0,oursmain,core6,10,42
2025-09-29,0.0009387109021190554,0.0,0.0,0.0009387109021190554,0.8429587212536557,2.0,oursmain,core6,10,42
2025-09-30,0.0030451981219812296,0.0,0.0,0.0030451981219812296,0.845525697568525,2.0,oursmain,core6,10,42
2025-10-01,-0.0005445468341349624,0.0,0.0,-0.0005445468341349624,0.8450652692267343,2.0,oursmain,core6,10,42
2025-10-02,-0.007777459861245006,0.0,0.0,-0.007777459861245006,0.8384928080151912,2.0,oursmain,core6,10,42
2025-10-03,-0.00027986647182842717,0.5,0.0001,-0.00037986647182842716,0.838174292710557,2.0,oursmain,core6,10,42
2025-10-06,0.0019502047071000561,0.0,0.0,0.0019502047071000561,0.8398089041615714,2.0,oursmain,core6,10,42
2025-10-07,0.00234667331824312,0.0,0.0,0.00234667331824312,0.8417796613093903,2.0,oursmain,core6,10,42
2025-10-08,-0.00017785420641303062,0.5,0.0001,-0.0002778542064130306,0.8415457692896225,2.0,oursmain,core6,10,42
2025-10-09,-0.0009666763944551349,1.0,0.0002,-0.001166676394455135,0.8405639577057388,2.0,oursmain,core6,10,42
2025-10-10,-7.519335485994816e-05,1.0,0.0002,-0.00027519335485994814,0.8403326400902434,2.0,oursmain,core6,10,42
2025-10-13,0.0011502726265462115,0.0,0.0,0.0011502726265462115,0.8412992517233325,2.0,oursmain,core6,10,42
2025-10-14,0.0025458187228650786,0.0,0.0,0.0025458187228650786,0.8434410471099022,2.0,oursmain,core6,10,42
2025-10-15,0.004108830122277141,0.5,0.0001,0.00400883012227714,0.8468222589859213,2.0,oursmain,core6,10,42
2025-10-16,0.0001390512625221163,0.0,0.0,0.0001390512625221163,0.8469400106901651,2.0,oursmain,core6,10,42
2025-10-17,-0.0026106541918125004,0.0,0.0,-0.0026106541918125004,0.8447289432010431,2.0,oursmain,core6,10,42
2025-10-20,0.0004796923603862524,0.0,0.0,0.0004796923603862524,0.8451341532216938,2.0,oursmain,core6,10,42
2025-10-21,0.001432778182788752,0.5,0.0001,0.001332778182788752,0.8462605295826373,2.0,oursmain,core6,10,42
2025-10-22,0.004751665401272476,0.5,0.0001,0.0046516654012724755,0.8501970504085594,2.0,oursmain,core6,10,42
2025-10-23,-7.882708450779319e-05,0.5,0.0001,-0.00017882708450779318,0.8500450121487777,2.0,oursmain,core6,10,42
2025-10-24,0.0019208101439289749,0.5,0.0001,0.0018208101439289748,0.8515927827296944,2.0,oursmain,core6,10,42
2025-10-27,-0.0033762896491680294,0.0,0.0,-0.0033762896491680294,0.8487175588320579,2.0,oursmain,core6,10,42
2025-10-28,0.0045497731771320105,0.0,0.0,0.0045497731771320105,0.8525790312161929,2.0,oursmain,core6,10,42
2025-10-29,-0.0008220034651458263,0.5,0.0001,-0.0009220034651458264,0.851792950395101,2.0,oursmain,core6,10,42
2025-10-30,-0.0006869705393910408,0.0,0.0,-0.0006869705393910408,0.8512077937325185,2.0,oursmain,core6,10,42
2025-10-31,0.0020910376915708184,0.0,0.0,0.0020910376915708184,0.8529877013125721,2.0,oursmain,core6,10,42
2025-11-03,-0.007768593612127006,0.0,0.0,-0.007768593612127006,0.8463611865049323,2.0,oursmain,core6,10,42
2025-11-04,0.002442388125928119,0.5,0.0001,0.002342388125928119,0.8483436928984479,2.0,oursmain,core6,10,42
2025-11-05,0.002761934680165723,0.5,0.0001,0.002661934680165723,0.8506019283952742,2.0,oursmain,core6,10,42
2025-11-06,0.004695652671216521,0.0,0.0,0.004695652671216521,0.8545960596124853,2.0,oursmain,core6,10,42
2025-11-07,-0.0006674815085716546,0.0,0.0,-0.0006674815085716546,0.8540256325453958,2.0,oursmain,core6,10,42
2025-11-10,-0.0006478892464656383,0.0,0.0,-0.0006478892464656383,0.8534723185218636,2.0,oursmain,core6,10,42
2025-11-11,-0.00010913028381764889,0.0,0.0,-0.00010913028381764889,0.8533791788455127,2.0,oursmain,core6,10,42
2025-11-12,-0.0011829134600702673,0.0,0.0,-0.0011829134600702673,0.8523697051283127,2.0,oursmain,core6,10,42
2025-11-13,0.001069447840563953,0.0,0.0,0.001069447840563953,0.8532812700688243,2.0,oursmain,core6,10,42
2025-11-14,0.003444050526013598,0.0,0.0,0.003444050526013598,0.8562200138758423,2.0,oursmain,core6,10,42
2025-11-17,-0.0010797595023177564,0.5,0.0001,-0.0011797595023177565,0.8552098801783977,2.0,oursmain,core6,10,42
2025-11-18,0.00095164286904037,0.0,0.0,0.00095164286904037,0.8560237345624023,2.0,oursmain,core6,10,42
2025-11-19,0.0009794638499442954,0.5,0.0001,0.0008794638499442953,0.8567765764916443,2.0,oursmain,core6,10,42
2025-11-20,-0.003095912004937418,0.5,0.0001,-0.0031959120049374176,0.8540383939452855,2.0,oursmain,core6,10,42
2025-11-21,-0.00021435542657854967,0.0,0.0,-0.00021435542657854967,0.8538553261810369,2.0,oursmain,core6,10,42
2025-11-24,-0.0010759701544884592,0.5,0.0001,-0.0011759701544884593,0.852851217801197,2.0,oursmain,core6,10,42
2025-11-25,-0.001453577890060842,0.0,0.0,-0.001453577890060842,0.8516115321274897,2.0,oursmain,core6,10,42
2025-11-26,-0.00011068332969443873,0.0,0.0,-0.00011068332969443873,0.8515172729275077,2.0,oursmain,core6,10,42
2025-11-27,0.0007589692941110115,1.0,0.0002,0.0005589692941110116,0.8519932449364793,2.0,oursmain,core6,10,42
2025-11-28,-0.003702541143866256,0.0,0.0,-0.003702541143866256,0.8488387048928059,2.0,oursmain,core6,10,42
2025-12-01,0.0011454567284090444,1.0,0.0002,0.0009454567284090445,0.8496412451576808,2.0,oursmain,core6,10,42
2025-12-02,-0.001397608662955463,0.5,0.0001,-0.001497608662955463,0.8483688150685283,2.0,oursmain,core6,10,42
2025-12-03,-0.0015991617401596159,0.0,0.0,-0.0015991617401596159,0.8470121361179263,2.0,oursmain,core6,10,42
2025-12-04,0.00458409732527798,0.0,0.0,0.00458409732527798,0.8508949221855824,2.0,oursmain,core6,10,42
2025-12-05,-6.239911454031244e-05,0.0,0.0,-6.239911454031244e-05,0.8508418270958712,2.0,oursmain,core6,10,42
2025-12-08,0.0020217863930156454,0.5,0.0001,0.0019217863930156454,0.8524769633417926,2.0,oursmain,core6,10,42
2025-12-09,0.003792940464336425,0.5,0.0001,0.0036929404643364252,0.8556251100146322,2.0,oursmain,core6,10,42
2025-12-10,0.001117588864872232,0.5,0.0001,0.001017588864872232,0.8564957845990882,2.0,oursmain,core6,10,42
2025-12-11,0.0026167521718889475,0.0,0.0,0.0026167521718889475,0.8587370218036515,2.0,oursmain,core6,10,42
2025-12-12,-0.0006765282269043382,0.0,0.0,-0.0006765282269043382,0.8581560619689136,2.0,oursmain,core6,10,42
2025-12-15,-0.00021906994516029954,0.0,0.0,-0.00021906994516029954,0.8579680657674791,2.0,oursmain,core6,10,42
2025-12-16,0.0014890978345647454,0.5,0.0001,0.0013890978345647454,0.8591598673497624,2.0,oursmain,core6,10,42
2025-12-17,0.0013019793259445578,0.5,0.0001,0.0012019793259445577,0.860192559747998,2.0,oursmain,core6,10,42
2021-10-11,0.004769150982610881,1.0,0.0005,0.004269150982610881,1.004269150982611,5.0,oursmain,core6,10,42
2021-10-12,-0.0008906727307476103,0.5,0.00025,-0.0011406727307476103,1.003123608547754,5.0,oursmain,core6,10,42
2021-10-13,0.0010333011650800472,0.5,0.00025,0.0007833011650800472,1.0039093564390487,5.0,oursmain,core6,10,42
2021-10-14,0.005311471308232285,1.0,0.0005,0.004811471308232285,1.008739637503621,5.0,oursmain,core6,10,42
2021-10-15,-0.0004959720681654289,0.0,0.0,-0.0004959720681654289,1.008239330819368,5.0,oursmain,core6,10,42
2021-10-18,0.0038168403843883425,0.0,0.0,0.0038168403843883425,1.012087619414368,5.0,oursmain,core6,10,42
2021-10-19,-0.0008842049865052104,0.0,0.0,-0.0008842049865052104,1.0111927264945015,5.0,oursmain,core6,10,42
2021-10-20,-0.005870526365470141,0.5,0.00025,-0.006120526365470141,1.0050036947514203,5.0,oursmain,core6,10,42
2021-10-21,-0.0010726189939305186,0.0,0.0,-0.0010726189939305186,1.0039257086994595,5.0,oursmain,core6,10,42
2021-10-22,0.002012043376453221,0.5,0.00025,0.0017620433764532208,1.0056946693449245,5.0,oursmain,core6,10,42
2021-10-25,0.0006171427085064352,0.5,0.00025,0.00036714270850643515,1.0060639028097582,5.0,oursmain,core6,10,42
2021-10-26,-0.0017204310061060824,0.0,0.0,-0.0017204310061060824,1.0043330392772403,5.0,oursmain,core6,10,42
2021-10-27,0.0003059445880353451,0.0,0.0,0.0003059445880353451,1.0046403095351921,5.0,oursmain,core6,10,42
2021-10-28,0.0012925044866278768,0.5,0.00025,0.0010425044866278768,1.0056876515653297,5.0,oursmain,core6,10,42
2021-10-29,-0.0023881398665253073,0.0,0.0,-0.0023881398665253073,1.0032859287913543,5.0,oursmain,core6,10,42
2021-11-01,-0.0060883741825819016,0.0,0.0,-0.0060883741825819016,0.9971775486447533,5.0,oursmain,core6,10,42
2021-11-02,-4.24577810917981e-05,0.0,0.0,-4.24577810917981e-05,0.9971352106986833,5.0,oursmain,core6,10,42
2021-11-03,-0.00510730838868767,0.0,0.0,-0.00510730838868767,0.992042533672426,5.0,oursmain,core6,10,42
2021-11-04,-0.001568438698996033,0.0,0.0,-0.001568438698996033,0.9904865757715641,5.0,oursmain,core6,10,42
2021-11-05,0.0015038201527204365,0.0,0.0,0.0015038201527204365,0.9919760894452084,5.0,oursmain,core6,10,42
2021-11-08,-0.006732033740263432,0.0,0.0,-0.006732033740263432,0.9852980729415287,5.0,oursmain,core6,10,42
2021-11-09,0.005634542612824589,0.0,0.0,0.005634542612824589,0.9908497769198517,5.0,oursmain,core6,10,42
2021-11-10,-0.001619052025489509,0.0,0.0,-0.001619052025489509,0.9892455395815737,5.0,oursmain,core6,10,42
2021-11-11,-0.0012009735037281644,0.0,0.0,-0.0012009735037281644,0.988057481899855,5.0,oursmain,core6,10,42
2021-11-12,0.0009169328259304166,0.5,0.00025,0.0006669328259304166,0.9887164498684401,5.0,oursmain,core6,10,42
2021-11-15,0.00043746246956288815,0.5,0.00025,0.00018746246956288814,0.9889017970958298,5.0,oursmain,core6,10,42
2021-11-16,-0.0083502343040891,0.0,0.0,-0.0083502343040891,0.9806442353863448,5.0,oursmain,core6,10,42
2021-11-17,-0.00107851333450526,0.0,0.0,-0.00107851333450526,0.9795865975020749,5.0,oursmain,core6,10,42
2021-11-18,-0.0015102120232768357,0.0,0.0,-0.0015102120232768357,0.9781072140446864,5.0,oursmain,core6,10,42
2021-11-19,0.0010562159586697817,0.0,0.0,0.0010562159586697817,0.9791403064934504,5.0,oursmain,core6,10,42
2021-11-22,0.0025187433493556455,1.0,0.0005,0.0020187433493556455,0.9811169394752701,5.0,oursmain,core6,10,42
2021-11-23,0.0006070647941669449,0.0,0.0,0.0006070647941669449,0.9817125410281864,5.0,oursmain,core6,10,42
2021-11-24,0.0028031933834427036,0.5,0.00025,0.0025531933834427034,0.9842190429923822,5.0,oursmain,core6,10,42
2021-11-25,-0.0034059167373925447,0.0,0.0,-0.0034059167373925447,0.980866874880594,5.0,oursmain,core6,10,42
2021-11-26,-0.0007040097552817315,0.0,0.0,-0.0007040097552817315,0.9801763350320454,5.0,oursmain,core6,10,42
2021-11-29,-0.00030986929778009653,0.0,0.0,-0.00030986929778009653,0.9798726084794084,5.0,oursmain,core6,10,42
2021-11-30,-0.0020818093325942755,0.5,0.00025,-0.0023318093325942757,0.9775877323862027,5.0,oursmain,core6,10,42
2021-12-01,0.0015225243987515569,0.5,0.00025,0.0012725243987515569,0.9788317366275843,5.0,oursmain,core6,10,42
2021-12-02,0.0030481612411676906,0.5,0.00025,0.0027981612411676904,0.9815706656546404,5.0,oursmain,core6,10,42
2021-12-03,-0.007184161047916859,0.5,0.00025,-0.00743416104791686,0.9742735112462528,5.0,oursmain,core6,10,42
2021-12-06,-0.0011278126621618867,1.0,0.0005,-0.0016278126621618867,0.9726875764882373,5.0,oursmain,core6,10,42
2021-12-07,-0.007055077294353396,0.5,0.00025,-0.007305077294353396,0.9655820185587335,5.0,oursmain,core6,10,42
2021-12-08,-0.0006708833971060812,0.5,0.00025,-0.0009208833971060813,0.9646928301092986,5.0,oursmain,core6,10,42
2021-12-09,-0.0004417998861754313,0.0,0.0,-0.0004417998861754313,0.9642666289267621,5.0,oursmain,core6,10,42
2021-12-10,-0.004038010345539078,0.0,0.0,-0.004038010345539078,0.9603729103032977,5.0,oursmain,core6,10,42
2021-12-13,-6.787513848394156e-05,0.0,0.0,-6.787513848394156e-05,0.9603077248590147,5.0,oursmain,core6,10,42
2021-12-14,0.004384408894111402,0.0,0.0,0.004384408894111402,0.9645181065889705,5.0,oursmain,core6,10,42
2021-12-15,-0.0006172808352857828,0.0,0.0,-0.0006172808352857828,0.963922728046487,5.0,oursmain,core6,10,42
2021-12-16,-0.006400561600457877,0.0,0.0,-0.006400561600457877,0.9577530812475441,5.0,oursmain,core6,10,42
2021-12-17,-0.0024036116083152592,0.0,0.0,-0.0024036116083152592,0.9554510148235578,5.0,oursmain,core6,10,42
2021-12-20,0.004917846876196563,0.0,0.0,0.004917846876196563,0.9601497766121666,5.0,oursmain,core6,10,42
2021-12-21,0.004494120832532644,0.0,0.0,0.004494120832532644,0.9644648057255909,5.0,oursmain,core6,10,42
2021-12-22,0.004121014149859548,0.0,0.0,0.004121014149859548,0.9684393788370276,5.0,oursmain,core6,10,42
2021-12-23,-0.00024671509163454175,0.5,0.00025,-0.0004967150916345418,0.9679583403822261,5.0,oursmain,core6,10,42
2021-12-24,0.00462499272543937,0.0,0.0,0.00462499272543937,0.9724351406650222,5.0,oursmain,core6,10,42
2021-12-27,-0.00034575819154269993,0.5,0.00025,-0.0005957581915426999,0.9718558044642271,5.0,oursmain,core6,10,42
2021-12-28,0.0010665376903489232,0.0,0.0,0.0010665376903489232,0.9728923253092726,5.0,oursmain,core6,10,42
2021-12-29,0.0016797406460682396,0.5,0.00025,0.0014297406460682396,0.974283309011015,5.0,oursmain,core6,10,42
2021-12-30,0.0,0.5,0.00025,-0.00025,0.9740397381837623,5.0,oursmain,core6,10,42
2021-12-31,-5.1968556363135576e-05,0.5,0.00025,-0.0003019685563631356,0.9737456088101827,5.0,oursmain,core6,10,42
2022-01-03,-0.0021432116045616567,0.0,0.0,-0.0021432116045616567,0.9716586659214898,5.0,oursmain,core6,10,42
2022-01-04,-0.0022396840358851478,0.5,0.00025,-0.002489684035885148,0.9692395428526156,5.0,oursmain,core6,10,42
2022-01-05,-0.0022494173026643693,0.5,0.00025,-0.0024994173026643696,0.9668170087687833,5.0,oursmain,core6,10,42
2022-01-06,-0.0012333618942648172,0.0,0.0,-0.0012333618942648172,0.9656245735114408,5.0,oursmain,core6,10,42
2022-01-07,0.005328170402208343,0.0,0.0,0.005328170402208343,0.9707695857836696,5.0,oursmain,core6,10,42
2022-01-10,-0.0022260909609030932,0.0,0.0,-0.0022260909609030932,0.9686085643836368,5.0,oursmain,core6,10,42
2022-01-11,0.00018984172493219376,0.5,0.00025,-6.015827506780625e-05,0.9685502945631876,5.0,oursmain,core6,10,42
2022-01-12,0.00019245791190769523,0.5,0.00025,-5.754208809230477e-05,0.9684945621568161,5.0,oursmain,core6,10,42
2022-01-13,-0.0028615384362637997,0.5,0.00025,-0.0031115384362638,0.9654810541013527,5.0,oursmain,core6,10,42
2022-01-14,-0.0025337173719890416,0.0,0.0,-0.0025337173719890416,0.9630347979822498,5.0,oursmain,core6,10,42
2022-01-17,-0.0031133011798374355,0.5,0.00025,-0.0033633011798374357,0.9597958219099716,5.0,oursmain,core6,10,42
2022-01-18,0.0015337806835304946,0.5,0.00025,0.0012837806835304946,0.9610279892462729,5.0,oursmain,core6,10,42
2022-01-19,0.004344046057667583,0.0,0.0,0.004344046057667583,0.9652027390942663,5.0,oursmain,core6,10,42
2022-01-20,-0.009691971237771213,0.0,0.0,-0.009691971237771213,0.9558480219083467,5.0,oursmain,core6,10,42
2022-01-21,-0.0077556350152008235,0.0,0.0,-0.0077556350152008235,0.9484348135204239,5.0,oursmain,core6,10,42
2022-01-24,0.004794074746314436,0.5,0.00025,0.004544074746314436,0.9527445722050675,5.0,oursmain,core6,10,42
2022-01-25,0.007511188974604011,0.0,0.0,0.007511188974604011,0.959900816731428,5.0,oursmain,core6,10,42
2022-01-26,-0.0051490613259375095,0.0,0.0,-0.0051490613259375095,0.9549582285592604,5.0,oursmain,core6,10,42
2022-01-27,-0.0029639195854542777,0.0,0.0,-0.0029639195854542777,0.9521278091623429,5.0,oursmain,core6,10,42
2022-01-28,0.0034659432130865753,0.0,0.0,0.0034659432130865753,0.9554278300805,5.0,oursmain,core6,10,42
2022-01-31,0.0012146602384746075,0.0,0.0,0.0012146602384746075,0.9565883502764309,5.0,oursmain,core6,10,42
2022-02-01,-0.00010452698916196823,0.0,0.0,-0.00010452698916196823,0.9564883609763091,5.0,oursmain,core6,10,42
2022-02-02,0.005764508212450892,0.0,0.0,0.005764508212450892,0.9620020459882707,5.0,oursmain,core6,10,42
2022-02-03,-0.0012880609137937427,0.5,0.00025,-0.0015380609137937427,0.9605224282423466,5.0,oursmain,core6,10,42
2022-02-04,0.0014783933875150979,0.0,0.0,0.0014783933875150979,0.96194245824882,5.0,oursmain,core6,10,42
2022-02-07,0.0018762496474664658,0.0,0.0,0.0018762496474664658,0.9637473024469924,5.0,oursmain,core6,10,42
2022-02-08,0.000511727383127436,0.0,0.0,0.000511727383127436,0.9642404783320697,5.0,oursmain,core6,10,42
2022-02-09,0.0011777767213061452,0.0,0.0,0.0011777767213061452,0.9653761383211903,5.0,oursmain,core6,10,42
2022-02-10,-0.0015098380390554667,0.0,0.0,-0.0015098380390554667,0.9639185767055565,5.0,oursmain,core6,10,42
2022-02-11,0.000921074410143774,0.5,0.00025,0.000671074410143774,0.9645654377958457,5.0,oursmain,core6,10,42
2022-02-14,-0.0012267125712241977,0.0,0.0,-0.0012267125712241977,0.9633821932475332,5.0,oursmain,core6,10,42
2022-02-15,-0.00016437546582892537,0.0,0.0,-0.00016437546582892537,0.9632238368507468,5.0,oursmain,core6,10,42
2022-02-16,0.00017480424139648676,0.0,0.0,0.00017480424139648676,0.9633922124628425,5.0,oursmain,core6,10,42
2022-02-17,-0.000617657438851893,0.5,0.00025,-0.000867657438851893,0.9625563180431671,5.0,oursmain,core6,10,42
2022-02-18,-0.0024685659573151497,0.0,0.0,-0.0024685659573151497,0.9601801842844472,5.0,oursmain,core6,10,42
2022-02-21,0.005500029714312404,0.0,0.0,0.005500029714312404,0.9654612038291056,5.0,oursmain,core6,10,42
2022-02-22,0.0013991690939292312,0.0,0.0,0.0013991690939292312,0.966812047306891,5.0,oursmain,core6,10,42
2022-02-23,-0.00106926285661757,0.0,0.0,-0.00106926285661757,0.9657782710953753,5.0,oursmain,core6,10,42
2022-02-24,0.008886368246749043,0.0,0.0,0.008886368246749043,0.9743605324570375,5.0,oursmain,core6,10,42
2022-02-25,-0.0006720765959471464,0.5,0.00025,-0.0009220765959471464,0.9734620974140442,5.0,oursmain,core6,10,42
2022-02-28,-0.0036292889271862805,0.0,0.0,-0.0036292889271862805,0.9699291222028639,5.0,oursmain,core6,10,42
2022-03-01,0.009434643317945302,0.0,0.0,0.009434643317945302,0.9790800575145356,5.0,oursmain,core6,10,42
2022-03-02,-0.0003150708507746458,0.0,0.0,-0.0003150708507746458,0.9787715779278381,5.0,oursmain,core6,10,42
2022-03-03,0.0004322939785197377,0.0,0.0,0.0004322939785197377,0.9791946949873226,5.0,oursmain,core6,10,42
2022-03-04,-0.0015109789092093706,0.0,0.0,-0.0015109789092093706,0.977715152455187,5.0,oursmain,core6,10,42
2022-03-07,-0.003729854361154139,0.0,0.0,-0.003729854361154139,0.9740684173298356,5.0,oursmain,core6,10,42
2022-03-08,0.006858790293335915,0.0,0.0,0.006858790293335915,0.9807493483356626,5.0,oursmain,core6,10,42
2022-03-09,0.006975502939894795,0.0,0.0,0.006975502939894795,0.987590568298278,5.0,oursmain,core6,10,42
2022-03-10,0.005858985299710184,0.0,0.0,0.005858985299710184,0.99337684692007,5.0,oursmain,core6,10,42
2022-03-11,-0.004049714538268745,0.0,0.0,-0.004049714538268745,0.9893539542611183,5.0,oursmain,core6,10,42
2022-03-14,-0.00018398952670395374,0.5,0.00025,-0.00043398952670395375,0.9889245850067658,5.0,oursmain,core6,10,42
2022-03-15,0.0038288758078124374,0.0,0.0,0.0038288758078124374,0.9927110544260492,5.0,oursmain,core6,10,42
2022-03-16,0.007855313713662326,0.0,0.0,0.007855313713662326,1.0005091111855864,5.0,oursmain,core6,10,42
2022-03-17,0.00029910748344263993,0.0,0.0,0.00029910748344263993,1.0008083709479945,5.0,oursmain,core6,10,42
2022-03-18,0.002079364930978045,0.0,0.0,0.002079364930978045,1.002889416777173,5.0,oursmain,core6,10,42
2022-03-21,-0.002480298455338925,0.0,0.0,-0.002480298455338925,1.0004019517058647,5.0,oursmain,core6,10,42
2022-03-22,0.005796011188067496,0.0,0.0,0.005796011188067496,1.0062002926105165,5.0,oursmain,core6,10,42
2022-03-23,0.002254460923722945,0.5,0.00025,0.002004460923722945,1.0082171817784928,5.0,oursmain,core6,10,42
2022-03-24,0.002041596715571359,0.5,0.00025,0.0017915967155713588,1.0100235003699498,5.0,oursmain,core6,10,42
2022-03-25,-0.0046313320635817945,0.0,0.0,-0.0046313320635817945,1.0053457461477153,5.0,oursmain,core6,10,42
2022-03-28,-0.001969812816241756,0.5,0.00025,-0.0022198128162417563,1.0031140667756626,5.0,oursmain,core6,10,42
2022-03-29,0.00024974229745566845,0.5,0.00025,-2.577025443315558e-07,1.0031138082706155,5.0,oursmain,core6,10,42
2022-03-30,0.002467251440975815,0.5,0.00025,0.002217251440975815,1.0053379638074662,5.0,oursmain,core6,10,42
2022-03-31,-0.0001668815966695547,1.0,0.0005,-0.0006668815966695547,1.0046675224209698,5.0,oursmain,core6,10,42
2022-04-01,0.005428976379334927,0.0,0.0,0.005428976379334927,1.010121838669278,5.0,oursmain,core6,10,42
2022-04-04,0.0036562028326443397,0.0,0.0,0.0036562028326443397,1.0138150489971367,5.0,oursmain,core6,10,42
2022-04-05,-0.004640426661353558,0.5,0.00025,-0.0048904266613535585,1.0088570608518397,5.0,oursmain,core6,10,42
2022-04-06,-0.0025334054371342063,0.5,0.00025,-0.0027834054371342065,1.0060490026233735,5.0,oursmain,core6,10,42
2022-04-07,0.0007232460338855162,0.5,0.00025,0.0004732460338855162,1.0065251113237594,5.0,oursmain,core6,10,42
2022-04-08,-0.002522675902582705,0.0,0.0,-0.002522675902582705,1.0039859746800786,5.0,oursmain,core6,10,42
2022-04-11,0.0036897116078762338,0.5,0.00025,0.0034397116078762335,1.0074393968913304,5.0,oursmain,core6,10,42
2022-04-12,0.0016454145224997774,0.0,0.0,0.0016454145224997774,1.0090970523055138,5.0,oursmain,core6,10,42
2022-04-13,0.004344525863416493,0.0,0.0,0.004344525863416493,1.0134811005479525,5.0,oursmain,core6,10,42
2022-04-14,0.001323102173046209,1.0,0.0005,0.0008231021730462089,1.0143152990441548,5.0,oursmain,core6,10,42
2022-04-15,0.0007750721415504813,0.0,0.0,0.0007750721415504813,1.0151014665751925,5.0,oursmain,core6,10,42
2022-04-18,0.009143860355834477,0.0,0.0,0.009143860355834477,1.0243834126325588,5.0,oursmain,core6,10,42
2022-04-19,0.002526802709326148,0.0,0.0,0.002526802709326148,1.0269718274149875,5.0,oursmain,core6,10,42
2022-04-20,-0.007011003093793988,0.0,0.0,-0.007011003093793988,1.0197717247557418,5.0,oursmain,core6,10,42
2022-04-21,-0.011462677095551044,0.0,0.0,-0.011462677095551044,1.0080824107636936,5.0,oursmain,core6,10,42
2022-04-22,-0.007070405699778348,0.0,0.0,-0.007070405699778348,1.0009548591407837,5.0,oursmain,core6,10,42
2022-04-25,-0.001469448208808899,0.0,0.0,-0.001469448208808899,0.9994840078159207,5.0,oursmain,core6,10,42
2022-04-26,0.0068081472418271005,0.0,0.0,0.0068081472418271005,1.006288642106983,5.0,oursmain,core6,10,42
2022-04-27,0.008798770402790979,0.0,0.0,0.008798770402790979,1.0151427448278187,5.0,oursmain,core6,10,42
2022-04-28,0.001692765043117106,0.0,0.0,0.001692765043117106,1.0168611429800372,5.0,oursmain,core6,10,42
2022-04-29,-0.0064632887952029705,0.0,0.0,-0.0064632887952029705,1.010288875748337,5.0,oursmain,core6,10,42
2022-05-02,0.003549506076524267,0.0,0.0,0.003549506076524267,1.0138749022518507,5.0,oursmain,core6,10,42
2022-05-03,3.152340650558472e-05,0.5,0.00025,-0.0002184765934944153,1.0136533943169772,5.0,oursmain,core6,10,42
2022-05-04,-0.00592668866738677,0.0,0.0,-0.00592668866738677,1.0076457862322206,5.0,oursmain,core6,10,42
2022-05-05,0.0005856729549122974,0.0,0.0,0.0005856729549122974,1.0082359371173482,5.0,oursmain,core6,10,42
2022-05-06,-0.013740945956669748,0.5,0.00025,-0.013990945956669748,0.9941297626095671,5.0,oursmain,core6,10,42
2022-05-09,-0.0040190014042309485,0.0,0.0,-0.0040190014042309485,0.9901343536976515,5.0,oursmain,core6,10,42
2022-05-10,0.006721575919073075,0.5,0.00025,0.006471575919073075,0.9965420833376881,5.0,oursmain,core6,10,42
2022-05-11,-0.0006973138079047203,0.0,0.0,-0.0006973138079047203,0.9958471807828186,5.0,oursmain,core6,10,42
2022-05-12,0.00784860856947489,0.0,0.0,0.00784860856947489,1.003663195499798,5.0,oursmain,core6,10,42
2022-05-13,0.0019229818426538259,0.0,0.0,0.0019229818426538259,1.005593221600884,5.0,oursmain,core6,10,42
2022-05-16,-0.002508995938114822,0.0,0.0,-0.002508995938114822,1.0030701922924916,5.0,oursmain,core6,10,42
2022-05-17,-0.013378299656324089,0.5,0.00025,-0.013628299656324089,0.9894000511356029,5.0,oursmain,core6,10,42
2022-05-18,-0.0012450265639927238,0.0,0.0,-0.0012450265639927238,0.9881682217895233,5.0,oursmain,core6,10,42
2022-05-19,0.00024280673824250698,0.0,0.0,0.00024280673824250698,0.988408155692291,5.0,oursmain,core6,10,42
2022-05-20,0.0008336504542967305,0.0,0.0,0.0008336504542967305,0.9892321426003144,5.0,oursmain,core6,10,42
2022-05-23,-0.009862993378192186,0.0,0.0,-0.009862993378192186,0.9794753525283527,5.0,oursmain,core6,10,42
2022-05-24,0.0012259736322448589,0.0,0.0,0.0012259736322448589,0.9806761634839862,5.0,oursmain,core6,10,42
2022-05-25,0.0007248809852171689,0.0,0.0,0.0007248809852171689,0.9813870369875515,5.0,oursmain,core6,10,42
2022-05-26,0.007916796952486038,0.0,0.0,0.007916796952486038,0.9891564788911839,5.0,oursmain,core6,10,42
2022-05-27,0.005593003312242217,0.5,0.00025,0.005343003312242217,0.9944415452342252,5.0,oursmain,core6,10,42
2022-05-30,0.003515292948577553,0.0,0.0,0.003515292948577553,0.9979372985859597,5.0,oursmain,core6,10,42
2022-05-31,0.0011649836087599397,0.0,0.0,0.0011649836087599397,0.9990998791813825,5.0,oursmain,core6,10,42
2022-06-01,0.0038874162710271776,0.0,0.0,0.0038874162710271776,1.0029837963080936,5.0,oursmain,core6,10,42
2022-06-02,0.0014698708546347916,0.0,0.0,0.0014698708546347916,1.0044580529579579,5.0,oursmain,core6,10,42
2022-06-03,0.007733503560302779,0.5,0.00025,0.007483503560302779,1.0119749183734434,5.0,oursmain,core6,10,42
2022-06-06,0.005059589457232505,0.0,0.0,0.005059589457232505,1.0170950960014293,5.0,oursmain,core6,10,42
2022-06-07,-0.0006343004060909152,0.0,0.0,-0.0006343004060909152,1.0164499521690025,5.0,oursmain,core6,10,42
2022-06-08,-0.00022593443281948566,0.5,0.00025,-0.00047593443281948567,1.0159661886375275,5.0,oursmain,core6,10,42
2022-06-09,-0.0032753509003669024,0.0,0.0,-0.0032753509003669024,1.0126385428668312,5.0,oursmain,core6,10,42
2022-06-10,0.0023678329307585955,0.5,0.00025,0.0021178329307585952,1.0147831421198699,5.0,oursmain,core6,10,42
2022-06-13,-0.004402345512062311,0.0,0.0,-0.004402345512062311,1.010315716108442,5.0,oursmain,core6,10,42
2022-06-14,0.00035242666490375996,1.5,0.00075,-0.00039757333509624006,1.0099140415196886,5.0,oursmain,core6,10,42
2022-06-15,-0.01995505951344967,0.0,0.0,-0.01995505951344967,0.9897611467176947,5.0,oursmain,core6,10,42
2022-06-16,0.004934901255182922,0.0,0.0,0.004934901255182922,0.9946455202429632,5.0,oursmain,core6,10,42
2022-06-17,-0.0012495386181399226,0.0,0.0,-0.0012495386181399226,0.9934026722540596,5.0,oursmain,core6,10,42
2022-06-20,0.00945991335902363,0.5,0.00025,0.00920991335902363,1.002551824796142,5.0,oursmain,core6,10,42
2022-06-21,-0.006571975944098085,0.0,0.0,-0.006571975944098085,0.9959630783208702,5.0,oursmain,core6,10,42
2022-06-22,-0.006146967352833599,0.0,0.0,-0.006146967352833599,0.9898409257938041,5.0,oursmain,core6,10,42
2022-06-23,0.005946922756265849,0.0,0.0,0.005946922756265849,0.9957274333204905,5.0,oursmain,core6,10,42
2022-06-24,0.0014836296904832125,0.0,0.0,0.0014836296904832125,0.9972047241041935,5.0,oursmain,core6,10,42
2022-06-27,0.002939990474260412,0.0,0.0,0.002939990474260412,1.0001364964939472,5.0,oursmain,core6,10,42
2022-06-28,0.0031568715639878064,0.0,0.0,0.0031568715639878064,1.0032937989598354,5.0,oursmain,core6,10,42
2022-06-29,-0.0027560208982322365,0.0,0.0,-0.0027560208982322365,1.0005287002828354,5.0,oursmain,core6,10,42
2022-06-30,-0.009600815770681947,0.0,0.0,-0.009600815770681947,0.99092280855814,5.0,oursmain,core6,10,42
2022-07-01,0.002417457933916012,0.5,0.00025,0.0021674579339160116,0.9930705920614475,5.0,oursmain,core6,10,42
2022-07-04,0.004495870089158416,0.0,0.0,0.004495870089158416,0.9975353084327194,5.0,oursmain,core6,10,42
2022-07-05,0.0043943211567238905,0.0,0.0,0.0043943211567238905,1.0019187989431444,5.0,oursmain,core6,10,42
2022-07-06,0.007131470672902651,0.5,0.00025,0.006881470672902651,1.0088134737747014,5.0,oursmain,core6,10,42
2022-07-07,0.004606827787938528,0.0,0.0,0.004606827787938528,1.0134609037185336,5.0,oursmain,core6,10,42
2022-07-08,-0.002935330383479595,0.5,0.00025,-0.0031853303834795954,1.0102326959094503,5.0,oursmain,core6,10,42
2022-07-11,0.00037264724960550666,0.5,0.00025,0.00012264724960550665,1.0103565981710652,5.0,oursmain,core6,10,42
2022-07-12,0.004885632821242325,0.0,0.0,0.004885632821242325,1.0152928295282484,5.0,oursmain,core6,10,42
2022-07-13,0.0009675083274487406,0.0,0.0,0.0009675083274487406,1.016275133795616,5.0,oursmain,core6,10,42
2022-07-14,0.0015316770877689123,0.0,0.0,0.0015316770877689123,1.01783173913292,5.0,oursmain,core6,10,42
2022-07-15,-0.00039266084786504507,0.0,0.0,-0.00039266084786504507,1.017432076459248,5.0,oursmain,core6,10,42
2022-07-18,0.00490732271282468,0.0,0.0,0.00490732271282468,1.0224249439968127,5.0,oursmain,core6,10,42
2022-07-19,0.0012325191055424511,0.0,0.0,0.0012325191055424511,1.023685102274272,5.0,oursmain,core6,10,42
2022-07-20,-0.003937812281947117,0.0,0.0,-0.003937812281947117,1.01965402250569,5.0,oursmain,core6,10,42
2022-07-21,0.0035610608756542206,0.0,0.0,0.0035610608756542206,1.0232850725519385,5.0,oursmain,core6,10,42
2022-07-22,-0.0026384107768535614,0.5,0.00025,-0.0028884107768535616,1.020329404920586,5.0,oursmain,core6,10,42
2022-07-25,0.0066424302058294415,0.5,0.00025,0.006392430205829441,1.0268517894284963,5.0,oursmain,core6,10,42
2022-07-26,-0.006161487312056124,0.5,0.00025,-0.006411487312056124,1.0202681422092135,5.0,oursmain,core6,10,42
2022-07-27,-0.0015114598209038377,0.0,0.0,-0.0015114598209038377,1.018726047905716,5.0,oursmain,core6,10,42
2022-07-28,-0.003809580928646028,0.0,0.0,-0.003809580928646028,1.0148451285820996,5.0,oursmain,core6,10,42
2022-07-29,-0.00702511565759778,0.0,0.0,-0.00702511565759778,1.0077157241792607,5.0,oursmain,core6,10,42
2022-08-01,0.004320556879974902,0.0,0.0,0.004320556879974902,1.0120696172844224,5.0,oursmain,core6,10,42
2022-08-02,0.001062969648046419,0.5,0.00025,0.000812969648046419,1.0128923991649845,5.0,oursmain,core6,10,42
2022-08-03,-0.006184696278069168,0.0,0.0,-0.006184696278069168,1.0066279673137843,5.0,oursmain,core6,10,42
2022-08-04,0.00530229858122766,0.5,0.00025,0.00505229858122766,1.0117137523648678,5.0,oursmain,core6,10,42
2022-08-05,0.0077521694474853575,0.0,0.0,0.0077521694474853575,1.0195567288055516,5.0,oursmain,core6,10,42
2022-08-08,-0.0016418673912994564,0.0,0.0,-0.0016418673912994564,1.0178827518589457,5.0,oursmain,core6,10,42
2022-08-09,0.002538996282964945,0.5,0.00025,0.0022889962829649446,1.0202126816944448,5.0,oursmain,core6,10,42
2022-08-10,0.0005478700913954526,0.0,0.0,0.0005478700913954526,1.0207716257096076,5.0,oursmain,core6,10,42
2022-08-11,0.001622807263629511,0.0,0.0,0.001622807263629511,1.022428141318316,5.0,oursmain,core6,10,42
2022-08-12,-0.0022433316335082054,0.0,0.0,-0.0022433316335082054,1.0201344959259078,5.0,oursmain,core6,10,42
2022-08-15,0.001295266905799508,0.0,0.0,0.001295266905799508,1.021455842377945,5.0,oursmain,core6,10,42
2022-08-16,-0.006414888717699796,0.5,0.00025,-0.006664888717699796,1.0146479528584518,5.0,oursmain,core6,10,42
2022-08-17,0.0059178281808272,0.0,0.0,0.0059178281808272,1.0206524651074962,5.0,oursmain,core6,10,42
2022-08-18,-0.002527480013668537,0.5,0.00025,-0.0027774800136685374,1.0178176232847587,5.0,oursmain,core6,10,42
2022-08-19,0.005943421354459133,0.0,0.0,0.005943421354459133,1.0238669422819342,5.0,oursmain,core6,10,42
2022-08-22,0.005702256844415388,0.5,0.00025,0.005452256844415387,1.0294493278257615,5.0,oursmain,core6,10,42
2022-08-23,-0.0016719190025469288,0.5,0.00025,-0.0019219190025469288,1.0274708096004541,5.0,oursmain,core6,10,42
2022-08-24,0.0031563192460453138,0.0,0.0,0.0031563192460453138,1.0307138354915457,5.0,oursmain,core6,10,42
2022-08-25,-0.0034916100557893515,0.0,0.0,-0.0034916100557893515,1.0271149846989023,5.0,oursmain,core6,10,42
2022-08-26,-0.003054465167224407,0.0,0.0,-0.003054465167224407,1.0239776977554051,5.0,oursmain,core6,10,42
2022-08-29,-0.0028949356637895107,0.0,0.0,-0.0028949356637895107,1.021013348199248,5.0,oursmain,core6,10,42
2022-08-30,-0.0006862172740511596,0.0,0.0,-0.0006862172740511596,1.0203127112026769,5.0,oursmain,core6,10,42
2022-08-31,-0.0009763507841853425,0.0,0.0,-0.0009763507841853425,1.0193165280869798,5.0,oursmain,core6,10,42
2022-09-01,0.008066676738962997,0.0,0.0,0.008066676738962997,1.0275390250137395,5.0,oursmain,core6,10,42
2022-09-02,-0.0059878111351281404,0.5,0.00025,-0.006237811135128141,1.02112943064173,5.0,oursmain,core6,10,42
2022-09-05,-0.0024482314474880695,0.0,0.0,-0.0024482314474880695,1.0186294694576774,5.0,oursmain,core6,10,42
2022-09-06,-0.000953426118940115,0.5,0.00025,-0.001203426118940115,1.01740362414861,5.0,oursmain,core6,10,42
2022-09-07,-0.0018075688421959057,0.5,0.00025,-0.002057568842195906,1.0153102461516246,5.0,oursmain,core6,10,42
2022-09-08,0.001263788202777505,0.0,0.0,0.001263788202777505,1.0165933832628702,5.0,oursmain,core6,10,42
2022-09-09,-0.0020979937398806214,0.0,0.0,-0.0020979937398806214,1.0144605767087806,5.0,oursmain,core6,10,42
2022-09-12,-0.0042219324968755245,0.0,0.0,-0.0042219324968755245,1.0101775926331749,5.0,oursmain,core6,10,42
2022-09-13,-0.00160324847092852,0.0,0.0,-0.00160324847092852,1.0085580269524195,5.0,oursmain,core6,10,42
2022-09-14,-0.005215321405557916,1.0,0.0005,-0.005715321405557916,1.002793793672231,5.0,oursmain,core6,10,42
2022-09-15,-0.0045932463253848255,0.0,0.0,-0.0045932463253848255,0.9981877147643274,5.0,oursmain,core6,10,42
2022-09-16,0.0011271708353888243,0.0,0.0,0.0011271708353888243,0.9993128428446532,5.0,oursmain,core6,10,42
2022-09-19,0.0005126082105562091,0.0,0.0,0.0005126082105562091,0.9998250988128096,5.0,oursmain,core6,10,42
2022-09-20,-0.0028529870323836803,0.5,0.00025,-0.0031029870323836806,0.9967226544965417,5.0,oursmain,core6,10,42
2022-09-21,-0.004709760949481279,0.0,0.0,-0.004709760949481279,0.9920283290609306,5.0,oursmain,core6,10,42
2022-09-22,-0.003377823857590556,0.0,0.0,-0.003377823857590556,0.9886774321036229,5.0,oursmain,core6,10,42
2022-09-23,-0.002460451563820243,0.0,0.0,-0.002460451563820243,0.9862448391696897,5.0,oursmain,core6,10,42
2022-09-26,-0.001565462298458442,0.0,0.0,-0.001565462298458442,0.9847009100569204,5.0,oursmain,core6,10,42
2022-09-27,0.0005572621012106538,0.0,0.0,0.0005572621012106538,0.9852496465551228,5.0,oursmain,core6,10,42
2022-09-28,-0.0046622883673990145,0.0,0.0,-0.0046622883673990145,0.9806561285890049,5.0,oursmain,core6,10,42
2022-09-29,-0.004099968820810318,0.5,0.00025,-0.004349968820810318,0.9763903050057061,5.0,oursmain,core6,10,42
2022-09-30,0.004920003120787442,0.0,0.0,0.004920003120787442,0.9811941483534408,5.0,oursmain,core6,10,42
2022-10-03,-0.005668779253028333,0.5,0.00025,-0.005918779253028333,0.9753866767849736,5.0,oursmain,core6,10,42
2022-10-04,-0.00185409898404032,0.0,0.0,-0.00185409898404032,0.9735782133385001,5.0,oursmain,core6,10,42
2022-10-05,-0.005002537043765187,0.5,0.00025,-0.0052525370437651875,0.968464457707937,5.0,oursmain,core6,10,42
2022-10-06,0.002755853725830093,0.5,0.00025,0.002505853725830093,0.9708912879776184,5.0,oursmain,core6,10,42
2022-10-07,0.0015821675187908113,0.0,0.0,0.0015821675187908113,0.9724274006377336,5.0,oursmain,core6,10,42
2022-10-10,-3.020232543349266e-05,0.5,0.00025,-0.00028020232543349267,0.9721549242187597,5.0,oursmain,core6,10,42
2022-10-11,-0.011964142409851775,0.5,0.00025,-0.012214142409851775,0.9602808855299132,5.0,oursmain,core6,10,42
2022-10-12,-0.008107422443572432,0.0,0.0,-0.008107422443572432,0.9524954827264344,5.0,oursmain,core6,10,42
2022-10-13,-0.006539911963045597,0.5,0.00025,-0.006789911963045597,0.9460281222535233,5.0,oursmain,core6,10,42
2022-10-14,-0.004277893924154341,0.0,0.0,-0.004277893924154341,0.9419811142972558,5.0,oursmain,core6,10,42
2022-10-17,-0.003483524575131014,0.0,0.0,-0.003483524575131014,0.9386996999362921,5.0,oursmain,core6,10,42
2022-10-18,0.004504934418946505,0.5,0.00025,0.004254934418946504,0.9426938055986057,5.0,oursmain,core6,10,42
2022-10-19,0.002871831995435059,0.5,0.00025,0.002621831995435059,0.9451653903800225,5.0,oursmain,core6,10,42
2022-10-20,-0.0041134238708764315,0.5,0.00025,-0.004363423870876432,0.941041233153712,5.0,oursmain,core6,10,42
2022-10-21,-0.00504279276356101,0.0,0.0,-0.00504279276356101,0.936295757232952,5.0,oursmain,core6,10,42
2022-10-24,-0.004594244062900543,1.0,0.0005,-0.005094244062900544,0.9315260381305491,5.0,oursmain,core6,10,42
2022-10-25,-0.0026213908568024635,0.5,0.00025,-0.0028713908568024638,0.9288512627817876,5.0,oursmain,core6,10,42
2022-10-26,-0.005348877341020852,0.0,0.0,-0.005348877341020852,0.9238829513091156,5.0,oursmain,core6,10,42
2022-10-27,-0.0006708350265398622,0.5,0.00025,-0.0009208350265398622,0.9230322075271271,5.0,oursmain,core6,10,42
2022-10-28,0.00606199409958208,0.0,0.0,0.00606199409958208,0.9286276233228807,5.0,oursmain,core6,10,42
2022-10-31,-0.0031142789230216295,0.0,0.0,-0.0031142789230216295,0.9257356178882307,5.0,oursmain,core6,10,42
2022-11-01,0.0024787243455648422,0.5,0.00025,0.002228724345564842,0.9277988273973746,5.0,oursmain,core6,10,42
2022-11-02,0.0067426668247208,0.0,0.0,0.0067426668247208,0.9340546657708818,5.0,oursmain,core6,10,42
2022-11-03,0.00712845753878355,1.0,0.0005,0.00662845753878355,0.9402460074618468,5.0,oursmain,core6,10,42
2022-11-04,-0.006021893350407481,0.0,0.0,-0.006021893350407481,0.9345839462817651,5.0,oursmain,core6,10,42
2022-11-07,0.0024907910265028477,0.5,0.00025,0.0022407910265028474,0.9366781536021068,5.0,oursmain,core6,10,42
2022-11-08,-0.00040334020741283894,0.5,0.00025,-0.0006533402074128389,0.9360661841029534,5.0,oursmain,core6,10,42
2022-11-09,-0.011589952744543552,0.0,0.0,-0.011589952744543552,0.925217221263435,5.0,oursmain,core6,10,42
2022-11-10,-0.011482098139822483,0.5,0.00025,-0.011732098139822483,0.9143624820229185,5.0,oursmain,core6,10,42
2022-11-11,0.00024903431767597795,0.5,0.00025,-9.656823240220599e-07,0.9143615990392319,5.0,oursmain,core6,10,42
2022-11-14,0.00040121017082128674,0.5,0.00025,0.00015121017082128673,0.9144998598128149,5.0,oursmain,core6,10,42
2022-11-15,-0.0036159820738248527,0.5,0.00025,-0.003865982073824853,0.9109644197482633,5.0,oursmain,core6,10,42
2022-11-16,0.0016537238261662424,0.0,0.0,0.0016537238261662424,0.9124709033139906,5.0,oursmain,core6,10,42
2022-11-17,-5.11811813339591e-05,0.5,0.00025,-0.0003011811813339591,0.9121960842493977,5.0,oursmain,core6,10,42
2022-11-18,0.0012310340534895658,0.5,0.00025,0.0009810340534895658,0.9130909796715061,5.0,oursmain,core6,10,42
2022-11-21,1.8126098439097404e-05,0.0,0.0,1.8126098439097404e-05,0.9131075304484875,5.0,oursmain,core6,10,42
2022-11-22,-0.005566365551203489,0.5,0.00025,-0.0058163655512034895,0.9077965632638424,5.0,oursmain,core6,10,42
2022-11-23,-0.0031934183789417148,0.0,0.0,-0.0031934183789417148,0.9048975890343756,5.0,oursmain,core6,10,42
2022-11-24,-0.0011075553484261036,0.0,0.0,-0.0011075553484261036,0.9038953648698627,5.0,oursmain,core6,10,42
2022-11-25,-0.00215671060141176,1.0,0.0005,-0.00265671060141176,0.901493976471446,5.0,oursmain,core6,10,42
2022-11-28,-0.0025734399096108973,0.5,0.00025,-0.0028234399096108975,0.8989486624000027,5.0,oursmain,core6,10,42
2022-11-29,-0.0021618336904793978,0.5,0.00025,-0.002411833690479398,0.896780547730015,5.0,oursmain,core6,10,42
2022-11-30,-0.010015820967964828,0.0,0.0,-0.010015820967964828,0.8877985543163978,5.0,oursmain,core6,10,42
2022-12-01,-0.004587230287143029,0.0,0.0,-0.004587230287143029,0.8837260178991558,5.0,oursmain,core6,10,42
2022-12-02,0.003868200583383441,0.5,0.00025,0.0036182005833834407,0.8869235158926696,5.0,oursmain,core6,10,42
2022-12-05,-7.375824498012662e-05,0.5,0.00025,-0.0003237582449801266,0.8866363670917327,5.0,oursmain,core6,10,42
2022-12-06,-0.0033060168898373377,0.0,0.0,-0.0033060168898373377,0.8837051322869833,5.0,oursmain,core6,10,42
2022-12-07,0.00525441172067076,0.0,0.0,0.00525441172067076,0.888348482891689,5.0,oursmain,core6,10,42
2022-12-08,0.0010624720307532698,0.0,0.0,0.0010624720307532698,0.8892923283083235,5.0,oursmain,core6,10,42
2022-12-09,-0.002506941498722881,0.0,0.0,-0.002506941498722881,0.8870629244659914,5.0,oursmain,core6,10,42
2022-12-12,0.00164468539878726,0.0,0.0,0.00164468539878726,0.8885218639056662,5.0,oursmain,core6,10,42
2022-12-13,-0.0037952041893731803,0.0,0.0,-0.0037952041893731803,0.8851497420054217,5.0,oursmain,core6,10,42
2022-12-14,0.0023138783872127533,0.0,0.0,0.0023138783872127533,0.887197870862895,5.0,oursmain,core6,10,42
2022-12-15,-0.004462772805709392,0.0,0.0,-0.004462772805709392,0.8832385083315248,5.0,oursmain,core6,10,42
2022-12-16,0.004560804081847891,0.0,0.0,0.004560804081847891,0.8872667861255685,5.0,oursmain,core6,10,42
2022-12-19,-0.02140323561616242,0.5,0.00025,-0.02165323561616242,0.8680545893511964,5.0,oursmain,core6,10,42
2022-12-20,0.004436684714164585,0.0,0.0,0.004436684714164585,0.8719058738788312,5.0,oursmain,core6,10,42
2022-12-21,-0.003154960861138534,0.5,0.00025,-0.003404960861138534,0.868937068503677,5.0,oursmain,core6,10,42
2022-12-22,0.002349791000597179,0.0,0.0,0.002349791000597179,0.8709788890073322,5.0,oursmain,core6,10,42
2022-12-23,0.0021967868306091987,0.0,0.0,0.0021967868306091987,0.8728922439604422,5.0,oursmain,core6,10,42
2022-12-26,0.0028772639052476734,0.0,0.0,0.0028772639052476734,0.8754037853071602,5.0,oursmain,core6,10,42
2022-12-27,0.003209808637620881,0.0,0.0,0.003209808637620881,0.8782136639386452,5.0,oursmain,core6,10,42
2022-12-28,-0.002516244421713054,0.0,0.0,-0.002516244421713054,0.8760038637056874,5.0,oursmain,core6,10,42
2022-12-29,0.0019140188815072179,0.0,0.0,0.0019140188815072179,0.8776805516410934,5.0,oursmain,core6,10,42
2022-12-30,-0.006087208807002753,0.5,0.00025,-0.006337208807002753,0.8721185067194984,5.0,oursmain,core6,10,42
2023-01-02,-0.003457471844740212,0.0,0.0,-0.003457471844740212,0.8691031815372389,5.0,oursmain,core6,10,42
2023-01-03,0.010028711287304759,0.0,0.0,0.010028711287304759,0.8778191664237539,5.0,oursmain,core6,10,42
2023-01-04,-0.0032615349628031254,0.5,0.00025,-0.0035115349628031256,0.8747366737298382,5.0,oursmain,core6,10,42
2023-01-05,0.004757118411362171,0.0,0.0,0.004757118411362171,0.8788978996655321,5.0,oursmain,core6,10,42
2023-01-06,0.0043609123677015305,0.0,0.0,0.0043609123677015305,0.8827306963861304,5.0,oursmain,core6,10,42
2023-01-09,0.001892153697554022,0.0,0.0,0.001892153697554022,0.8844009585372419,5.0,oursmain,core6,10,42
2023-01-10,0.0006030449367244728,0.0,0.0,0.0006030449367244728,0.884934292057322,5.0,oursmain,core6,10,42
2023-01-11,-0.005725088762119412,0.0,0.0,-0.005725088762119412,0.8798679646866505,5.0,oursmain,core6,10,42
2023-01-12,-0.004977139527909458,0.0,0.0,-0.004977139527909458,0.8754887390602674,5.0,oursmain,core6,10,42
2023-01-13,0.0006891097873449326,0.0,0.0,0.0006891097873449326,0.8760920469190641,5.0,oursmain,core6,10,42
2023-01-16,0.0009912646492011845,0.0,0.0,0.0009912646492011845,0.8769604859946213,5.0,oursmain,core6,10,42
2023-01-17,0.007705927884671837,0.0,0.0,0.007705927884671837,0.8837182802574026,5.0,oursmain,core6,10,42
2023-01-18,-0.007458633626811206,0.5,0.00025,-0.0077086336268112066,0.8769060198055827,5.0,oursmain,core6,10,42
2023-01-19,0.011505809554364532,1.0,0.0005,0.011005809554364532,0.8865570804566388,5.0,oursmain,core6,10,42
2023-01-20,0.009471287223277614,1.0,0.0005,0.008971287223277613,0.8945106386652458,5.0,oursmain,core6,10,42
2023-01-23,-0.0009051106899278238,0.0,0.0,-0.0009051106899278238,0.8937010075239358,5.0,oursmain,core6,10,42
2023-01-24,-0.002714791102334857,0.0,0.0,-0.002714791102334857,0.8912747959805621,5.0,oursmain,core6,10,42
2023-01-25,0.006615841237362474,0.0,0.0,0.006615841237362474,0.8971713285296322,5.0,oursmain,core6,10,42
2023-01-26,0.002311724136234261,0.0,0.0,0.002311724136234261,0.8992453411441316,5.0,oursmain,core6,10,42
2023-01-27,-0.001497476128861308,0.0,0.0,-0.001497476128861308,0.8978987427117785,5.0,oursmain,core6,10,42
2023-01-30,-0.0008138972043525428,0.0,0.0,-0.0008138972043525428,0.8971679454352938,5.0,oursmain,core6,10,42
2023-01-31,-0.009504316374659538,0.5,0.00025,-0.009754316374659538,0.8884166854543146,5.0,oursmain,core6,10,42
2023-02-01,0.00968672288581729,0.5,0.00025,0.009436722885817289,0.8968004275220832,5.0,oursmain,core6,10,42
2023-02-02,0.001519597601145506,0.0,0.0,0.001519597601145506,0.8981632033004521,5.0,oursmain,core6,10,42
2023-02-03,-0.002264037262648344,0.5,0.00025,-0.0025140372626483443,0.8959051875394152,5.0,oursmain,core6,10,42
2023-02-06,0.0026420454305480234,1.0,0.0005,0.0021420454305480234,0.8978242571525883,5.0,oursmain,core6,10,42
2023-02-07,2.106939791701734e-05,0.5,0.00025,-0.00022893060208298266,0.8976187177048337,5.0,oursmain,core6,10,42
2023-02-08,0.002595946963992901,0.0,0.0,0.002595946963992901,0.8999488882898827,5.0,oursmain,core6,10,42
2023-02-09,0.0012700619772658683,0.0,0.0,0.0012700619772658683,0.9010918791543824,5.0,oursmain,core6,10,42
2023-02-10,0.004324286070186645,0.0,0.0,0.004324286070186645,0.904988458215368,5.0,oursmain,core6,10,42
2023-02-13,0.0036214795836713165,0.0,0.0,0.0036214795836713165,0.9082658554402532,5.0,oursmain,core6,10,42
2023-02-14,-0.002441637101583183,0.0,0.0,-0.002441637101583183,0.906048199829509,5.0,oursmain,core6,10,42
2023-02-15,-0.001043634780216962,0.0,0.0,-0.001043634780216962,0.905102616415614,5.0,oursmain,core6,10,42
2023-02-16,-0.0018100531306117773,0.0,0.0,-0.0018100531306117773,0.9034643325912459,5.0,oursmain,core6,10,42
2023-02-17,1.0666626621969044e-05,0.0,0.0,1.0666626621969044e-05,0.9034739695079479,5.0,oursmain,core6,10,42
2023-02-20,0.0016760071739554405,0.0,0.0,0.0016760071739554405,0.9049881983623252,5.0,oursmain,core6,10,42
2023-02-21,-0.0009967744117602706,0.5,0.00025,-0.0012467744117602706,0.9038598822336621,5.0,oursmain,core6,10,42
2023-02-22,-9.862802835414186e-05,0.5,0.00025,-0.00034862802835414187,0.9035447713450105,5.0,oursmain,core6,10,42
2023-02-23,0.005315922433510423,0.5,0.00025,0.0050659224335104225,0.9081220590718482,5.0,oursmain,core6,10,42
2023-02-24,0.0034773241204675287,1.0,0.0005,0.0029773241204675287,0.9108258327826515,5.0,oursmain,core6,10,42
2023-02-27,-0.005140870482136961,0.0,0.0,-0.005140870482136961,0.9061433951445313,5.0,oursmain,core6,10,42
2023-02-28,0.004013168683741242,0.0,0.0,0.004013168683741242,0.9097799014409044,5.0,oursmain,core6,10,42
2023-03-01,0.0019858290906995535,0.0,0.0,0.0019858290906995535,0.9115865688353195,5.0,oursmain,core6,10,42
2023-03-02,-0.005048032529884949,0.0,0.0,-0.005048032529884949,0.9069848501820327,5.0,oursmain,core6,10,42
2023-03-03,0.0048540048010181636,0.5,0.00025,0.004604004801018163,0.9111606127867214,5.0,oursmain,core6,10,42
2023-03-06,0.0041441661305725574,0.5,0.00025,0.0038941661305725572,0.9147088235845472,5.0,oursmain,core6,10,42
2023-03-07,-0.0026762831876112614,0.0,0.0,-0.0026762831876112614,0.9122608037384282,5.0,oursmain,core6,10,42
2023-03-08,-0.003197538200765848,0.0,0.0,-0.003197538200765848,0.9093438149694132,5.0,oursmain,core6,10,42
2023-03-09,-0.0006424352759495378,0.5,0.00025,-0.0008924352759495378,0.908532284470968,5.0,oursmain,core6,10,42
2023-03-10,-0.0009430826175957918,0.5,0.00025,-0.0011930826175957918,0.9074483303948411,5.0,oursmain,core6,10,42
2023-03-13,0.0022305142920231447,1.0,0.0005,0.0017305142920231447,0.909018682699862,5.0,oursmain,core6,10,42
2023-03-14,0.01486964919604361,0.5,0.00025,0.01461964919604361,0.9223082169535836,5.0,oursmain,core6,10,42
2023-03-15,-0.0007201145635917783,0.5,0.00025,-0.0009701145635917783,0.9214134723201965,5.0,oursmain,core6,10,42
2023-03-16,-0.0018482284503988922,0.5,0.00025,-0.0020982284503988924,0.9194801363579935,5.0,oursmain,core6,10,42
2023-03-17,-0.00043578119948506355,0.5,0.00025,-0.0006857811994850636,0.9188495741671793,5.0,oursmain,core6,10,42
2023-03-20,0.004570726421661675,0.0,0.0,0.004570726421661675,0.9230493841933578,5.0,oursmain,core6,10,42
2023-03-21,-0.005187296454096213,0.5,0.00025,-0.005437296454096213,0.9180304910497276,5.0,oursmain,core6,10,42
2023-03-22,-0.0035973012172689778,0.5,0.00025,-0.003847301217268978,0.9144985512240219,5.0,oursmain,core6,10,42
2023-03-23,0.0033302440715488046,0.5,0.00025,0.0030802440715488044,0.9173154299648696,5.0,oursmain,core6,10,42
2023-03-24,0.006888508098199964,0.0,0.0,0.006888508098199964,0.9236343647327864,5.0,oursmain,core6,10,42
2023-03-27,-0.00643122021574527,0.0,0.0,-0.00643122021574527,0.9176942687343599,5.0,oursmain,core6,10,42
2023-03-28,0.0092716088402085,0.5,0.00025,0.0090216088402085,0.9259733474617824,5.0,oursmain,core6,10,42
2023-03-29,0.005108855431899428,0.0,0.0,0.005108855431899428,0.9307040114277566,5.0,oursmain,core6,10,42
2023-03-30,-0.00022379709116648883,0.0,0.0,-0.00022379709116648883,0.9304957225772621,5.0,oursmain,core6,10,42
2023-03-31,-0.00947598263155669,1.0,0.0005,-0.00997598263155669,0.9212131134100936,5.0,oursmain,core6,10,42
2023-04-03,0.008474105241475627,0.0,0.0,0.008474105241475627,0.9290195702829581,5.0,oursmain,core6,10,42
2023-04-04,0.0011488753370940685,0.5,0.00025,0.0008988753370940685,0.9298546430623631,5.0,oursmain,core6,10,42
2023-04-05,0.003509851230774075,0.0,0.0,0.003509851230774075,0.9331182945257566,5.0,oursmain,core6,10,42
2023-04-06,-0.0011397474736440927,0.0,0.0,-0.0011397474736440927,0.9320547753069598,5.0,oursmain,core6,10,42
2023-04-07,-0.0004073464242537739,0.5,0.00025,-0.0006573464242537739,0.9314420924332031,5.0,oursmain,core6,10,42
2023-04-10,0.00045043101999908686,0.0,0.0,0.00045043101999908686,0.9318616428449679,5.0,oursmain,core6,10,42
2023-04-11,0.0024718979839235544,0.0,0.0,0.0024718979839235544,0.934165109761212,5.0,oursmain,core6,10,42
2023-04-12,-0.00670570763759315,0.0,0.0,-0.00670570763759315,0.9279008716499132,5.0,oursmain,core6,10,42
2023-04-13,-0.0016000812756828964,0.5,0.00025,-0.0018500812756828964,0.9261841796215838,5.0,oursmain,core6,10,42
2023-04-14,-0.0010903484653681517,0.0,0.0,-0.0010903484653681517,0.9251743161226852,5.0,oursmain,core6,10,42
2023-04-17,0.0011547219473868608,1.0,0.0005,0.0006547219473868608,0.9257800480526094,5.0,oursmain,core6,10,42
2023-04-18,0.002538059910875745,0.5,0.00025,0.002288059910875745,0.9278982882668471,5.0,oursmain,core6,10,42
2023-04-19,-0.004300516069633886,0.0,0.0,-0.004300516069633886,0.9239078467671697,5.0,oursmain,core6,10,42
2023-04-20,0.0008483920246362686,0.0,0.0,0.0008483920246362686,0.9246916828158659,5.0,oursmain,core6,10,42
2023-04-21,-0.0008659204468131065,0.5,0.00025,-0.0011159204468131065,0.9236598004600137,5.0,oursmain,core6,10,42
2023-04-24,-0.006135746487416327,0.0,0.0,-0.006135746487416327,0.9179924580837735,5.0,oursmain,core6,10,42
2023-04-25,0.0039173829718492925,0.5,0.00025,0.0036673829718492923,0.921359087992836,5.0,oursmain,core6,10,42
2023-04-26,0.0033335844636894763,0.0,0.0,0.0033335844636894763,0.9244305163340479,5.0,oursmain,core6,10,42
2023-04-27,0.013231209275545552,1.0,0.0005,0.012731209275545552,0.9361996346981973,5.0,oursmain,core6,10,42
2023-04-28,0.00011075774091295898,0.0,0.0,0.00011075774091295898,0.9363033260547801,5.0,oursmain,core6,10,42
2023-05-01,-0.009264453634386882,0.0,0.0,-0.009264453634386882,0.9276289873028233,5.0,oursmain,core6,10,42
2023-05-02,-0.004233874205965549,0.0,0.0,-0.004233874205965549,0.9237015228607759,5.0,oursmain,core6,10,42
2023-05-03,0.001570698615978472,0.5,0.00025,0.001320698615978472,0.9249214541835953,5.0,oursmain,core6,10,42
2023-05-04,0.00045169517397880554,0.0,0.0,0.00045169517397880554,0.9253392367407595,5.0,oursmain,core6,10,42
2023-05-05,-0.0027983910986222327,0.0,0.0,-0.0027983910986222327,0.9227497756574582,5.0,oursmain,core6,10,42
2023-05-08,0.004148631196585484,0.5,0.00025,0.0038986311965854836,0.9263472367194785,5.0,oursmain,core6,10,42
2023-05-09,-0.0003783126230700873,0.5,0.00025,-0.0006283126230700873,0.9257652010573015,5.0,oursmain,core6,10,42
2023-05-10,0.002789044287055731,0.5,0.00025,0.0025390442870557306,0.928115759902201,5.0,oursmain,core6,10,42
2023-05-11,0.0009635700844228268,0.0,0.0,0.0009635700844228268,0.9290100644833241,5.0,oursmain,core6,10,42
2023-05-12,-0.004048893926665187,0.5,0.00025,-0.004298893926665187,0.9250163487593059,5.0,oursmain,core6,10,42
2023-05-15,0.003385240997886285,0.0,0.0,0.003385240997886285,0.928147752026841,5.0,oursmain,core6,10,42
2023-05-16,0.0026304827188141644,0.5,0.00025,0.002380482718814164,0.930357191711047,5.0,oursmain,core6,10,42
2023-05-17,-0.00018125586211681366,0.0,0.0,-0.00018125586211681366,0.9301885590161869,5.0,oursmain,core6,10,42
2023-05-18,0.002299407700775191,0.5,0.00025,0.002049407700775191,0.9320948946122076,5.0,oursmain,core6,10,42
2023-05-19,0.001227699758601375,0.0,0.0,0.001227699758601375,0.9332392272893166,5.0,oursmain,core6,10,42
2023-05-22,-0.00011968413309659809,0.5,0.00025,-0.0003696841330965981,0.9328942235546045,5.0,oursmain,core6,10,42
2023-05-23,0.006402074766810983,0.0,0.0,0.006402074766810983,0.9388666821233271,5.0,oursmain,core6,10,42
2023-05-24,0.0005327776307240129,0.0,0.0,0.0005327776307240129,0.9393668892897945,5.0,oursmain,core6,10,42
2023-05-25,-0.004743801422591787,0.0,0.0,-0.004743801422591787,0.9349107193040459,5.0,oursmain,core6,10,42
2023-05-26,0.0005166095215827227,0.0,0.0,0.0005166095215827227,0.9353937030834681,5.0,oursmain,core6,10,42
2023-05-29,0.00329916808186681,0.0,0.0,0.00329916808186681,0.9384797241326603,5.0,oursmain,core6,10,42
2023-05-30,0.0024561111349612474,0.0,0.0,0.0024561111349612474,0.9407847346330379,5.0,oursmain,core6,10,42
2023-05-31,-0.008102202438749373,0.0,0.0,-0.008102202438749373,0.9331623062617559,5.0,oursmain,core6,10,42
2023-06-01,-0.011630483495537192,0.0,0.0,-0.011630483495537192,0.9223091774601211,5.0,oursmain,core6,10,42
2023-06-02,0.002689506480237469,0.5,0.00025,0.002439506480237469,0.9245591566753175,5.0,oursmain,core6,10,42
2023-06-05,-0.0040891654789447784,0.5,0.00025,-0.004339165478944779,0.9205473414994297,5.0,oursmain,core6,10,42
2023-06-06,0.0014089341275393963,0.0,0.0,0.0014089341275393963,0.9218443320648839,5.0,oursmain,core6,10,42
2023-06-07,-0.0053603891574312,0.5,0.00025,-0.0056103891574312,0.9166724266194277,5.0,oursmain,core6,10,42
2023-06-08,-0.0032575721852481365,0.5,0.00025,-0.0035075721852481367,0.9134571319128335,5.0,oursmain,core6,10,42
2023-06-09,0.005671818013070151,0.5,0.00025,0.005421818013070151,0.9184097302448059,5.0,oursmain,core6,10,42
2023-06-12,-0.0022853323025628924,0.5,0.00025,-0.0025353323025628927,0.9160812563887282,5.0,oursmain,core6,10,42
2023-06-13,-0.0015400495612993836,0.5,0.00025,-0.0017900495612993836,0.914441425537615,5.0,oursmain,core6,10,42
2023-06-14,0.005562573904171586,0.5,0.00025,0.005312573904171586,0.9192994631918195,5.0,oursmain,core6,10,42
2023-06-15,0.0034371403307886794,0.5,0.00025,0.003187140330788679,0.9222293995870305,5.0,oursmain,core6,10,42
2023-06-16,-0.0017692238907329738,0.5,0.00025,-0.002019223890732974,0.9203672119506481,5.0,oursmain,core6,10,42
2023-06-19,0.006246084492886439,0.0,0.0,0.006246084492886439,0.9261159033209742,5.0,oursmain,core6,10,42
2023-06-20,-0.00025208399165421724,0.5,0.00025,-0.0005020839916542172,0.9256509153515003,5.0,oursmain,core6,10,42
2023-06-21,-0.002737612812779844,0.5,0.00025,-0.002987612812779844,0.9228854288166348,5.0,oursmain,core6,10,42
2023-06-22,-0.002954792173113674,0.5,0.00025,-0.003204792173113674,0.9199277728176827,5.0,oursmain,core6,10,42
2023-06-23,0.0010551374798524193,0.5,0.00025,0.0008051374798524193,0.9206684411463353,5.0,oursmain,core6,10,42
2023-06-26,-0.0006977047305554152,1.0,0.0005,-0.0011977047305554152,0.9195657521991013,5.0,oursmain,core6,10,42
2023-06-27,-0.0029772398993372917,0.5,0.00025,-0.003227239899337292,0.9165980929135403,5.0,oursmain,core6,10,42
2023-06-28,0.00345166667830199,0.5,0.00025,0.00320166667830199,0.9195327344850167,5.0,oursmain,core6,10,42
2023-06-29,0.0022563214879482985,0.0,0.0,0.0022563214879482985,0.9216074959527071,5.0,oursmain,core6,10,42
2023-06-30,-0.0010138492798432708,0.0,0.0,-0.0010138492798432708,0.9206731248566372,5.0,oursmain,core6,10,42
2023-07-03,0.000824672490125522,0.5,0.00025,0.000574672490125522,0.9212022103738902,5.0,oursmain,core6,10,42
2023-07-04,-0.00030460170819424093,0.0,0.0,-0.00030460170819424093,0.9209216106070179,5.0,oursmain,core6,10,42
2023-07-05,-0.005482770735397935,0.0,0.0,-0.005482770735397935,0.9158724085507862,5.0,oursmain,core6,10,42
2023-07-06,-0.0013473958242684603,0.5,0.00025,-0.0015973958242684603,0.9144093977898046,5.0,oursmain,core6,10,42
2023-07-07,-0.004966707085259259,0.5,0.00025,-0.005216707085259259,0.9096391918055269,5.0,oursmain,core6,10,42
2023-07-10,-0.0056850986438803375,0.5,0.00025,-0.005935098643880338,0.9042403934718215,5.0,oursmain,core6,10,42
2023-07-11,-0.005848337430506945,0.0,0.0,-0.005848337430506945,0.8989520905325039,5.0,oursmain,core6,10,42
2023-07-12,-0.0048025541473180056,0.5,0.00025,-0.005052554147318006,0.8944100864192437,5.0,oursmain,core6,10,42
2023-07-13,-0.0002720267657423392,0.5,0.00025,-0.0005220267657423392,0.893943180414583,5.0,oursmain,core6,10,42
2023-07-14,0.000596740108449012,0.0,0.0,0.000596740108449012,0.8944766321650108,5.0,oursmain,core6,10,42
2023-07-17,0.0005467018345370889,0.5,0.00025,0.00029670183453708887,0.8947420250227247,5.0,oursmain,core6,10,42
2023-07-18,-0.0016306706238538027,0.0,0.0,-0.0016306706238538027,0.8932829954865927,5.0,oursmain,core6,10,42
2023-07-19,0.006453949288697913,0.0,0.0,0.006453949288697913,0.8990481986399194,5.0,oursmain,core6,10,42
2023-07-20,0.0017655326000749483,0.0,0.0,0.0017655326000749483,0.9006354975436568,5.0,oursmain,core6,10,42
2023-07-21,0.004132700036279857,0.0,0.0,0.004132700036279857,0.9043575538970304,5.0,oursmain,core6,10,42
2023-07-24,0.0009430884383618832,0.5,0.00025,0.0006930884383618832,0.9049843536617816,5.0,oursmain,core6,10,42
2023-07-25,-0.0049658461939543486,0.0,0.0,-0.0049658461939543486,0.900490340553562,5.0,oursmain,core6,10,42
2023-07-26,-0.0075329114915803075,0.0,0.0,-0.0075329114915803075,0.893707026519149,5.0,oursmain,core6,10,42
2023-07-27,0.00445814395789057,0.0,0.0,0.00445814395789057,0.8976913010995498,5.0,oursmain,core6,10,42
2023-07-28,0.006997944263275713,0.5,0.00025,0.0067479442632757125,0.9037488719649969,5.0,oursmain,core6,10,42
2023-07-31,0.004133647162234411,0.5,0.00025,0.0038836471622344104,0.9072587137069762,5.0,oursmain,core6,10,42
2023-08-01,-0.0017358851619064808,0.0,0.0,-0.0017358851619064808,0.9056838167678419,5.0,oursmain,core6,10,42
2023-08-02,-0.0015818039391888306,0.5,0.00025,-0.0018318039391888306,0.9040247815846271,5.0,oursmain,core6,10,42
2023-08-03,0.0034172821324318647,0.0,0.0,0.0034172821324318647,0.9071140893180119,5.0,oursmain,core6,10,42
2023-08-04,0.0004317283019190654,0.0,0.0,0.0004317283019190654,0.90750571614344,5.0,oursmain,core6,10,42
2023-08-07,-0.0007597563089802861,0.0,0.0,-0.0007597563089802861,0.9068162329501643,5.0,oursmain,core6,10,42
2023-08-08,0.001549357795738615,0.5,0.00025,0.001299357795738615,0.9079945116917504,5.0,oursmain,core6,10,42
2023-08-09,0.007267998291354161,0.0,0.0,0.007267998291354161,0.9145938142512849,5.0,oursmain,core6,10,42
2023-08-10,-0.001916045875987038,0.5,0.00025,-0.0021660458759870382,0.9126127620917227,5.0,oursmain,core6,10,42
2023-08-11,0.0016802521422505379,0.5,0.00025,0.0014302521422505379,0.9139180284497495,5.0,oursmain,core6,10,42
2023-08-14,0.0004601393884513527,0.5,0.00025,0.0002101393884513527,0.9141100786253424,5.0,oursmain,core6,10,42
2023-08-15,0.004394920892082155,0.5,0.00025,0.0041449208920821545,0.9178989925878994,5.0,oursmain,core6,10,42
2023-08-16,0.00014490151079371572,0.0,0.0,0.00014490151079371572,0.9180319975386815,5.0,oursmain,core6,10,42
2023-08-17,-0.003707789845066145,0.5,0.00025,-0.003957789845066145,0.9143986198213772,5.0,oursmain,core6,10,42
2023-08-18,0.0076643399661406875,0.0,0.0,0.0076643399661406875,0.921406881708258,5.0,oursmain,core6,10,42
2023-08-21,-0.006031343073118478,0.0,0.0,-0.006031343073118478,0.9158495606947432,5.0,oursmain,core6,10,42
2023-08-22,-0.006718770018778741,0.5,0.00025,-0.006968770018778742,0.909467215734462,5.0,oursmain,core6,10,42
2023-08-23,0.0006897889543324709,0.5,0.00025,0.0004397889543324709,0.9098671893702694,5.0,oursmain,core6,10,42
2023-08-24,0.0023419608696713112,0.5,0.00025,0.002091960869671311,0.9117705959270298,5.0,oursmain,core6,10,42
2023-08-25,0.00031047555967234075,0.0,0.0,0.00031047555967234075,0.912053678413093,5.0,oursmain,core6,10,42
2023-08-28,0.00047326216008514166,0.0,0.0,0.00047326216008514166,0.9124853189070524,5.0,oursmain,core6,10,42
2023-08-29,-0.0002612390089780092,0.0,0.0,-0.0002612390089780092,0.9122469421466342,5.0,oursmain,core6,10,42
2023-08-30,-0.007015375653281808,0.5,0.00025,-0.007265375653281808,0.9056191254233813,5.0,oursmain,core6,10,42
2023-08-31,-0.0008640786400064826,0.0,0.0,-0.0008640786400064826,0.9048365992811216,5.0,oursmain,core6,10,42
2023-09-01,0.002817498316289857,0.0,0.0,0.002817498316289857,0.9073859748761136,5.0,oursmain,core6,10,42
2023-09-04,0.0025997613556683064,0.0,0.0,0.0025997613556683064,0.9097449618682719,5.0,oursmain,core6,10,42
2023-09-05,-0.002149041094526183,0.5,0.00025,-0.002399041094526183,0.9075624463192118,5.0,oursmain,core6,10,42
2023-09-06,-0.003702208719914779,0.5,0.00025,-0.003952208719914779,0.9039755701050018,5.0,oursmain,core6,10,42
2023-09-07,0.001456991652958095,0.0,0.0,0.001456991652958095,0.9052926549651229,5.0,oursmain,core6,10,42
2023-09-08,-0.0027987268986180425,0.5,0.00025,-0.0030487268986180427,0.9025326648968094,5.0,oursmain,core6,10,42
2023-09-11,0.0011385949765099213,0.0,0.0,0.0011385949765099213,0.9035602840551971,5.0,oursmain,core6,10,42
2023-09-12,0.0005879130949324463,0.0,0.0,0.0005879130949324463,0.904091498978254,5.0,oursmain,core6,10,42
2023-09-13,-0.0009960628231056035,0.5,0.00025,-0.0012460628231056035,0.9029649441726915,5.0,oursmain,core6,10,42
2023-09-14,-0.0027070790820289403,0.0,0.0,-0.0027070790820289403,0.9005205466605162,5.0,oursmain,core6,10,42
2023-09-15,-0.0008103469153866172,0.0,0.0,-0.0008103469153866172,0.8997908126132875,5.0,oursmain,core6,10,42
2023-09-18,-0.0008107793109957129,0.0,0.0,-0.0008107793109957129,0.8990612808381967,5.0,oursmain,core6,10,42
2023-09-19,-0.0063742565689608455,0.0,0.0,-0.0063742565689608455,0.8933304335629154,5.0,oursmain,core6,10,42
2023-09-20,0.006437539617763832,0.0,0.0,0.006437539617763832,0.8990812836207308,5.0,oursmain,core6,10,42
2023-09-21,-0.00659801036817953,0.0,0.0,-0.00659801036817953,0.893149135989565,5.0,oursmain,core6,10,42
2023-09-22,-0.000866518123075366,0.5,0.00025,-0.001116518123075366,0.8921519187926236,5.0,oursmain,core6,10,42
2023-09-25,0.00022761058062314987,0.0,0.0,0.00022761058062314987,0.892354982008864,5.0,oursmain,core6,10,42
2023-09-26,0.00021752947941422462,0.0,0.0,0.00021752947941422462,0.8925490955235531,5.0,oursmain,core6,10,42
2023-09-27,-0.0015890976646915078,0.0,0.0,-0.0015890976646915078,0.8911307478402342,5.0,oursmain,core6,10,42
2023-09-28,-0.0018636456225067377,0.0,0.0,-0.0018636456225067377,0.8894699959229405,5.0,oursmain,core6,10,42
2023-09-29,0.0019830873352475464,0.5,0.00025,0.0017330873352475464,0.8910115251079572,5.0,oursmain,core6,10,42
2023-10-02,0.00934879417764023,0.5,0.00025,0.00909879417764023,0.8991186555848197,5.0,oursmain,core6,10,42
2023-10-03,0.002601131680421531,0.5,0.00025,0.002351131680421531,0.9012326019404231,5.0,oursmain,core6,10,42
2023-10-04,0.001331562758423388,0.5,0.00025,0.001081562758423388,0.9022073415593588,5.0,oursmain,core6,10,42
2023-10-05,-0.006063483189791441,0.0,0.0,-0.006063483189791441,0.8967368225101072,5.0,oursmain,core6,10,42
2023-10-06,0.0010466763051226735,0.0,0.0,0.0010466763051226735,0.8976754156941595,5.0,oursmain,core6,10,42
2023-10-09,-0.0035464931424940005,0.5,0.00025,-0.0037964931424940007,0.8942673971342913,5.0,oursmain,core6,10,42
2023-10-10,0.0051794918545056134,0.5,0.00025,0.004929491854505613,0.8986756809842146,5.0,oursmain,core6,10,42
2023-10-11,0.001090354984626174,0.5,0.00025,0.000840354984626174,0.899430887572292,5.0,oursmain,core6,10,42
2023-10-12,0.00010803312761709094,0.5,0.00025,-0.00014196687238290906,0.8993031981822588,5.0,oursmain,core6,10,42
2023-10-13,-0.003462697783106705,0.5,0.00025,-0.0037126977831067054,0.8959643571920267,5.0,oursmain,core6,10,42
2023-10-16,-0.0013642205740325153,0.5,0.00025,-0.0016142205740325153,0.8945180730930475,5.0,oursmain,core6,10,42
2023-10-17,0.0018028459817287512,1.5,0.00075,0.0010528459817287512,0.8954598628518873,5.0,oursmain,core6,10,42
2023-10-18,-0.003227797347790329,1.0,0.0005,-0.003727797347790329,0.8921217699500954,5.0,oursmain,core6,10,42
2023-10-19,0.0014527785533573478,0.5,0.00025,0.0012027785533573478,0.8931947948819745,5.0,oursmain,core6,10,42
2023-10-20,-0.0019799463625531644,0.0,0.0,-0.0019799463625531644,0.8914263170967965,5.0,oursmain,core6,10,42
2023-10-23,-0.0017863014654722065,0.0,0.0,-0.0017863014654722065,0.8898339609602061,5.0,oursmain,core6,10,42
2023-10-24,-5.370704457163811e-06,0.5,0.00025,-0.0002553707044571638,0.8896067234347458,5.0,oursmain,core6,10,42
2023-10-25,0.0016321128641720861,0.5,0.00025,0.0013821128641720861,0.8908362603312588,5.0,oursmain,core6,10,42
2023-10-26,-3.1250237952917814e-05,0.5,0.00025,-0.0002812502379529178,0.8905857124210637,5.0,oursmain,core6,10,42
2023-10-27,0.0023068699811119586,0.0,0.0,0.0023068699811119586,0.8926401778666551,5.0,oursmain,core6,10,42
2023-10-30,-0.002825278148520738,0.5,0.00025,-0.003075278148520738,0.8898950610331701,5.0,oursmain,core6,10,42
2023-10-31,0.0007992272730916739,0.0,0.0,0.0007992272730916739,0.8906062894361374,5.0,oursmain,core6,10,42
2023-11-01,-0.006170241395011544,0.5,0.00025,-0.0064202413950115444,0.884888382070042,5.0,oursmain,core6,10,42
2023-11-02,-0.0045590209774672985,0.0,0.0,-0.0045590209774672985,0.8808541573734675,5.0,oursmain,core6,10,42
2023-11-03,-0.0009968871054297779,0.0,0.0,-0.0009968871054297779,0.8799760452222177,5.0,oursmain,core6,10,42
2023-11-06,0.005517096171388403,0.0,0.0,0.005517096171388403,0.8848309576922267,5.0,oursmain,core6,10,42
2023-11-07,-0.0014941992267267779,0.0,0.0,-0.0014941992267267779,0.8835088439594591,5.0,oursmain,core6,10,42
2023-11-08,-0.0017810755016398616,0.0,0.0,-0.0017810755016398616,0.8819352480020007,5.0,oursmain,core6,10,42
2023-11-09,-0.0011600382858887315,0.5,0.00025,-0.0014100382858887315,0.8806916855366431,5.0,oursmain,core6,10,42
2023-11-10,-0.00023980111291166395,0.5,0.00025,-0.000489801112911664,0.8802603217689352,5.0,oursmain,core6,10,42
2023-11-13,-0.00915436097420752,0.0,0.0,-0.00915436097420752,0.8722021010321903,5.0,oursmain,core6,10,42
2023-11-14,-0.0010142314131371677,0.0,0.0,-0.0010142314131371677,0.8713174862627192,5.0,oursmain,core6,10,42
2023-11-15,0.0036427861195988953,0.0,0.0,0.0036427861195988953,0.8744915095074408,5.0,oursmain,core6,10,42
2023-11-16,0.0007140515372157097,0.5,0.00025,0.0004640515372157097,0.8748973186367097,5.0,oursmain,core6,10,42
2023-11-17,0.00400650582741946,0.5,0.00025,0.0037565058274194596,0.8781838755125622,5.0,oursmain,core6,10,42
2023-11-20,-0.002800896647386253,0.5,0.00025,-0.003050896647386253,0.8755046272709722,5.0,oursmain,core6,10,42
2023-11-21,-0.003002659184858203,0.5,0.00025,-0.003252659184858203,0.8726569091036934,5.0,oursmain,core6,10,42
2023-11-22,-0.0013669622712768614,0.0,0.0,-0.0013669622712768614,0.8714640200331796,5.0,oursmain,core6,10,42
2023-11-23,-0.0021385799336712807,0.0,0.0,-0.0021385799336712807,0.8696003245670201,5.0,oursmain,core6,10,42
2023-11-24,0.002312943688593805,0.5,0.00025,0.0020629436885938046,0.8713942610681846,5.0,oursmain,core6,10,42
2023-11-27,-0.00010314758401364088,0.0,0.0,-0.00010314758401364088,0.8713043788554321,5.0,oursmain,core6,10,42
2023-11-28,-0.0005249755340628326,0.5,0.00025,-0.0007749755340628326,0.8706291392790974,5.0,oursmain,core6,10,42
2023-11-29,-0.005219537648372352,0.0,0.0,-0.005219537648372352,0.8660848577088601,5.0,oursmain,core6,10,42
2023-11-30,-0.005888036437681876,0.5,0.00025,-0.006138036437681876,0.8607687972941186,5.0,oursmain,core6,10,42
2023-12-01,0.0007550325244665146,0.0,0.0,0.0007550325244665146,0.8614187057321215,5.0,oursmain,core6,10,42
2023-12-04,0.0011474014318082482,0.0,0.0,0.0011474014318082482,0.862407098788465,5.0,oursmain,core6,10,42
2023-12-05,-0.00264554186355781,0.5,0.00025,-0.00289554186355781,0.8599099629304936,5.0,oursmain,core6,10,42
2023-12-06,-0.007314351561944932,0.0,0.0,-0.007314351561944932,0.8536202791500009,5.0,oursmain,core6,10,42
2023-12-07,-0.0008239677990786731,0.0,0.0,-0.0008239677990786731,0.8529169235273408,5.0,oursmain,core6,10,42
2023-12-08,0.003263734048232436,0.5,0.00025,0.003013734048232436,0.8554873883000887,5.0,oursmain,core6,10,42
2023-12-11,-0.0011695412249537185,0.0,0.0,-0.0011695412249537185,0.8544868605320438,5.0,oursmain,core6,10,42
2023-12-12,-0.005834800307638943,0.0,0.0,-0.005834800307638943,0.849501100335338,5.0,oursmain,core6,10,42
2023-12-13,0.0016320517752319574,0.5,0.00025,0.0013820517752319574,0.8506751548391178,5.0,oursmain,core6,10,42
2023-12-14,-0.007325121776375454,0.0,0.0,-0.007325121776375454,0.8444438557377842,5.0,oursmain,core6,10,42
2023-12-15,0.002006853756029159,0.5,0.00025,0.0017568537560291588,0.8459274200974929,5.0,oursmain,core6,10,42
2023-12-18,0.009356038877740502,0.0,0.0,0.009356038877740502,0.8538419499276717,5.0,oursmain,core6,10,42
2023-12-19,-0.0020598936316673644,0.0,0.0,-0.0020598936316673644,0.8520831263325652,5.0,oursmain,core6,10,42
2023-12-20,-0.0032032186863943934,0.0,0.0,-0.0032032186863943934,0.8493537177399354,5.0,oursmain,core6,10,42
2023-12-21,0.0018169899703934789,0.0,0.0,0.0018169899703934789,0.8508969849263853,5.0,oursmain,core6,10,42
2023-12-22,-0.0009367284656036645,0.0,0.0,-0.0009367284656036645,0.8500999254993085,5.0,oursmain,core6,10,42
2023-12-25,0.0007251790375448763,0.0,0.0,0.0007251790375448763,0.850716400145099,5.0,oursmain,core6,10,42
2023-12-26,-0.005440567620098591,1.0,0.0005,-0.005940567620098591,0.8456626618445102,5.0,oursmain,core6,10,42
2023-12-27,-0.0018967387295560911,0.0,0.0,-0.0018967387295560911,0.8440586607216503,5.0,oursmain,core6,10,42
2023-12-28,-0.004564049406326376,0.0,0.0,-0.004564049406326376,0.840206335292279,5.0,oursmain,core6,10,42
2023-12-29,0.0012419854647305328,0.0,0.0,0.0012419854647305328,0.8412498593480865,5.0,oursmain,core6,10,42
2024-01-01,0.000134612200781703,0.0,0.0,0.000134612200781703,0.8413631018430606,5.0,oursmain,core6,10,42
2024-01-02,-0.0018348513985984027,0.5,0.00025,-0.002084851398598403,0.839608984803454,5.0,oursmain,core6,10,42
2024-01-03,-0.0006073022086638957,0.0,0.0,-0.0006073022086638957,0.8390990884125689,5.0,oursmain,core6,10,42
2024-01-04,0.001378225686494261,0.5,0.00025,0.001128225686494261,0.8400457815576298,5.0,oursmain,core6,10,42
2024-01-05,-0.0006396370881702751,0.5,0.00025,-0.0008896370881702751,0.8392984456745951,5.0,oursmain,core6,10,42
2024-01-08,0.0008106559398584068,0.0,0.0,0.0008106559398584068,0.8399788279448951,5.0,oursmain,core6,10,42
2024-01-09,-0.007717292639426887,0.5,0.00025,-0.007967292639426887,0.8332864708117353,5.0,oursmain,core6,10,42
2024-01-10,-0.002128942491253838,0.0,0.0,-0.002128942491253838,0.8315124518366372,5.0,oursmain,core6,10,42
2024-01-11,0.0058203455118928105,0.0,0.0,0.0058203455118928105,0.8363521416037676,5.0,oursmain,core6,10,42
2024-01-12,-0.0014151231152936816,0.0,0.0,-0.0014151231152936816,0.8351686003556588,5.0,oursmain,core6,10,42
2024-01-15,-0.005976072046905756,0.0,0.0,-0.005976072046905756,0.8301775726286199,5.0,oursmain,core6,10,42
2024-01-16,-0.009201233129715547,0.0,0.0,-0.009201233129715547,0.8225389152438026,5.0,oursmain,core6,10,42
2024-01-17,0.0008778183328104205,0.0,0.0,0.0008778183328104205,0.8232609549830536,5.0,oursmain,core6,10,42
2024-01-18,0.0011065940288972342,0.0,0.0,0.0011065940288972342,0.8241719706400621,5.0,oursmain,core6,10,42
2024-01-19,0.0005845983978360891,0.0,0.0,0.0005845983978360891,0.8246537802536397,5.0,oursmain,core6,10,42
2024-01-22,0.0020629342179745436,0.5,0.00025,0.0018129342179745436,0.8261488233098435,5.0,oursmain,core6,10,42
2024-01-23,-0.002493623411282897,0.0,0.0,-0.002493623411282897,0.8240887192628342,5.0,oursmain,core6,10,42
2024-01-24,0.0032498867949470878,0.5,0.00025,0.0029998867949470875,0.8265608921296156,5.0,oursmain,core6,10,42
2024-01-25,0.002286212664330378,0.5,0.00025,0.002036212664330378,0.82824394588601,5.0,oursmain,core6,10,42
2024-01-26,0.00022156810155138373,0.5,0.00025,-2.843189844861627e-05,0.8282203973382499,5.0,oursmain,core6,10,42
2024-01-29,0.0007213954377220944,0.0,0.0,0.0007213954377220944,0.8288178717543181,5.0,oursmain,core6,10,42
2024-01-30,-0.003748229966731742,0.5,0.00025,-0.003998229966731742,0.8255040673025071,5.0,oursmain,core6,10,42
2024-01-31,0.0067320168018341064,0.0,0.0,0.0067320168018341064,0.83106137455357,5.0,oursmain,core6,10,42
2024-02-01,0.0014368756674230099,0.0,0.0,0.0014368756674230099,0.8322555064208011,5.0,oursmain,core6,10,42
2024-02-02,-0.000984719576081261,0.0,0.0,-0.000984719576081261,0.8314359681313271,5.0,oursmain,core6,10,42
2024-02-05,-0.0021929978975094855,0.5,0.00025,-0.0024429978975094857,0.8294047718092685,5.0,oursmain,core6,10,42
2024-02-06,0.001654776162467897,0.5,0.00025,0.001404776162467897,0.8305698998617432,5.0,oursmain,core6,10,42
2024-02-07,0.0035949361481470987,0.0,0.0,0.0035949361481470987,0.8335557456183191,5.0,oursmain,core6,10,42
2024-02-08,0.001731923985062167,0.5,0.00025,0.001481923985062167,0.8347910118706372,5.0,oursmain,core6,10,42
2024-02-09,0.00014650626690126956,0.0,0.0,0.00014650626690126956,0.8349133139854291,5.0,oursmain,core6,10,42
2024-02-12,0.006263133371248841,0.5,0.00025,0.006013133371248841,0.8399337590958548,5.0,oursmain,core6,10,42
2024-02-13,-0.002107127627823502,0.0,0.0,-0.002107127627823502,0.8381639114665222,5.0,oursmain,core6,10,42
2024-02-14,-0.0025533747393637896,0.0,0.0,-0.0025533747393637896,0.8360237649075373,5.0,oursmain,core6,10,42
2024-02-15,-0.0002963282458949834,0.5,0.00025,-0.0005463282458949834,0.8355670215105289,5.0,oursmain,core6,10,42
2024-02-16,0.0009000041463878006,1.0,0.0005,0.00040000414638780056,0.835901251783718,5.0,oursmain,core6,10,42
2024-02-19,0.00010505132377147675,0.5,0.00025,-0.00014494867622852326,0.8357800890038142,5.0,oursmain,core6,10,42
2024-02-20,-0.0014354726590681821,0.0,0.0,-0.0014354726590681821,0.8345803495370556,5.0,oursmain,core6,10,42
2024-02-21,0.00013956007023807615,0.0,0.0,0.00013956007023807615,0.8346968236292563,5.0,oursmain,core6,10,42
2024-02-22,-0.001020404502924066,0.0,0.0,-0.001020404502924066,0.8338450952318487,5.0,oursmain,core6,10,42
2024-02-23,0.0024927637714426965,0.0,0.0,0.0024927637714426965,0.8359236740762378,5.0,oursmain,core6,10,42
2024-02-26,-0.0012830123741878197,0.0,0.0,-0.0012830123741878197,0.8348511736585215,5.0,oursmain,core6,10,42
2024-02-27,0.002589329600596102,0.5,0.00025,0.0023393296005961017,0.8368041657211531,5.0,oursmain,core6,10,42
2024-02-28,0.0013430494436761364,0.5,0.00025,0.0010930494436761364,0.8377188340489604,5.0,oursmain,core6,10,42
2024-02-29,-0.001842791822127765,0.5,0.00025,-0.0020927918221277653,0.8359656629238204,5.0,oursmain,core6,10,42
2024-03-01,0.0010386895155534148,0.5,0.00025,0.0007886895155534148,0.836624980277531,5.0,oursmain,core6,10,42
2024-03-04,0.0012916605919599533,1.0,0.0005,0.0007916605919599533,0.837287303304666,5.0,oursmain,core6,10,42
2024-03-05,-0.0010941058862954378,0.0,0.0,-0.0010941058862954378,0.8363712223376,5.0,oursmain,core6,10,42
2024-03-06,0.0007225179579108953,0.0,0.0,0.0007225179579108953,0.8369755155652188,5.0,oursmain,core6,10,42
2024-03-07,0.0002866805298253894,0.0,0.0,0.0002866805298253894,0.8372154601494719,5.0,oursmain,core6,10,42
2024-03-08,0.0009565227665007114,1.0,0.0005,0.00045652276650071143,0.8375976680674966,5.0,oursmain,core6,10,42
2024-03-11,-9.555673750583082e-05,0.5,0.00025,-0.00034555673750583083,0.8373082305499767,5.0,oursmain,core6,10,42
2024-03-12,0.0024213845945268986,0.5,0.00025,0.0021713845945268984,0.8391263487426635,5.0,oursmain,core6,10,42
2024-03-13,-0.0010365922935307026,0.0,0.0,-0.0010365922935307026,0.8382565168362582,5.0,oursmain,core6,10,42
2024-03-14,0.0028583737439475954,0.5,0.00025,0.002608373743947595,0.8404430031254668,5.0,oursmain,core6,10,42
2024-03-15,-0.0009965842473320663,0.0,0.0,-0.0009965842473320663,0.8396054308677715,5.0,oursmain,core6,10,42
2024-03-18,0.004612218996044248,0.0,0.0,0.004612218996044248,0.8434778749852018,5.0,oursmain,core6,10,42
2024-03-19,0.0042097945988643914,0.5,0.00025,0.003959794598864391,0.8468178741188297,5.0,oursmain,core6,10,42
2024-03-20,-0.008856508880853653,0.0,0.0,-0.008856508880853653,0.8393180240962307,5.0,oursmain,core6,10,42
2024-03-21,-0.0003432914090808481,0.0,0.0,-0.0003432914090808481,0.8390298934290717,5.0,oursmain,core6,10,42
2024-03-22,-0.002650118200108409,1.0,0.0005,-0.003150118200108409,0.8363868500913458,5.0,oursmain,core6,10,42
2024-03-25,-0.0026450948498677462,0.5,0.00025,-0.0028950948498677465,0.8339654308291493,5.0,oursmain,core6,10,42
2024-03-26,0.0011050134780816734,0.5,0.00025,0.0008550134780816734,0.8346784825127623,5.0,oursmain,core6,10,42
2024-03-27,-0.003224080428481102,0.0,0.0,-0.003224080428481102,0.8319874119532187,5.0,oursmain,core6,10,42
2024-03-28,-0.0003866612387355417,0.0,0.0,-0.0003866612387355417,0.8316657146699005,5.0,oursmain,core6,10,42
2024-03-29,0.0015917140408419073,0.5,0.00025,0.0013417140408419073,0.8327815722365598,5.0,oursmain,core6,10,42
2024-04-01,0.000877890721312724,0.0,0.0,0.000877890721312724,0.8335126634517065,5.0,oursmain,core6,10,42
2024-04-02,-0.0011228490475332364,0.5,0.00025,-0.0013728490475332364,0.8323683763855799,5.0,oursmain,core6,10,42
2024-04-03,-0.0005194051082071383,0.5,0.00025,-0.0007694051082071383,0.8317279479048788,5.0,oursmain,core6,10,42
2024-04-04,0.00046311577898450196,0.5,0.00025,0.00021311577898450195,0.8319052022543997,5.0,oursmain,core6,10,42
2024-04-05,0.004416223266161978,0.5,0.00025,0.004166223266161978,0.8353711050632731,5.0,oursmain,core6,10,42
2024-04-08,-2.8734939405694604e-05,0.0,0.0,-2.8734939405694604e-05,0.8353471007251878,5.0,oursmain,core6,10,42
2024-04-09,-0.004614374600350857,0.0,0.0,-0.004614374600350857,0.8314924962811248,5.0,oursmain,core6,10,42
2024-04-10,-0.00048106908798217773,0.0,0.0,-0.00048106908798217773,0.8310924909442747,5.0,oursmain,core6,10,42
2024-04-11,-0.004872012214036658,0.5,0.00025,-0.005122012214036659,0.826835625054664,5.0,oursmain,core6,10,42
2024-04-12,0.0002063217107206583,0.5,0.00025,-4.36782892793417e-05,0.8267995102890464,5.0,oursmain,core6,10,42
2024-04-15,0.0002824020339176059,0.0,0.0,0.0002824020339176059,0.8270330001523941,5.0,oursmain,core6,10,42
2024-04-16,0.00028119131457060575,0.0,0.0,0.00028119131457060575,0.8272655546489003,5.0,oursmain,core6,10,42
2024-04-17,-0.0010237104361294769,0.5,0.00025,-0.0012737104361294769,0.8262118578784936,5.0,oursmain,core6,10,42
2024-04-18,-0.0009163623326458037,0.0,0.0,-0.0009163623326458037,0.8254547484531485,5.0,oursmain,core6,10,42
2024-04-19,-0.0003756314981728792,0.0,0.0,-0.0003756314981728792,0.8251446816493131,5.0,oursmain,core6,10,42
2024-04-22,0.0022476629819720984,0.0,0.0,0.0022476629819720984,0.8269993288050274,5.0,oursmain,core6,10,42
2024-04-23,-0.0002191628736909479,0.0,0.0,-0.0002191628736909479,0.826818081255586,5.0,oursmain,core6,10,42
2024-04-24,0.0032213922822847962,0.5,0.00025,0.002971392282284796,0.8292748821210822,5.0,oursmain,core6,10,42
2024-04-25,0.006816482717113104,0.0,0.0,0.006816482717113104,0.8349276200227966,5.0,oursmain,core6,10,42
2024-04-26,-0.006518030015286058,0.5,0.00025,-0.006768030015286058,0.829276804829891,5.0,oursmain,core6,10,42
2024-04-29,0.002656252821907401,0.5,0.00025,0.002406252821907401,0.8312722544816552,5.0,oursmain,core6,10,42
2024-04-30,-0.0032309242233168334,0.0,0.0,-0.0032309242233168334,0.8285864768184792,5.0,oursmain,core6,10,42
2024-05-01,-0.008863648330589058,0.0,0.0,-0.008863648330589058,0.8212421776764784,5.0,oursmain,core6,10,42
2024-05-02,-0.0014146031553536886,0.0,0.0,-0.0014146031553536886,0.8200804459006278,5.0,oursmain,core6,10,42
2024-05-03,0.0019786748744081706,0.0,0.0,0.0019786748744081706,0.8217031184739249,5.0,oursmain,core6,10,42
2024-05-06,9.58264572545886e-05,0.5,0.00025,-0.0001541735427454114,0.8215764335930648,5.0,oursmain,core6,10,42
2024-05-07,0.0014696824218844995,0.0,0.0,0.0014696824218844995,0.822783890035751,5.0,oursmain,core6,10,42
2024-05-08,-0.0009200624190270901,0.0,0.0,-0.0009200624190270901,0.8220268774995482,5.0,oursmain,core6,10,42
2024-05-09,-0.0005486809677677229,0.0,0.0,-0.0005486809677677229,0.8215758469968706,5.0,oursmain,core6,10,42
2024-05-10,4.015723243355751e-05,0.0,0.0,4.015723243355751e-05,0.8216088392091202,5.0,oursmain,core6,10,42
2024-05-13,0.00021279160864651203,0.0,0.0,0.00021279160864651203,0.8217836706756937,5.0,oursmain,core6,10,42
2024-05-14,-0.0034068890381604433,0.5,0.00025,-0.0036568890381604435,0.8187784989786605,5.0,oursmain,core6,10,42
2024-05-15,-0.0008643462206237018,0.0,0.0,-0.0008643462206237018,0.8180707908775403,5.0,oursmain,core6,10,42
2024-05-16,0.0007169682940002531,0.5,0.00025,0.0004669682940002531,0.8184528039991278,5.0,oursmain,core6,10,42
2024-05-17,0.0018454973032930866,0.5,0.00025,0.0015954973032930866,0.819758643240781,5.0,oursmain,core6,10,42
2024-05-20,-0.0006719613647874212,0.5,0.00025,-0.0009219613647874212,0.8190028574432624,5.0,oursmain,core6,10,42
2024-05-21,0.0015081115416251123,0.5,0.00025,0.0012581115416251123,0.8200332543908356,5.0,oursmain,core6,10,42
2024-05-22,0.0007415397558361292,0.5,0.00025,0.0004915397558361292,0.8204363333364764,5.0,oursmain,core6,10,42
2024-05-23,-0.004064466280397028,1.0,0.0005,-0.004564466280397028,0.8166914793577494,5.0,oursmain,core6,10,42
2024-05-24,-0.0013593994663096964,0.0,0.0,-0.0013593994663096964,0.8155812693965708,5.0,oursmain,core6,10,42
2024-05-27,0.0043698934314306825,0.0,0.0,0.0043698934314306825,0.8191452726285048,5.0,oursmain,core6,10,42
2024-05-28,0.0010889905388467014,0.0,0.0,0.0010889905388467014,0.8200373140803382,5.0,oursmain,core6,10,42
2024-05-29,0.0044547488214448094,0.5,0.00025,0.004204748821444809,0.8234853650102582,5.0,oursmain,core6,10,42
2024-05-30,-0.00015057972632348537,0.0,0.0,-0.00015057972632348537,0.8233613648093635,5.0,oursmain,core6,10,42
2024-05-31,0.0013030767440795898,0.5,0.00025,0.0010530767440795898,0.8242284275146178,5.0,oursmain,core6,10,42
2024-06-03,-0.001768606947734952,0.0,0.0,-0.001768606947734952,0.8227706913911947,5.0,oursmain,core6,10,42
2024-06-04,-0.0017764701624400914,0.5,0.00025,-0.0020264701624400916,0.8211033711345603,5.0,oursmain,core6,10,42
2024-06-05,0.0022486206144094467,0.0,0.0,0.0022486206144094467,0.8229497211014546,5.0,oursmain,core6,10,42
2024-06-06,-0.003269825829192996,0.0,0.0,-0.003269825829192996,0.8202588188472699,5.0,oursmain,core6,10,42
2024-06-07,0.002179334383981768,0.5,0.00025,0.001929334383981768,0.8218413723902361,5.0,oursmain,core6,10,42
2024-06-10,-0.001999930798774585,0.0,0.0,-0.001999930798774585,0.8201977465178857,5.0,oursmain,core6,10,42
2024-06-11,0.0065543484524823725,0.0,0.0,0.0065543484524823725,0.8255736083485047,5.0,oursmain,core6,10,42
2024-06-12,-0.0016580111841904,0.0,0.0,-0.0016580111841904,0.8242047980724905,5.0,oursmain,core6,10,42
2024-06-13,0.0006381605053320527,0.5,0.00025,0.0003881605053320527,0.8245247218234073,5.0,oursmain,core6,10,42
2024-06-14,-0.0008023132686503232,0.5,0.00025,-0.0010523132686503232,0.8236570635183024,5.0,oursmain,core6,10,42
2024-06-17,0.007202282169600949,0.0,0.0,0.007202282169600949,0.8295892741007461,5.0,oursmain,core6,10,42
2024-06-18,1.473200973123312e-05,0.5,0.00025,-0.00023526799026876689,0.82939409829948,5.0,oursmain,core6,10,42
2024-06-19,0.0022159515065141022,0.0,0.0,0.0022159515065141022,0.8312319954011006,5.0,oursmain,core6,10,42
2024-06-20,0.0010996934142895043,0.5,0.00025,0.0008496934142895043,0.8319382877533396,5.0,oursmain,core6,10,42
2024-06-21,-0.00020579085685312748,0.5,0.00025,-0.0004557908568531275,0.8315590978883156,5.0,oursmain,core6,10,42
2024-06-24,0.0009534279724903172,1.5,0.00075,0.00020342797249031717,0.8317282602696049,5.0,oursmain,core6,10,42
2024-06-25,-0.0009025424369610846,0.5,0.00025,-0.0011525424369610846,0.8307696581536244,5.0,oursmain,core6,10,42
2024-06-26,-0.0013171451355447061,0.5,0.00025,-0.0015671451355447061,0.8294677215250907,5.0,oursmain,core6,10,42
2024-06-27,-0.004245597439876292,0.0,0.0,-0.004245597439876292,0.8259461354901237,5.0,oursmain,core6,10,42
2024-06-28,-0.0002660716854734346,0.0,0.0,-0.0002660716854734346,0.8257263746097436,5.0,oursmain,core6,10,42
2024-07-01,-0.001283983961911872,0.5,0.00025,-0.001533983961911872,0.8244597235941646,5.0,oursmain,core6,10,42
2024-07-02,-0.002415262220893055,0.5,0.00025,-0.0026652622208930554,0.8222623222402212,5.0,oursmain,core6,10,42
2024-07-03,-0.0003715167404152453,0.0,0.0,-0.0003715167404152453,0.8219568380224963,5.0,oursmain,core6,10,42
2024-07-04,0.0051599451107904315,0.0,0.0,0.0051599451107904315,0.8261980901901312,5.0,oursmain,core6,10,42
2024-07-05,-0.0026592095382511616,0.0,0.0,-0.0026592095382511616,0.8240010563482127,5.0,oursmain,core6,10,42
2024-07-08,-0.00047766975876584183,0.0,0.0,-0.00047766975876584183,0.8236074559624041,5.0,oursmain,core6,10,42
2024-07-09,-0.0031814272806514055,0.0,0.0,-0.0031814272806514055,0.8209872087334574,5.0,oursmain,core6,10,42
2024-07-10,0.010862720431759953,0.0,0.0,0.010862720431759953,0.8299053632599799,5.0,oursmain,core6,10,42
2024-07-11,-0.0006289452139753848,0.0,0.0,-0.0006289452139753848,0.829383398253705,5.0,oursmain,core6,10,42
2024-07-12,0.0016984459944069386,0.0,0.0,0.0016984459944069386,0.8307920611642966,5.0,oursmain,core6,10,42
2024-07-15,0.00025750902932486497,0.5,0.00025,7.5090293248649635e-06,0.8307982996062466,5.0,oursmain,core6,10,42
2024-07-16,0.011734468629583716,0.0,0.0,0.011734468629583716,0.8405472761904876,5.0,oursmain,core6,10,42
2024-07-17,-0.003559672739356756,0.0,0.0,-0.003559672739356756,0.8375552029652917,5.0,oursmain,core6,10,42
2024-07-18,-0.00043723152339225635,0.0,0.0,-0.00043723152339225635,0.8371889974279741,5.0,oursmain,core6,10,42
2024-07-19,-0.005642098501994042,1.0,0.0005,-0.006142098501994042,0.8320469001409859,5.0,oursmain,core6,10,42
2024-07-22,0.0005922835553064942,0.0,0.0,0.0005922835553064942,0.8325397078371832,5.0,oursmain,core6,10,42
2024-07-23,-0.001745490764733404,0.0,0.0,-0.001745490764733404,0.8310865174658796,5.0,oursmain,core6,10,42
2024-07-24,-0.005148389522219077,0.5,0.00025,-0.005398389522219077,0.8265999887179343,5.0,oursmain,core6,10,42
2024-07-25,0.001388613905874081,0.0,0.0,0.001388613905874081,0.8277478169568634,5.0,oursmain,core6,10,42
2024-07-26,-0.002279117237776518,0.5,0.00025,-0.002529117237776518,0.8256543456844659,5.0,oursmain,core6,10,42
2024-07-29,-0.006101945953560062,0.0,0.0,-0.006101945953560062,0.8206162474907773,5.0,oursmain,core6,10,42
2024-07-30,-0.0105455526500009,0.0,0.0,-0.0105455526500009,0.8119623956474171,5.0,oursmain,core6,10,42
2024-07-31,-0.008415650692768395,0.0,0.0,-0.008415650692768395,0.8051292037499851,5.0,oursmain,core6,10,42
2024-08-01,-0.021617756523482967,0.0,0.0,-0.021617756523482967,0.7877241166533722,5.0,oursmain,core6,10,42
2024-08-02,0.0028065418009646237,0.5,0.00025,0.0025565418009646235,0.7897379662852244,5.0,oursmain,core6,10,42
2024-08-05,-0.00837780610891059,0.0,0.0,-0.00837780610891059,0.7831216947268415,5.0,oursmain,core6,10,42
2024-08-06,0.009694882144685835,0.0,0.0,0.009694882144685835,0.7907139672621648,5.0,oursmain,core6,10,42
2024-08-07,0.012990490416996181,0.0,0.0,0.012990490416996181,0.800985729476469,5.0,oursmain,core6,10,42
2024-08-08,-0.003076021099332138,0.0,0.0,-0.003076021099332138,0.7985218804723354,5.0,oursmain,core6,10,42
2024-08-09,0.00020041312382090837,0.0,0.0,0.00020041312382090837,0.7986819147368402,5.0,oursmain,core6,10,42
2024-08-12,0.005080869188532233,0.0,0.0,0.005080869188532233,0.8027399130688646,5.0,oursmain,core6,10,42
2024-08-13,-0.0009006885375129059,0.0,0.0,-0.0009006885375129059,0.8020168944305593,5.0,oursmain,core6,10,42
2024-08-14,0.009025154111441225,0.5,0.00025,0.008775154111441225,0.8090547162791669,5.0,oursmain,core6,10,42
2024-08-15,-0.0004141752142459154,0.5,0.00025,-0.0006641752142459154,0.8085173621896455,5.0,oursmain,core6,10,42
2024-08-16,-0.0023683864856138825,0.0,0.0,-0.0023683864856138825,0.8066024805956514,5.0,oursmain,core6,10,42
2024-08-19,0.00036958756390959024,0.0,0.0,0.00036958756390959024,0.8069005908414982,5.0,oursmain,core6,10,42
2024-08-20,0.001691891869995743,0.5,0.00025,0.001441891869995743,0.8080640542433273,5.0,oursmain,core6,10,42
2024-08-21,0.004869312411756255,0.0,0.0,0.004869312411756255,0.8119987705721484,5.0,oursmain,core6,10,42
2024-08-22,-0.0013442335184663534,0.0,0.0,-0.0013442335184663534,0.8109072546077919,5.0,oursmain,core6,10,42
2024-08-23,0.0007461364584742114,0.0,0.0,0.0007461364584742114,0.811512302074896,5.0,oursmain,core6,10,42
2024-08-26,0.0032800965127535164,0.5,0.00025,0.003030096512753516,0.8139712626714697,5.0,oursmain,core6,10,42
2024-08-27,-0.0010325932162231766,0.0,0.0,-0.0010325932162231766,0.8131307614674345,5.0,oursmain,core6,10,42
2024-08-28,-0.0038144115824252367,0.5,0.00025,-0.004064411582425237,0.8098258633825,5.0,oursmain,core6,10,42
2024-08-29,0.0030946163460612297,0.5,0.00025,0.0028446163460612295,0.8121295072709409,5.0,oursmain,core6,10,42
2024-08-30,0.0035056798205914674,1.0,0.0005,0.0030056798205914674,0.8145705085426521,5.0,oursmain,core6,10,42
2024-09-02,-0.007085459714289755,0.0,0.0,-0.007085459714289755,0.8087989020199247,5.0,oursmain,core6,10,42
2024-09-03,-0.006683132713078521,0.0,0.0,-0.006683132713078521,0.8033935916195333,5.0,oursmain,core6,10,42
2024-09-04,0.0005255243449937552,0.5,0.00025,0.0002755243449937552,0.8036149461126364,5.0,oursmain,core6,10,42
2024-09-05,-0.008428421977441758,0.5,0.00025,-0.008678421977441758,0.7966408365028919,5.0,oursmain,core6,10,42
2024-09-06,0.0022585061378777027,0.0,0.0,0.0022585061378777027,0.7984400547218177,5.0,oursmain,core6,10,42
2024-09-09,-0.0021871119970455766,0.5,0.00025,-0.002437111997045577,0.7964941668855334,5.0,oursmain,core6,10,42
2024-09-10,-0.0016086801479104906,0.0,0.0,-0.0016086801479104906,0.7952128625313382,5.0,oursmain,core6,10,42
2024-09-11,0.0030568687652703375,0.0,0.0,0.0030568687652703375,0.7976437238925514,5.0,oursmain,core6,10,42
2024-09-12,-0.0023864222457632422,0.5,0.00025,-0.0026364222457632425,0.7955407982346877,5.0,oursmain,core6,10,42
2024-09-13,0.0029242996824905276,0.0,0.0,0.0029242996824905276,0.7978671979383737,5.0,oursmain,core6,10,42
2024-09-16,0.004836216801777482,0.0,0.0,0.004836216801777482,0.8017258566866303,5.0,oursmain,core6,10,42
2024-09-17,0.004810577258467674,0.0,0.0,0.004810577258467674,0.8055826208603325,5.0,oursmain,core6,10,42
2024-09-18,0.006692225229926407,0.5,0.00025,0.006442225229926407,0.8107723655452291,5.0,oursmain,core6,10,42
2024-09-19,0.0049689003244566265,0.0,0.0,0.0049689003244566265,0.8148010126154472,5.0,oursmain,core6,10,42
2024-09-20,0.0009763119742274284,0.0,0.0,0.0009763119742274284,0.8155965126006763,5.0,oursmain,core6,10,42
2024-09-23,5.24462666362524e-05,0.0,0.0,5.24462666362524e-05,0.8156392875928438,5.0,oursmain,core6,10,42
2024-09-24,0.006433430127799511,0.0,0.0,0.006433430127799511,0.8208866459590605,5.0,oursmain,core6,10,42
2024-09-25,0.003776670855586417,0.0,0.0,0.003776670855586417,0.8239868646305941,5.0,oursmain,core6,10,42
2024-09-26,-0.003648557816632092,0.5,0.00025,-0.0038985578166320922,0.8207745041986864,5.0,oursmain,core6,10,42
2024-09-27,0.005322840239387006,0.0,0.0,0.005322840239387006,0.8251433557570981,5.0,oursmain,core6,10,42
2024-09-30,0.004999522177968174,0.5,0.00025,0.004749522177968174,0.8290623924252695,5.0,oursmain,core6,10,42
2024-10-01,-0.007383680815109983,0.0,0.0,-0.007383680815109983,0.8229408603437898,5.0,oursmain,core6,10,42
2024-10-02,-0.0007780952728353441,0.0,0.0,-0.0007780952728353441,0.8223005339505333,5.0,oursmain,core6,10,42
2024-10-03,-0.0010443060891702771,0.0,0.0,-0.0010443060891702771,0.8214418004958007,5.0,oursmain,core6,10,42
2024-10-04,0.0010993953328579664,0.5,0.00025,0.0008493953328579664,0.8221395293273562,5.0,oursmain,core6,10,42
2024-10-07,0.0033071819379983936,0.5,0.00025,0.0030571819379983933,0.8246529594469303,5.0,oursmain,core6,10,42
2024-10-08,0.0026605704333633184,1.0,0.0005,0.0021605704333633184,0.8264346802488969,5.0,oursmain,core6,10,42
2024-10-09,-0.004545356263406575,1.0,0.0005,-0.005045356263406575,0.8222650228586067,5.0,oursmain,core6,10,42
2024-10-10,0.0035498079378157854,0.0,0.0,0.0035498079378157854,0.8251839057637385,5.0,oursmain,core6,10,42
2024-10-11,0.002545822353567928,0.0,0.0,0.002545822353567928,0.8272846773968363,5.0,oursmain,core6,10,42
2024-10-14,-0.004356287303380668,0.0,0.0,-0.004356287303380668,0.8236807876604111,5.0,oursmain,core6,10,42
2024-10-15,0.0006272333557717502,0.0,0.0,0.0006272333557717502,0.8241974277249401,5.0,oursmain,core6,10,42
2024-10-16,0.0036283104855101556,0.0,0.0,0.0036283104855101556,0.8271878718940849,5.0,oursmain,core6,10,42
2024-10-17,-0.002536646803491749,0.0,0.0,-0.002536646803491749,0.8250895884229577,5.0,oursmain,core6,10,42
2024-10-18,5.618418799713254e-05,0.5,0.00025,-0.00019381581200286747,0.8249296730144023,5.0,oursmain,core6,10,42
2024-10-21,0.0038107717628008686,0.5,0.00025,0.0035607717628008684,0.8278670593003685,5.0,oursmain,core6,10,42
2024-10-22,0.0037619192735292017,0.5,0.00025,0.0035119192735292015,0.8307744615818453,5.0,oursmain,core6,10,42
2024-10-23,-0.004120928409975022,0.5,0.00025,-0.004370928409975022,0.8271432058854356,5.0,oursmain,core6,10,42
2024-10-24,0.001619534334167838,0.0,0.0,0.001619534334167838,0.8284827927066407,5.0,oursmain,core6,10,42
2024-10-25,0.004459232222870924,0.5,0.00025,0.004209232222870923,0.8319700691737956,5.0,oursmain,core6,10,42
2024-10-28,0.00040263048140332103,0.5,0.00025,0.00015263048140332102,0.8320970531659666,5.0,oursmain,core6,10,42
2024-10-29,-0.0015798026724951342,0.0,0.0,-0.0015798026724951342,0.8307825040175997,5.0,oursmain,core6,10,42
2024-10-30,-0.0008033851627260447,0.0,0.0,-0.0008033851627260447,0.8301150656804196,5.0,oursmain,core6,10,42
2024-10-31,-0.004306176269892603,0.5,0.00025,-0.004556176269892603,0.8263329151168861,5.0,oursmain,core6,10,42
2024-11-01,0.002435349131701514,1.0,0.0005,0.0019353491317015141,0.827932157806654,5.0,oursmain,core6,10,42
2024-11-04,-0.003343571093864739,0.5,0.00025,-0.003593571093864739,0.8249569247366789,5.0,oursmain,core6,10,42
2024-11-05,-0.0062143816612660885,0.0,0.0,-0.0062143816612660885,0.8198303275522608,5.0,oursmain,core6,10,42
2024-11-06,-0.006673005293123424,0.0,0.0,-0.006673005293123424,0.8143595954370415,5.0,oursmain,core6,10,42
2024-11-07,0.006618998944759369,0.5,0.00025,0.006368998944759369,0.8195462508410346,5.0,oursmain,core6,10,42
2024-11-08,-0.0012922548921778798,0.0,0.0,-0.0012922548921778798,0.8184871881890192,5.0,oursmain,core6,10,42
2024-11-11,0.004522161209024489,0.5,0.00025,0.004272161209024489,0.8219838974044839,5.0,oursmain,core6,10,42
2024-11-12,0.000308407936245203,0.5,0.00025,5.840793624520301e-05,0.822031907787558,5.0,oursmain,core6,10,42
2024-11-13,-0.00254323345143348,0.0,0.0,-0.00254323345143348,0.8199412887415269,5.0,oursmain,core6,10,42
2024-11-14,-0.00584405058179982,1.0,0.0005,-0.0063440505817998205,0.8147395397316446,5.0,oursmain,core6,10,42
2024-11-15,0.0023391375871142372,0.5,0.00025,0.002089137587114237,0.8164416427278061,5.0,oursmain,core6,10,42
2024-11-18,-0.0005165801849216223,1.0,0.0005,-0.0010165801849216223,0.8156116643316642,5.0,oursmain,core6,10,42
2024-11-19,0.0015240468783304095,0.0,0.0,0.0015240468783304095,0.8168546947426187,5.0,oursmain,core6,10,42
2024-11-20,-0.000421229749917984,1.0,0.0005,-0.000921229749917984,0.8161021838964617,5.0,oursmain,core6,10,42
2024-11-21,0.0016014242719393224,0.5,0.00025,0.0013514242719393223,0.817205084196162,5.0,oursmain,core6,10,42
2024-11-22,-0.006547837430844083,0.5,0.00025,-0.006797837430844084,0.8116498568861372,5.0,oursmain,core6,10,42
2024-11-25,0.0017118030227720737,0.0,0.0,0.0017118030227720737,0.8130392415645874,5.0,oursmain,core6,10,42
2024-11-26,-0.003573083784431219,0.5,0.00025,-0.0038230837844312193,0.8099309244240556,5.0,oursmain,core6,10,42
2024-11-27,0.0003648964575404534,0.0,0.0,0.0003648964575404534,0.8102264653492304,5.0,oursmain,core6,10,42
2024-11-28,0.0,0.5,0.00025,-0.00025,0.8100239087328931,5.0,oursmain,core6,10,42
2024-11-29,-0.004417858450324275,0.0,0.0,-0.004417858450324275,0.8064453377627328,5.0,oursmain,core6,10,42
2024-12-02,0.00033834529313025996,0.0,0.0,0.00033834529313025996,0.8067181947469316,5.0,oursmain,core6,10,42
2024-12-03,0.0023709811794105917,0.0,0.0,0.0023709811794105917,0.8086309084037647,5.0,oursmain,core6,10,42
2024-12-04,-9.990343824028969e-05,0.0,0.0,-9.990343824028969e-05,0.8085501233957478,5.0,oursmain,core6,10,42
2024-12-05,-0.00532439119706396,0.0,0.0,-0.00532439119706396,0.8042450862363545,5.0,oursmain,core6,10,42
2024-12-06,0.003663170453364728,0.0,0.0,0.003663170453364728,0.8071911730735193,5.0,oursmain,core6,10,42
2024-12-09,0.0023969947651494294,0.5,0.00025,0.0021469947651494292,0.8089242082965828,5.0,oursmain,core6,10,42
2024-12-10,0.0015015967073850334,0.0,0.0,0.0015015967073850334,0.8101388862242851,5.0,oursmain,core6,10,42
2024-12-11,0.0021082557504996657,0.0,0.0,0.0021082557504996657,0.8118468661898708,5.0,oursmain,core6,10,42
2024-12-12,0.0040901409374782816,0.0,0.0,0.0040901409374782816,0.8151674342922375,5.0,oursmain,core6,10,42
2024-12-13,0.0003023211029358208,0.5,0.00025,5.232110293582081e-05,0.8152100847514769,5.0,oursmain,core6,10,42
2024-12-16,0.002332522824872285,0.5,0.00025,0.002082522824872285,0.8169077783600379,5.0,oursmain,core6,10,42
2024-12-17,-0.002452425891533494,0.0,0.0,-0.002452425891533494,0.8149043725733927,5.0,oursmain,core6,10,42
2024-12-18,-0.00632573023904115,0.0,0.0,-0.00632573023904115,0.8097495073418783,5.0,oursmain,core6,10,42
2024-12-19,0.002378830569796264,0.0,0.0,0.002378830569796264,0.8116757642238207,5.0,oursmain,core6,10,42
2024-12-20,-0.0010347084607928991,0.5,0.00025,-0.0012847084607928991,0.8106329975021018,5.0,oursmain,core6,10,42
2024-12-23,0.000646198182948865,0.0,0.0,0.000646198182948865,0.8111568270721261,5.0,oursmain,core6,10,42
2024-12-24,-0.0005208479633438401,0.0,0.0,-0.0005208479633438401,0.8107343376907932,5.0,oursmain,core6,10,42
2024-12-25,0.0005515989469131455,0.5,0.00025,0.0003015989469131455,0.810978854313267,5.0,oursmain,core6,10,42
2024-12-26,-0.0007436993473675102,0.0,0.0,-0.0007436993473675102,0.8103757298685854,5.0,oursmain,core6,10,42
2024-12-27,-0.0007364368066191673,0.0,0.0,-0.0007364368066191673,0.8097789393539193,5.0,oursmain,core6,10,42
2024-12-30,0.002741058124229312,0.0,0.0,0.002741058124229312,0.8119985904944652,5.0,oursmain,core6,10,42
2024-12-31,-0.004052609030622989,0.5,0.00025,-0.004302609030622989,0.8085048780261506,5.0,oursmain,core6,10,42
2025-01-01,-0.003792967996560037,0.0,0.0,-0.003792967996560037,0.8054382448987347,5.0,oursmain,core6,10,42
2025-01-02,0.002703431062400341,0.5,0.00025,0.002453431062400341,0.8074143321076144,5.0,oursmain,core6,10,42
2025-01-03,-0.0011680673342198133,0.5,0.00025,-0.0014180673342198134,0.8062693642180717,5.0,oursmain,core6,10,42
2025-01-06,-0.0023862379894126207,0.0,0.0,-0.0023862379894126207,0.8043454136314749,5.0,oursmain,core6,10,42
2025-01-07,-0.0034663170954445377,0.5,0.00025,-0.003716317095444538,0.8013562110201539,5.0,oursmain,core6,10,42
2025-01-08,-0.0005213578697293997,0.5,0.00025,-0.0007713578697293997,0.800738078600327,5.0,oursmain,core6,10,42
2025-01-09,-0.001991818193346262,0.0,0.0,-0.001991818193346262,0.7991431539272658,5.0,oursmain,core6,10,42
2025-01-10,-0.0006082039326429367,0.5,0.00025,-0.0008582039326429367,0.7984573261298207,5.0,oursmain,core6,10,42
2025-01-13,0.0008277295273728669,0.0,0.0,0.0008277295273728669,0.7991182328350055,5.0,oursmain,core6,10,42
2025-01-14,-0.007043389312457293,0.0,0.0,-0.007043389312457293,0.7934897320144657,5.0,oursmain,core6,10,42
2025-01-15,-0.002868328068871051,0.0,0.0,-0.002868328068871051,0.7912137431437677,5.0,oursmain,core6,10,42
2025-01-16,-0.0006457091658376157,0.0,0.0,-0.0006457091658376157,0.7907028491776831,5.0,oursmain,core6,10,42
2025-01-17,0.007842940278351307,0.0,0.0,0.007842940278351307,0.7969042844017059,5.0,oursmain,core6,10,42
2025-01-20,-0.00347433342540171,0.0,0.0,-0.00347433342540171,0.7941355732095632,5.0,oursmain,core6,10,42
2025-01-21,0.0011753359285648912,0.0,0.0,0.0011753359285648912,0.7950689492809079,5.0,oursmain,core6,10,42
2025-01-22,-0.0008282679482363164,0.0,0.0,-0.0008282679482363164,0.7944104191535806,5.0,oursmain,core6,10,42
2025-01-23,0.000513975799549371,0.0,0.0,0.000513975799549371,0.7948187268839354,5.0,oursmain,core6,10,42
2025-01-24,0.0011307549430057406,0.5,0.00025,0.0008807549430057406,0.7955187674064319,5.0,oursmain,core6,10,42
2025-01-27,0.003894463305186946,0.0,0.0,0.003894463305186946,0.7986168860546838,5.0,oursmain,core6,10,42
2025-01-28,0.0006357519596349448,0.5,0.00025,0.0003857519596349448,0.798924954083477,5.0,oursmain,core6,10,42
2025-01-29,-0.006839564855908975,0.5,0.00025,-0.007089564855908975,0.793260923806498,5.0,oursmain,core6,10,42
2025-01-30,-0.0007214430370368063,0.0,0.0,-0.0007214430370368063,0.7926886312364645,5.0,oursmain,core6,10,42
2025-01-31,-0.0044597245287150145,0.0,0.0,-0.0044597245287150145,0.7891534583041057,5.0,oursmain,core6,10,42
2025-02-03,-0.004763305187225342,0.0,0.0,-0.004763305187225342,0.7853944795426488,5.0,oursmain,core6,10,42
2025-02-04,-0.0035113953053951263,1.0,0.0005,-0.004011395305395127,0.7822439518145282,5.0,oursmain,core6,10,42
2025-02-05,-0.005689166224328801,0.0,0.0,-0.005689166224328801,0.7777936359446795,5.0,oursmain,core6,10,42
2025-02-06,0.0017320023034699261,0.0,0.0,0.0017320023034699261,0.77914077631376,5.0,oursmain,core6,10,42
2025-02-07,-0.000288220020593144,0.0,0.0,-0.000288220020593144,0.7789162123431659,5.0,oursmain,core6,10,42
2025-02-10,0.0010389037197455764,0.0,0.0,0.0010389037197455764,0.7797254312935393,5.0,oursmain,core6,10,42
2025-02-11,0.003052634303458035,0.5,0.00025,0.0028026343034580348,0.7819107165345611,5.0,oursmain,core6,10,42
2025-02-12,0.00263372715562582,0.5,0.00025,0.00238372715562582,0.7837745783428394,5.0,oursmain,core6,10,42
2025-02-13,-0.0017614701064303517,0.0,0.0,-0.0017614701064303517,0.7823939828529084,5.0,oursmain,core6,10,42
2025-02-14,-0.000886179299413925,0.5,0.00025,-0.001136179299413925,0.781505043005605,5.0,oursmain,core6,10,42
2025-02-17,0.0003276229981565848,0.0,0.0,0.0003276229981565848,0.7817610820308689,5.0,oursmain,core6,10,42
2025-02-18,-0.0035052652237936854,0.5,0.00025,-0.0037552652237936857,0.7788253618262031,5.0,oursmain,core6,10,42
2025-02-19,-0.0012727747671306133,0.5,0.00025,-0.0015227747671306133,0.7776393862172128,5.0,oursmain,core6,10,42
2025-02-20,0.0001570027379784733,0.0,0.0,0.0001570027379784733,0.7777614777300088,5.0,oursmain,core6,10,42
2025-02-21,0.0032253891113214195,0.0,0.0,0.0032253891113214195,0.7802700611314844,5.0,oursmain,core6,10,42
2025-02-24,0.008125295396894217,0.5,0.00025,0.007875295396894216,0.7864149183522475,5.0,oursmain,core6,10,42
2025-02-25,0.001191057643154636,0.0,0.0,0.001191057643154636,0.7873515838514418,5.0,oursmain,core6,10,42
2025-02-26,0.0026302419137209654,0.0,0.0,0.0026302419137209654,0.7894225089881224,5.0,oursmain,core6,10,42
2025-02-27,0.0036095448303967714,0.5,0.00025,0.003359544830396771,0.7920746092971922,5.0,oursmain,core6,10,42
2025-02-28,0.0011683202683343552,0.5,0.00025,0.0009183202683343552,0.7928019874649428,5.0,oursmain,core6,10,42
2025-03-03,0.012156875454820693,0.5,0.00025,0.011906875454820692,0.8022417819900222,5.0,oursmain,core6,10,42
2025-03-04,-0.007789597031660378,0.0,0.0,-0.007789597031660378,0.7959926417863588,5.0,oursmain,core6,10,42
2025-03-05,-0.0004208926693536341,0.5,0.00025,-0.0006708926693536341,0.7954586161581249,5.0,oursmain,core6,10,42
2025-03-06,0.00782091508153826,0.5,0.00025,0.00757091508153826,0.8014809657919358,5.0,oursmain,core6,10,42
2025-03-07,-0.0022695979569107294,0.0,0.0,-0.0022695979569107294,0.7996619262294716,5.0,oursmain,core6,10,42
2025-03-10,0.004141554454690777,0.5,0.00025,0.0038915544546907765,0.8027738541607364,5.0,oursmain,core6,10,42
2025-03-11,4.183338023722172e-05,0.0,0.0,4.183338023722172e-05,0.8028074369046221,5.0,oursmain,core6,10,42
2025-03-12,-0.0004147979343542829,0.5,0.00025,-0.0006647979343542829,0.8022737321788836,5.0,oursmain,core6,10,42
2025-03-13,-0.0008971566567197442,0.0,0.0,-0.0008971566567197442,0.801553966959548,5.0,oursmain,core6,10,42
2025-03-14,0.004630540614016354,0.0,0.0,0.004630540614016354,0.8052655951578801,5.0,oursmain,core6,10,42
2025-03-17,0.002435325877740979,0.0,0.0,0.002435325877740979,0.8072266793002226,5.0,oursmain,core6,10,42
2025-03-18,-0.0006712906033499166,0.5,0.00025,-0.0009212906033499166,0.8064829889458099,5.0,oursmain,core6,10,42
2025-03-19,-0.001742919150274247,0.0,0.0,-0.001742919150274247,0.8050773543000058,5.0,oursmain,core6,10,42
2025-03-20,0.0005829313595313579,0.5,0.00025,0.0003329313595313579,0.8053453897981008,5.0,oursmain,core6,10,42
2025-03-21,-0.0016575710242250352,0.0,0.0,-0.0016575710242250352,0.8040104726154782,5.0,oursmain,core6,10,42
2025-03-24,-0.004453778030438116,0.5,0.00025,-0.004703778030438116,0.8002285858181474,5.0,oursmain,core6,10,42
2025-03-25,-0.002035939251072705,0.0,0.0,-0.002035939251072705,0.7985993690304498,5.0,oursmain,core6,10,42
2025-03-26,0.004656957207771484,0.0,0.0,0.004656957207771484,0.8023184121181779,5.0,oursmain,core6,10,42
2025-03-27,0.0020621375406335574,0.0,0.0,0.0020621375406335574,0.8039729030353483,5.0,oursmain,core6,10,42
2025-03-28,0.00603288876300212,0.0,0.0,0.00603288876300212,0.8088231821278284,5.0,oursmain,core6,10,42
2025-03-31,-0.007615364360390231,0.0,0.0,-0.007615364360390231,0.8026636988927948,5.0,oursmain,core6,10,42
2025-04-01,0.0045471967896446586,0.0,0.0,0.0045471967896446586,0.8063135686875644,5.0,oursmain,core6,10,42
2025-04-02,-0.0019173905020579696,1.0,0.0005,-0.0024173905020579696,0.8043643939249386,5.0,oursmain,core6,10,42
2025-04-03,0.012666977476328611,0.0,0.0,0.012666977476328611,0.8145532595855466,5.0,oursmain,core6,10,42
2025-04-04,0.003262397600337863,0.0,0.0,0.003262397600337863,0.8172106561849659,5.0,oursmain,core6,10,42
2025-04-07,-0.00019680149853229523,1.0,0.0005,-0.0006968014985322952,0.8166412225751197,5.0,oursmain,core6,10,42
2025-04-08,-0.002343342872336507,0.0,0.0,-0.002343342872336507,0.8147275521869421,5.0,oursmain,core6,10,42
2025-04-09,0.011365663260221481,0.0,0.0,0.011365663260221481,0.8239874711939235,5.0,oursmain,core6,10,42
2025-04-10,0.005087553436169401,0.0,0.0,0.005087553436169401,0.8281795514843566,5.0,oursmain,core6,10,42
2025-04-11,0.005795590812340379,1.0,0.0005,0.005295590812340378,0.8325652515081654,5.0,oursmain,core6,10,42
2025-04-14,0.0035213299706811085,1.0,0.0005,0.0030213299706811085,0.8350807058550948,5.0,oursmain,core6,10,42
2025-04-15,-0.006339322491839994,1.0,0.0005,-0.006839322491839994,0.8293693196010384,5.0,oursmain,core6,10,42
2025-04-16,-0.0005481168627738953,0.0,0.0,-0.0005481168627738953,0.8289147282914978,5.0,oursmain,core6,10,42
2025-04-17,-0.000548718380741775,0.0,0.0,-0.000548718380741775,0.8284598875440167,5.0,oursmain,core6,10,42
2025-04-18,0.00041012209840118885,0.0,0.0,0.00041012209840118885,0.8287996572515375,5.0,oursmain,core6,10,42
2025-04-21,0.013013853604206815,0.5,0.00025,0.012763853604206815,0.8393783347439128,5.0,oursmain,core6,10,42
2025-04-22,0.002008040464716032,0.0,0.0,0.002008040464716032,0.8410638404052845,5.0,oursmain,core6,10,42
2025-04-23,-0.0006288018776103854,0.5,0.00025,-0.0008788018776103854,0.8403247119231462,5.0,oursmain,core6,10,42
2025-04-24,-0.0005526820023078471,0.0,0.0,-0.0005526820023078471,0.8398602795787717,5.0,oursmain,core6,10,42
2025-04-25,0.0027065726462751627,0.0,0.0,0.0027065726462751627,0.8421334224381727,5.0,oursmain,core6,10,42
2025-04-28,0.0013765653711743653,1.0,0.0005,0.0008765653711743653,0.8428716074341905,5.0,oursmain,core6,10,42
2025-04-29,0.001200521714054048,0.0,0.0,0.001200521714054048,0.8438834931010749,5.0,oursmain,core6,10,42
2025-04-30,0.006607457296922803,0.0,0.0,0.006607457296922803,0.8494594172453183,5.0,oursmain,core6,10,42
2025-05-01,-0.004786300880368799,0.0,0.0,-0.004786300880368799,0.8453936488887194,5.0,oursmain,core6,10,42
2025-05-02,-0.0038825158790132264,0.0,0.0,-0.0038825158790132264,0.842111394622892,5.0,oursmain,core6,10,42
2025-05-05,-0.003898332128301263,0.0,0.0,-0.003898332128301263,0.838828564717625,5.0,oursmain,core6,10,42
2025-05-06,0.00358964700717479,0.0,0.0,0.00358964700717479,0.8418396631644963,5.0,oursmain,core6,10,42
2025-05-07,0.003053931752219796,0.0,0.0,0.003053931752219796,0.8444105840421124,5.0,oursmain,core6,10,42
2025-05-08,-0.002537361880968092,0.0,0.0,-0.002537361880968092,0.842268008814278,5.0,oursmain,core6,10,42
2025-05-09,0.002032209187746048,0.5,0.00025,0.001782209187746048,0.8437691065981313,5.0,oursmain,core6,10,42
2025-05-12,-0.00437250139657408,0.5,0.00025,-0.00462250139657408,0.8398687827244954,5.0,oursmain,core6,10,42
2025-05-13,-0.006047312635928392,0.5,0.00025,-0.006297312635928393,0.8345798664265226,5.0,oursmain,core6,10,42
2025-05-14,-0.0015252487501129508,0.0,0.0,-0.0015252487501129508,0.8333069245283861,5.0,oursmain,core6,10,42
2025-05-15,-0.0015310420385503676,0.5,0.00025,-0.0017810420385503676,0.8318227698647859,5.0,oursmain,core6,10,42
2025-05-16,-0.0012667836708715186,0.5,0.00025,-0.0015167836708715186,0.8305610746703959,5.0,oursmain,core6,10,42
2025-05-19,-0.001537867123261094,0.0,0.0,-0.001537867123261094,0.8292837820997998,5.0,oursmain,core6,10,42
2025-05-20,-0.0013627015869133174,0.0,0.0,-0.0013627015869133174,0.8281537157739309,5.0,oursmain,core6,10,42
2025-05-21,-0.0013168585355742835,0.5,0.00025,-0.0015668585355742835,0.826856116055603,5.0,oursmain,core6,10,42
2025-05-22,0.0016363868489861488,0.0,0.0,0.0016363868489861488,0.8282091725299202,5.0,oursmain,core6,10,42
2025-05-23,-0.0013800915039610118,0.0,0.0,-0.0013800915039610118,0.8270661680874091,5.0,oursmain,core6,10,42
2025-05-26,0.001699135871604085,0.0,0.0,0.001699135871604085,0.8284714658817965,5.0,oursmain,core6,10,42
2025-05-27,0.006783800316043198,0.0,0.0,0.006783800316043198,0.8340916508738783,5.0,oursmain,core6,10,42
2025-05-28,-0.004988683736883104,0.5,0.00025,-0.005238683736883104,0.8297221085073754,5.0,oursmain,core6,10,42
2025-05-29,0.0,0.0,0.0,0.0,0.8297221085073754,5.0,oursmain,core6,10,42
2025-05-30,0.002095761679811403,1.0,0.0005,0.0015957616798114031,0.8310461472530238,5.0,oursmain,core6,10,42
2025-06-02,-0.0026788425748236477,0.0,0.0,-0.0026788425748236477,0.8288199054521193,5.0,oursmain,core6,10,42
2025-06-03,0.003440291155129671,0.0,0.0,0.003440291155129671,0.8316712872420416,5.0,oursmain,core6,10,42
2025-06-04,-0.0038469458231702447,0.5,0.00025,-0.004096945823170245,0.8282639750355247,5.0,oursmain,core6,10,42
2025-06-05,-0.0027146596112288535,0.5,0.00025,-0.0029646596112288537,0.8258084542813011,5.0,oursmain,core6,10,42
2025-06-06,0.0022440008469857275,0.0,0.0,0.0022440008469857275,0.8276615691521564,5.0,oursmain,core6,10,42
2025-06-09,-0.0027894392842426896,0.0,0.0,-0.0027894392842426896,0.8253528574571054,5.0,oursmain,core6,10,42
2025-06-10,-0.0011942847340833396,0.5,0.00025,-0.0014442847340833396,0.8241608129248481,5.0,oursmain,core6,10,42
2025-06-11,0.0015198660548776388,0.5,0.00025,0.0012698660548776388,0.8252073867649417,5.0,oursmain,core6,10,42
2025-06-12,-0.0031622627284377813,0.0,0.0,-0.0031622627284377813,0.8225978642025433,5.0,oursmain,core6,10,42
2025-06-13,0.0018371711921645328,0.5,0.00025,0.0015871711921645328,0.8239034678353416,5.0,oursmain,core6,10,42
2025-06-16,-0.002367122797295451,0.5,0.00025,-0.0026171227972954514,0.821747211286899,5.0,oursmain,core6,10,42
2025-06-17,0.0007870216359151527,0.5,0.00025,0.0005370216359151527,0.8221885073186129,5.0,oursmain,core6,10,42
2025-06-18,-0.00022038598581275437,0.5,0.00025,-0.0004703859858127544,0.821801761367074,5.0,oursmain,core6,10,42
2025-06-19,-0.0036156398127786815,0.5,0.00025,-0.0038656398127786817,0.8186249717601217,5.0,oursmain,core6,10,42
2025-06-20,-0.002354342956095934,0.0,0.0,-0.002354342956095934,0.8166976478241741,5.0,oursmain,core6,10,42
2025-06-23,0.004058050049934536,0.5,0.00025,0.003808050049934536,0.8198076733427523,5.0,oursmain,core6,10,42
2025-06-24,-0.0009495677804807201,0.5,0.00025,-0.00119956778048072,0.8188242584716194,5.0,oursmain,core6,10,42
2025-06-25,0.003344677563291043,0.5,0.00025,0.003094677563291043,0.8213582555325899,5.0,oursmain,core6,10,42
2025-06-26,-0.004071458941325545,0.0,0.0,-0.004071458941325545,0.8180141291190702,5.0,oursmain,core6,10,42
2025-06-27,-0.0006296061910688877,0.0,0.0,-0.0006296061910688877,0.817499102358995,5.0,oursmain,core6,10,42
2025-06-30,-0.0007508934868383221,0.0,0.0,-0.0007508934868383221,0.8168852476075374,5.0,oursmain,core6,10,42
2025-07-01,0.00022791999799665064,0.0,0.0,0.00022791999799665064,0.8170714320915357,5.0,oursmain,core6,10,42
2025-07-02,-0.0007711295911576599,0.0,0.0,-0.0007711295911576599,0.8164413641321603,5.0,oursmain,core6,10,42
2025-07-03,-0.0009108673912123777,0.5,0.00025,-0.0011608673912123777,0.8154935839757024,5.0,oursmain,core6,10,42
2025-07-04,-0.004090529400855303,0.5,0.00025,-0.004340529400855303,0.811953910098247,5.0,oursmain,core6,10,42
2025-07-07,-0.002784293712466024,0.0,0.0,-0.002784293712466024,0.8096931919315483,5.0,oursmain,core6,10,42
2025-07-08,-0.00019728735787793994,0.0,0.0,-0.00019728735787793994,0.8095334497010204,5.0,oursmain,core6,10,42
2025-07-09,-0.0002502425340935588,0.5,0.00025,-0.0005002425340935588,0.8091284866367084,5.0,oursmain,core6,10,42
2025-07-10,-0.004649176778912079,0.5,0.00025,-0.004899176778912079,0.8051644231438216,5.0,oursmain,core6,10,42
2025-07-11,0.00037273287307471037,0.0,0.0,0.00037273287307471037,0.8054645343925576,5.0,oursmain,core6,10,42
2025-07-14,-0.001283485908061266,0.0,0.0,-0.001283485908061266,0.8044307320132217,5.0,oursmain,core6,10,42
2025-07-15,0.0014176187250996009,0.5,0.00025,0.0011676187250996008,0.8053700003989658,5.0,oursmain,core6,10,42
2025-07-16,0.003994084428995848,0.0,0.0,0.003994084428995848,0.8085867161771396,5.0,oursmain,core6,10,42
2025-07-17,-0.0029674275720026344,1.0,0.0005,-0.0034674275720026344,0.805783000303112,5.0,oursmain,core6,10,42
2025-07-18,0.004124047321965918,0.0,0.0,0.004124047321965918,0.8091060875275977,5.0,oursmain,core6,10,42
2025-07-21,-0.0014388066483661532,0.5,0.00025,-0.0016888066483661532,0.8077396637877476,5.0,oursmain,core6,10,42
2025-07-22,0.0009448228083783761,0.0,0.0,0.0009448228083783761,0.8085028346453262,5.0,oursmain,core6,10,42
2025-07-23,-0.0019350491929799318,0.5,0.00025,-0.002185049192979932,0.8067362161789625,5.0,oursmain,core6,10,42
2025-07-24,0.0036232216716598487,0.0,0.0,0.0036232216716598487,0.809659200320735,5.0,oursmain,core6,10,42
2025-07-25,-0.005098417866975069,1.0,0.0005,-0.0055984178669750695,0.8051263897874987,5.0,oursmain,core6,10,42
2025-07-28,-1.9100960344076157e-05,0.5,0.00025,-0.00026910096034407616,0.8049097295028086,5.0,oursmain,core6,10,42
2025-07-29,-0.003816250478848815,0.5,0.00025,-0.004066250478848815,0.8016367649297877,5.0,oursmain,core6,10,42
2025-07-30,0.006191497930558398,0.5,0.00025,0.005941497930558398,0.8063996881096775,5.0,oursmain,core6,10,42
2025-07-31,-0.0011564104352146387,0.5,0.00025,-0.0014064104352146387,0.8052655591733663,5.0,oursmain,core6,10,42
2025-08-01,-0.00374885286873905,1.0,0.0005,-0.00424885286873905,0.8018441042921758,5.0,oursmain,core6,10,42
2025-08-04,-0.0021880971908103675,1.0,0.0005,-0.0026880971908103675,0.7996886694079601,5.0,oursmain,core6,10,42
2025-08-05,-0.002974686794914305,0.0,0.0,-0.002974686794914305,0.7973098460830297,5.0,oursmain,core6,10,42
2025-08-06,0.0038810670957900584,0.5,0.00025,0.003631067095790058,0.8002049316302912,5.0,oursmain,core6,10,42
2025-08-07,0.0035942448885180056,1.5,0.00075,0.002844244888518006,0.8024809104168475,5.0,oursmain,core6,10,42
2025-08-08,0.0019521997310221195,0.0,0.0,0.0019521997310221195,0.8040475134343137,5.0,oursmain,core6,10,42
2025-08-11,-0.004332081371103413,0.0,0.0,-0.004332081371103413,0.8005643141798828,5.0,oursmain,core6,10,42
2025-08-12,0.0008205423364415765,0.5,0.00025,0.0005705423364415765,0.8010210700141667,5.0,oursmain,core6,10,42
2025-08-13,-0.0018616700544953346,0.0,0.0,-0.0018616700544953346,0.7995298330751015,5.0,oursmain,core6,10,42
2025-08-14,0.00043499801540747285,0.0,0.0,0.00043499801540747285,0.7998776269657483,5.0,oursmain,core6,10,42
2025-08-15,0.0003964581119362265,0.5,0.00025,0.00014645811193622648,0.7999947755327736,5.0,oursmain,core6,10,42
2025-08-18,-0.003681443879031576,0.5,0.00025,-0.0039314438790315764,0.7968496409692482,5.0,oursmain,core6,10,42
2025-08-19,-0.0014933435304556042,0.5,0.00025,-0.0017433435304556042,0.7954604583029186,5.0,oursmain,core6,10,42
2025-08-20,-0.0001333579421043396,0.0,0.0,-0.0001333579421043396,0.7953543773331739,5.0,oursmain,core6,10,42
2025-08-21,-0.001002846984192729,0.5,0.00025,-0.001252846984192729,0.7943579200001676,5.0,oursmain,core6,10,42
2025-08-22,0.002885431284084916,0.0,0.0,0.002885431284084916,0.7966499851932967,5.0,oursmain,core6,10,42
2025-08-25,-0.000901923282071948,0.5,0.00025,-0.001151923282071948,0.7957323055276903,5.0,oursmain,core6,10,42
2025-08-26,0.00027761812089011073,0.0,0.0,0.00027761812089011073,0.7959532152350824,5.0,oursmain,core6,10,42
2025-08-27,0.000682041747495532,0.5,0.00025,0.00043204174749553203,0.7962971002531173,5.0,oursmain,core6,10,42
2025-08-28,0.002015215955907479,0.0,0.0,0.002015215955907479,0.7979018108751902,5.0,oursmain,core6,10,42
2025-08-29,-0.001401599914970575,0.0,0.0,-0.001401599914970575,0.7967834717649126,5.0,oursmain,core6,10,42
2025-09-01,0.0048052744241431355,0.0,0.0,0.0048052744241431355,0.8006122350033645,5.0,oursmain,core6,10,42
2025-09-02,-0.0006735228816978633,0.0,0.0,-0.0006735228816978633,0.8000730043437225,5.0,oursmain,core6,10,42
2025-09-03,-0.002570682467194274,0.5,0.00025,-0.0028206824671942743,0.7978162524478948,5.0,oursmain,core6,10,42
2025-09-04,-0.005005053419154137,0.5,0.00025,-0.005255053419154138,0.7936236854226117,5.0,oursmain,core6,10,42
2025-09-05,-0.0027486301260069013,0.0,0.0,-0.0027486301260069013,0.7914423074521465,5.0,oursmain,core6,10,42
2025-09-08,-0.0002953193543362431,0.5,0.00025,-0.0005453193543362431,0.7910107186440524,5.0,oursmain,core6,10,42
2025-09-09,-0.002523446506529581,0.0,0.0,-0.002523446506529581,0.7890146454094625,5.0,oursmain,core6,10,42
2025-09-10,-0.0018328934675082564,0.5,0.00025,-0.0020828934675082567,0.7873712119587708,5.0,oursmain,core6,10,42
2025-09-11,-0.00034669970045797527,0.0,0.0,-0.00034669970045797527,0.7870982305954355,5.0,oursmain,core6,10,42
2025-09-12,-0.001518531295005232,0.0,0.0,-0.001518531295005232,0.7859029973000331,5.0,oursmain,core6,10,42
2025-09-15,-0.00042428559390828013,0.5,0.00025,-0.0006742855939082801,0.7853730742307444,5.0,oursmain,core6,10,42
2025-09-16,-0.00010924279922619462,0.0,0.0,-0.00010924279922619462,0.7852872778776786,5.0,oursmain,core6,10,42
2025-09-17,0.0012588209356181324,0.0,0.0,0.0012588209356181324,0.7862758139435456,5.0,oursmain,core6,10,42
2025-09-18,0.0033665444934740663,0.0,0.0,0.0033665444934740663,0.7889228464553291,5.0,oursmain,core6,10,42
2025-09-19,-0.005444952170364559,0.5,0.00025,-0.005694952170364559,0.7844299685786581,5.0,oursmain,core6,10,42
2025-09-22,-0.0013069470005575567,0.0,0.0,-0.0013069470005575567,0.7834047601840768,5.0,oursmain,core6,10,42
2025-09-23,-0.0008925022557377815,0.0,0.0,-0.0008925022557377815,0.7827055696684568,5.0,oursmain,core6,10,42
2025-09-24,0.0015393968205899,0.0,0.0,0.0015393968205899,0.7839104641338625,5.0,oursmain,core6,10,42
2025-09-25,-0.0019240183901274577,0.0,0.0,-0.0019240183901274577,0.7824022059846556,5.0,oursmain,core6,10,42
2025-09-26,0.0023420774086844176,0.0,0.0,0.0023420774086844176,0.7842346525157972,5.0,oursmain,core6,10,42
2025-09-29,0.0009387109021190554,0.0,0.0,0.0009387109021190554,0.7849708221339333,5.0,oursmain,core6,10,42
2025-09-30,0.0030451981219812296,0.0,0.0,0.0030451981219812296,0.7873612138073056,5.0,oursmain,core6,10,42
2025-10-01,-0.0005445468341349624,0.0,0.0,-0.0005445468341349624,0.7869324587510061,5.0,oursmain,core6,10,42
2025-10-02,-0.007777459861245006,0.0,0.0,-0.007777459861245006,0.7808121231395594,5.0,oursmain,core6,10,42
2025-10-03,-0.00027986647182842717,0.5,0.00025,-0.0005298664718284272,0.7803983969747106,5.0,oursmain,core6,10,42
2025-10-06,0.0019502047071000561,0.0,0.0,0.0019502047071000561,0.781920333601904,5.0,oursmain,core6,10,42
2025-10-07,0.00234667331824312,0.0,0.0,0.00234667331824312,0.7837552451857593,5.0,oursmain,core6,10,42
2025-10-08,-0.00017785420641303062,0.5,0.00025,-0.00042785420641303063,0.7834199122073083,5.0,oursmain,core6,10,42
2025-10-09,-0.0009666763944551349,1.0,0.0005,-0.0014666763944551349,0.7822708887151278,5.0,oursmain,core6,10,42
2025-10-10,-7.519335485994816e-05,1.0,0.0005,-0.0005751933548599482,0.7818209316982385,5.0,oursmain,core6,10,42
2025-10-13,0.0011502726265462115,0.0,0.0,0.0011502726265462115,0.7827202389148319,5.0,oursmain,core6,10,42
2025-10-14,0.0025458187228650786,0.0,0.0,0.0025458187228650786,0.7847129027538267,5.0,oursmain,core6,10,42
2025-10-15,0.004108830122277141,0.5,0.00025,0.0038588301222771404,0.7877409765403126,5.0,oursmain,core6,10,42
2025-10-16,0.0001390512625221163,0.0,0.0,0.0001390512625221163,0.787850512917641,5.0,oursmain,core6,10,42
2025-10-17,-0.0026106541918125004,0.0,0.0,-0.0026106541918125004,0.7857937076735709,5.0,oursmain,core6,10,42
2025-10-20,0.0004796923603862524,0.0,0.0,0.0004796923603862524,0.7861706469119816,5.0,oursmain,core6,10,42
2025-10-21,0.001432778182788752,0.5,0.00025,0.001182778182788752,0.7871005124010979,5.0,oursmain,core6,10,42
2025-10-22,0.004751665401272476,0.5,0.00025,0.0045016654012724755,0.7906437755450977,5.0,oursmain,core6,10,42
2025-10-23,-7.882708450779319e-05,0.5,0.00025,-0.0003288270845077932,0.790383790457501,5.0,oursmain,core6,10,42
2025-10-24,0.0019208101439289749,0.5,0.00025,0.0016708101439289749,0.7917043717121943,5.0,oursmain,core6,10,42
2025-10-27,-0.0033762896491680294,0.0,0.0,-0.0033762896491680294,0.7890313484367814,5.0,oursmain,core6,10,42
2025-10-28,0.0045497731771320105,0.0,0.0,0.0045497731771320105,0.7926212621018153,5.0,oursmain,core6,10,42
2025-10-29,-0.0008220034651458263,0.5,0.00025,-0.0010720034651458263,0.7917715693622939,5.0,oursmain,core6,10,42
2025-10-30,-0.0006869705393910408,0.0,0.0,-0.0006869705393910408,0.7912276456202145,5.0,oursmain,core6,10,42
2025-10-31,0.0020910376915708184,0.0,0.0,0.0020910376915708184,0.7928821324498192,5.0,oursmain,core6,10,42
2025-11-03,-0.007768593612127006,0.0,0.0,-0.007768593612127006,0.7867225533804999,5.0,oursmain,core6,10,42
2025-11-04,0.002442388125928119,0.5,0.00025,0.0021923881259281186,0.7884473545649311,5.0,oursmain,core6,10,42
2025-11-05,0.002761934680165723,0.5,0.00025,0.0025119346801657227,0.7904278828183476,5.0,oursmain,core6,10,42
2025-11-06,0.004695652671216521,0.0,0.0,0.004695652671216521,0.7941394576177077,5.0,oursmain,core6,10,42
2025-11-07,-0.0006674815085716546,0.0,0.0,-0.0006674815085716546,0.7936093842145208,5.0,oursmain,core6,10,42
2025-11-10,-0.0006478892464656383,0.0,0.0,-0.0006478892464656383,0.793095213228594,5.0,oursmain,core6,10,42
2025-11-11,-0.00010913028381764889,0.0,0.0,-0.00010913028381764889,0.7930086625228799,5.0,oursmain,core6,10,42
2025-11-12,-0.0011829134600702673,0.0,0.0,-0.0011829134600702673,0.7920706019020293,5.0,oursmain,core6,10,42
2025-11-13,0.001069447840563953,0.0,0.0,0.001069447840563953,0.7929176800968076,5.0,oursmain,core6,10,42
2025-11-14,0.003444050526013598,0.0,0.0,0.003444050526013598,0.7956485286500306,5.0,oursmain,core6,10,42
2025-11-17,-0.0010797595023177564,0.5,0.00025,-0.0013297595023177564,0.7945905074585531,5.0,oursmain,core6,10,42
2025-11-18,0.00095164286904037,0.0,0.0,0.00095164286904037,0.7953466738487832,5.0,oursmain,core6,10,42
2025-11-19,0.0009794638499442954,0.5,0.00025,0.0007294638499442954,0.7959268504955292,5.0,oursmain,core6,10,42
2025-11-20,-0.003095912004937418,0.5,0.00025,-0.003345912004937418,0.7932637492914042,5.0,oursmain,core6,10,42
2025-11-21,-0.00021435542657854967,0.0,0.0,-0.00021435542657854967,0.7930937089020356,5.0,oursmain,core6,10,42
2025-11-24,-0.0010759701544884592,0.5,0.00025,-0.0013259701544884592,0.7920420903143189,5.0,oursmain,core6,10,42
2025-11-25,-0.001453577890060842,0.0,0.0,-0.001453577890060842,0.7908907954438404,5.0,oursmain,core6,10,42
2025-11-26,-0.00011068332969443873,0.0,0.0,-0.00011068332969443873,0.790803257017176,5.0,oursmain,core6,10,42
2025-11-27,0.0007589692941110115,1.0,0.0005,0.00025896929411101154,0.7910080507784265,5.0,oursmain,core6,10,42
2025-11-28,-0.003702541143866256,0.0,0.0,-0.003702541143866256,0.7880793109252899,5.0,oursmain,core6,10,42
2025-12-01,0.0011454567284090444,1.0,0.0005,0.0006454567284090444,0.7885879820190467,5.0,oursmain,core6,10,42
2025-12-02,-0.001397608662955463,0.5,0.00025,-0.001647608662955463,0.7872886976283695,5.0,oursmain,core6,10,42
2025-12-03,-0.0015991617401596159,0.0,0.0,-0.0015991617401596159,0.7860296956646621,5.0,oursmain,core6,10,42
2025-12-04,0.00458409732527798,0.0,0.0,0.00458409732527798,0.7896329322901475,5.0,oursmain,core6,10,42
2025-12-05,-6.239911454031244e-05,0.0,0.0,-6.239911454031244e-05,0.7895836598943607,5.0,oursmain,core6,10,42
2025-12-08,0.0020217863930156454,0.5,0.00025,0.0017717863930156454,0.790982633479109,5.0,oursmain,core6,10,42
2025-12-09,0.003792940464336425,0.5,0.00025,0.003542940464336425,0.7937850378578495,5.0,oursmain,core6,10,42
2025-12-10,0.001117588864872232,0.5,0.00025,0.0008675888648722321,0.7944737169177971,5.0,oursmain,core6,10,42
2025-12-11,0.0026167521718889475,0.0,0.0,0.0026167521718889475,0.7965526577420504,5.0,oursmain,core6,10,42
2025-12-12,-0.0006765282269043382,0.0,0.0,-0.0006765282269043382,0.7960137673848723,5.0,oursmain,core6,10,42
2025-12-15,-0.00021906994516029954,0.0,0.0,-0.00021906994516029954,0.7958393846925045,5.0,oursmain,core6,10,42
2025-12-16,0.0014890978345647454,0.5,0.00025,0.0012390978345647454,0.7968255075507382,5.0,oursmain,core6,10,42
2025-12-17,0.0013019793259445578,0.5,0.00025,0.0010519793259445578,0.7976637515110668,5.0,oursmain,core6,10,42
2021-10-11,-0.0018810552137438208,1.0,0.0,-0.0018810552137438208,0.9981189447862562,0.0,mlp,core6,10,42
2021-10-12,0.0027688354020938277,1.0,0.0,0.0027688354020938277,1.000882571856081,0.0,mlp,core6,10,42
2021-10-13,-0.005148288493728614,1.0,0.0,-0.005148288493728614,0.9957297396278209,0.0,mlp,core6,10,42
2021-10-14,-0.0024862934806151316,1.0,0.0,-0.0024862934806151316,0.9932540632677296,0.0,mlp,core6,10,42
2021-10-15,0.001715492417133646,0.5,0.0,0.001715492417133646,0.9949579830815526,0.0,mlp,core6,10,42
2021-10-18,-0.007334027934120968,1.0,0.0,-0.007334027934120968,0.9876609334403558,0.0,mlp,core6,10,42
2021-10-19,-0.00031399319414049387,0.5,0.0,-0.00031399319414049387,0.9873508146291371,0.0,mlp,core6,10,42
2021-10-20,0.005221676372457296,0.5,0.0,0.005221676372457296,0.9925064410492125,0.0,mlp,core6,10,42
2021-10-21,0.0009370132465846837,1.0,0.0,0.0009370132465846837,0.9934364327317963,0.0,mlp,core6,10,42
2021-10-22,-0.004395750846015289,1.0,0.0,-0.004395750846015289,0.9890695336921531,0.0,mlp,core6,10,42
2021-10-25,-0.0006050039664842188,0.5,0.0,-0.0006050039664842188,0.9884711427011407,0.0,mlp,core6,10,42
2021-10-26,-0.002054450196737889,1.0,0.0,-0.002054450196737889,0.9864403779675486,0.0,mlp,core6,10,42
2021-10-27,0.002527875592932105,0.5,0.0,0.002527875592932105,0.9889339765228955,0.0,mlp,core6,10,42
2021-10-28,-0.0012472320813685656,0.0,0.0,-0.0012472320813685656,0.9877005463410208,0.0,mlp,core6,10,42
2021-10-29,0.0037699831882491708,0.5,0.0,0.0037699831882491708,0.9914241607957509,0.0,mlp,core6,10,42
2021-11-01,-0.0029376031015999615,1.0,0.0,-0.0029376031015999615,0.9885117501059961,0.0,mlp,core6,10,42
2021-11-02,-4.24577810917981e-05,1.5,0.0,-4.24577810917981e-05,0.9884697800905035,0.0,mlp,core6,10,42
2021-11-03,0.002043744781985879,1.0,0.0,0.002043744781985879,0.9904899600457141,0.0,mlp,core6,10,42
2021-11-04,0.0013821785687468946,1.0,0.0,0.0013821785687468946,0.9918589940410483,0.0,mlp,core6,10,42
2021-11-05,-3.585556987673044e-05,0.5,0.0,-3.585556987673044e-05,0.9918234303715796,0.0,mlp,core6,10,42
2021-11-08,-0.006732033740263432,1.5,0.0,-0.006732033740263432,0.9851464415739343,0.0,mlp,core6,10,42
2021-11-09,-0.004622036649379879,1.5,0.0,-0.004622036649379879,0.9805930586159733,0.0,mlp,core6,10,42
2021-11-10,-0.0004972041351720691,1.5,0.0,-0.0004972041351720691,0.9801055036923084,0.0,mlp,core6,10,42
2021-11-11,0.00239980085825664,1.5,0.0,0.00239980085825664,0.9824575617212513,0.0,mlp,core6,10,42
2021-11-12,-0.003386915399460122,1.5,0.0,-0.003386915399460122,0.9791300610761415,0.0,mlp,core6,10,42
2021-11-15,0.002159643219783902,1.0,0.0,0.002159643219783902,0.9812446326738312,0.0,mlp,core6,10,42
2021-11-16,-0.0002960085985250771,0.0,0.0,-0.0002960085985250771,0.9809541758253032,0.0,mlp,core6,10,42
2021-11-17,0.0005099446862004697,0.5,0.0,0.0005099446862004697,0.9814544081946714,0.0,mlp,core6,10,42
2021-11-18,-0.005823075363878161,1.5,0.0,-0.005823075363878161,0.9757393252095434,0.0,mlp,core6,10,42
2021-11-19,0.001262856530956924,0.0,0.0,0.001262856530956924,0.9769715439888959,0.0,mlp,core6,10,42
2021-11-22,0.003461019499809481,1.0,0.0,0.003461019499809481,0.9803528615534004,0.0,mlp,core6,10,42
2021-11-23,-0.0009149910038104281,1.5,0.0,-0.0009149910038104281,0.9794558475045192,0.0,mlp,core6,10,42
2021-11-24,0.0028031933834427036,2.0,0.0,0.0028031933834427036,0.9822014516556181,0.0,mlp,core6,10,42
2021-11-25,-0.014404091285541654,0.5,0.0,-0.014404091285541654,0.9680537322851791,0.0,mlp,core6,10,42
2021-11-26,-0.0006814748048782349,0.0,0.0,-0.0006814748048782349,0.9673940280568584,0.0,mlp,core6,10,42
2021-11-29,-0.0009045947808772326,0.5,0.0,-0.0009045947808772326,0.9665189284680263,0.0,mlp,core6,10,42
2021-11-30,0.0028608156135305762,0.5,0.0,0.0028608156135305762,0.9692839609093605,0.0,mlp,core6,10,42
2021-12-01,-0.0032434556051157415,1.0,0.0,-0.0032434556051157415,0.9661401314134003,0.0,mlp,core6,10,42
2021-12-02,0.0029586522014142247,1.0,0.0,0.0029586522014142247,0.9689986040400812,0.0,mlp,core6,10,42
2021-12-03,-0.008808707469142973,0.0,0.0,-0.008808707469142973,0.9604629787990843,0.0,mlp,core6,10,42
2021-12-06,-0.0040413219248875976,1.0,0.0,-0.0040413219248875976,0.9565814387048207,0.0,mlp,core6,10,42
2021-12-07,0.001837127550970763,1.5,0.0,0.001837127550970763,0.9583388008206126,0.0,mlp,core6,10,42
2021-12-08,-0.0003315925714559853,1.5,0.0,-0.0003315925714559853,0.9580210227933225,0.0,mlp,core6,10,42
2021-12-09,-0.0023934353957884014,1.0,0.0,-0.0023934353957884014,0.9557280613674595,0.0,mlp,core6,10,42
2021-12-10,0.005331739725079387,1.0,0.0,0.005331739725079387,0.9608237546386255,0.0,mlp,core6,10,42
2021-12-13,6.787513848394156e-05,1.0,0.0,6.787513848394156e-05,0.9608889706840302,0.0,mlp,core6,10,42
2021-12-14,-0.002600121428258717,0.5,0.0,-0.002600121428258717,0.9583905426811772,0.0,mlp,core6,10,42
2021-12-15,-0.0015097318682819605,1.5,0.0,-0.0015097318682819605,0.9569436299366314,0.0,mlp,core6,10,42
2021-12-16,0.0058479420258663595,0.5,0.0,0.0058479420258663595,0.9625397808065229,0.0,mlp,core6,10,42
2021-12-17,0.005984518153127283,0.5,0.0,0.005984518153127283,0.9683001175978667,0.0,mlp,core6,10,42
2021-12-20,-0.004124362341826782,0.5,0.0,-0.004124362341826782,0.9643064970572597,0.0,mlp,core6,10,42
2021-12-21,0.004629780305549502,1.0,0.0,0.004629780305549502,0.9687710242858488,0.0,mlp,core6,10,42
2021-12-22,0.0016204218845814466,0.0,0.0,0.0016204218845814466,0.97034084205475,0.0,mlp,core6,10,42
2021-12-23,0.0006702710015815683,1.0,0.0,0.0006702710015815683,0.9709912333828296,0.0,mlp,core6,10,42
2021-12-24,0.0013191220932640135,1.0,0.0,0.0013191220932640135,0.9722720893711505,0.0,mlp,core6,10,42
2021-12-27,0.000237992950133048,1.0,0.0,0.000237992950133048,0.972503483274032,0.0,mlp,core6,10,42
2021-12-28,0.0019295630627311766,0.5,0.0,0.0019295630627311766,0.974379990073735,0.0,mlp,core6,10,42
2021-12-29,-0.0010666782618500292,0.5,0.0,-0.0010666782618500292,0.9733406401195417,0.0,mlp,core6,10,42
2021-12-30,0.0,1.0,0.0,0.0,0.9733406401195417,0.0,mlp,core6,10,42
2021-12-31,-0.00276800716528669,0.0,0.0,-0.00276800716528669,0.970646426253426,0.0,mlp,core6,10,42
2022-01-03,-0.0019714131485670805,1.0,0.0,-0.0019714131485670805,0.9687328811261003,0.0,mlp,core6,10,42
2022-01-04,-0.0026496339560253546,0.5,0.0,-0.0026496339560253546,0.9661660935899503,0.0,mlp,core6,10,42
2022-01-05,0.006142141355667263,0.0,0.0,0.006142141355667263,0.9721004223098326,0.0,mlp,core6,10,42
2022-01-06,-9.584822691977024e-06,1.0,0.0,-9.584822691977024e-06,0.972091104899646,0.0,mlp,core6,10,42
2022-01-07,-0.0015001134888734668,1.0,0.0,-0.0015001134888734668,0.9706328579207721,0.0,mlp,core6,10,42
2022-01-10,-0.0021251339640002698,0.0,0.0,-0.0021251339640002698,0.96857013306783,0.0,mlp,core6,10,42
2022-01-11,0.002336337463930249,2.0,0.0,0.002336337463930249,0.9708330397561603,0.0,mlp,core6,10,42
2022-01-12,0.003323864148114808,1.5,0.0,0.003323864148114808,0.9740599568908112,0.0,mlp,core6,10,42
2022-01-13,0.004053928656503558,0.5,0.0,0.004053928656503558,0.9780087264632035,0.0,mlp,core6,10,42
2022-01-14,0.0001005803628686408,0.5,0.0,0.0001005803628686408,0.9781070949357998,0.0,mlp,core6,10,42
2022-01-17,0.0018527407373767346,1.5,0.0,0.0018527407373767346,0.9799192737961047,0.0,mlp,core6,10,42
2022-01-18,0.0016383838083129376,2.0,0.0,0.0016383838083129376,0.9815247576677459,0.0,mlp,core6,10,42
2022-01-19,-0.0005780452629551291,1.5,0.0,-0.0005780452629551291,0.9809573919311029,0.0,mlp,core6,10,42
2022-01-20,0.0041633566142991185,0.5,0.0,0.0041633566142991185,0.9850414673771448,0.0,mlp,core6,10,42
2022-01-21,0.007628254126757383,1.0,0.0,0.007628254126757383,0.9925556140156917,0.0,mlp,core6,10,42
2022-01-24,-0.0013467598182614893,1.5,0.0,-0.0013467598182614893,0.9912188799973455,0.0,mlp,core6,10,42
2022-01-25,0.0015969257801771164,2.0,0.0,0.0015969257801771164,0.9928017829806115,0.0,mlp,core6,10,42
2022-01-26,-7.388880476355553e-05,0.5,0.0,-7.388880476355553e-05,0.9927284260435,0.0,mlp,core6,10,42
2022-01-27,0.0029639195854542777,0.5,0.0,0.0029639195854542777,0.9956707932684875,0.0,mlp,core6,10,42
2022-01-28,-0.0034659432130865753,0.0,0.0,-0.0034659432130865753,0.9922198548400901,0.0,mlp,core6,10,42
2022-01-31,-0.0005961819551885128,1.5,0.0,-0.0005961819551885128,0.9916283112670546,0.0,mlp,core6,10,42
2022-02-01,-0.0015165427612373605,0.5,0.0,-0.0015165427612373605,0.9901244645297645,0.0,mlp,core6,10,42
2022-02-02,-0.008448406588286161,1.0,0.0,-0.008448406588286161,0.981759490480408,0.0,mlp,core6,10,42
2022-02-03,0.006015921069774777,1.5,0.0,0.006015921069774777,0.9876656780846405,0.0,mlp,core6,10,42
2022-02-04,0.005652247287798673,2.0,0.0,0.005652247287798673,0.9932482087348462,0.0,mlp,core6,10,42
2022-02-07,-0.0015190290287137032,2.0,0.0,-0.0015190290287137032,0.9917394358730601,0.0,mlp,core6,10,42
2022-02-08,-0.0004140547662245808,0.5,0.0,-0.0004140547662245808,0.991328801432784,0.0,mlp,core6,10,42
2022-02-09,-0.005349350511096418,1.0,0.0,-0.005349350511096418,0.986025836202175,0.0,mlp,core6,10,42
2022-02-10,0.002394292037934065,1.0,0.0,0.002394292037934065,0.9883866700109911,0.0,mlp,core6,10,42
2022-02-11,0.0032010102513595484,1.0,0.0,0.0032010102513595484,0.9915505058740034,0.0,mlp,core6,10,42
2022-02-14,0.00014503448619507253,1.0,0.0,0.00014503448619507253,0.9916943148921593,0.0,mlp,core6,10,42
2022-02-15,0.0007258615805767477,1.5,0.0,0.0007258615805767477,0.9924141476950159,0.0,mlp,core6,10,42
2022-02-16,0.0024910110514611006,0.0,0.0,0.0024910110514611006,0.9948862623045506,0.0,mlp,core6,10,42
2022-02-17,0.0008926686132326722,1.0,0.0,0.0008926686132326722,0.9957743660446462,0.0,mlp,core6,10,42
2022-02-18,-0.0011759830067603616,1.0,0.0,-0.0011759830067603616,0.9946033523116101,0.0,mlp,core6,10,42
2022-02-21,-0.008670688577694818,2.0,0.0,-0.008670688577694818,0.9859794563853849,0.0,mlp,core6,10,42
2022-02-22,0.0019625938730314374,1.0,0.0,0.0019625938730314374,0.9879145336254217,0.0,mlp,core6,10,42
2022-02-23,0.004030582960695028,1.0,0.0,0.004030582960695028,0.9918964051112753,0.0,mlp,core6,10,42
2022-02-24,-0.0063922060071490705,0.5,0.0,-0.0063922060071490705,0.9855559989520535,0.0,mlp,core6,10,42
2022-02-25,0.004375324468128383,1.0,0.0,0.004375324468128383,0.9898681262289791,0.0,mlp,core6,10,42
2022-02-28,0.004662117746192962,1.0,0.0,0.004662117746192962,0.994483007986662,0.0,mlp,core6,10,42
2022-03-01,-0.0001204361324198544,1.0,0.0,-0.0001204361324198544,0.9943632362994228,0.0,mlp,core6,10,42
2022-03-02,-7.291772635653615e-05,1.0,0.0,-7.291772635653615e-05,0.9942907295930593,0.0,mlp,core6,10,42
2022-03-03,0.0030552230309695005,0.5,0.0,0.0030552230309695005,0.9973285095295915,0.0,mlp,core6,10,42
2022-03-04,0.0029235700785648078,1.0,0.0,0.0029235700785648078,1.0002442693185518,0.0,mlp,core6,10,42
2022-03-07,-0.004255152307450771,1.5,0.0,-0.004255152307450771,0.9959880776079466,0.0,mlp,core6,10,42
2022-03-08,-0.003572027198970318,1.0,0.0,-0.003572027198970318,0.9924303811048809,0.0,mlp,core6,10,42
2022-03-09,-0.005692928680218756,2.0,0.0,-0.005692928680218756,0.9867805457251685,0.0,mlp,core6,10,42
2022-03-10,-0.0038133212947286665,0.5,0.0,-0.0038133212947286665,0.9830176344569307,0.0,mlp,core6,10,42
2022-03-11,-0.005066527985036373,2.0,0.0,-0.005066527985036373,0.9780371481021704,0.0,mlp,core6,10,42
2022-03-14,0.0007431231497321278,1.0,0.0,0.0007431231497321278,0.978763950148223,0.0,mlp,core6,10,42
2022-03-15,0.004635464167222381,1.0,0.0,0.004635464167222381,0.9833009753673042,0.0,mlp,core6,10,42
2022-03-16,0.007185321883298457,1.5,0.0,0.007185321883298457,0.9903663093834796,0.0,mlp,core6,10,42
2022-03-17,0.002861933200620115,1.0,0.0,0.002861933200620115,0.9932006716050797,0.0,mlp,core6,10,42
2022-03-18,0.002758111513685435,1.0,0.0,0.002758111513685435,0.9959400298128338,0.0,mlp,core6,10,42
2022-03-21,0.008164658618625253,0.5,0.0,0.008164658618625253,1.004071540160879,0.0,mlp,core6,10,42
2022-03-22,-0.0005722243804484606,1.0,0.0,-0.0005722243804484606,1.0034969859458847,0.0,mlp,core6,10,42
2022-03-23,0.007409858837490901,1.5,0.0,0.007409858837490901,1.0109327569555913,0.0,mlp,core6,10,42
2022-03-24,0.001323287928244099,1.0,0.0,0.001323287928244099,1.012270512069137,0.0,mlp,core6,10,42
2022-03-25,0.002620057261083275,0.5,0.0,0.002620057261083275,1.0149227187744643,0.0,mlp,core6,10,42
2022-03-28,-0.001886429061414674,1.0,0.0,-0.001886429061414674,1.0130081390626782,0.0,mlp,core6,10,42
2022-03-29,0.0054538019467145205,1.0,0.0,0.0054538019467145205,1.0185328848235358,0.0,mlp,core6,10,42
2022-03-30,0.002467251440975815,1.5,0.0,0.002467251440975815,1.0210458615512978,0.0,mlp,core6,10,42
2022-03-31,0.0001964059192687273,0.5,0.0,0.0001964059192687273,1.0212464010023514,0.0,mlp,core6,10,42
2022-04-01,-0.005108687037136406,1.0,0.0,-0.005108687037136406,1.0160291727518285,0.0,mlp,core6,10,42
2022-04-04,0.005996747291646898,1.0,0.0,0.005996747291646898,1.0221220429417623,0.0,mlp,core6,10,42
2022-04-05,-0.00339095045637805,0.5,0.0,-0.00339095045637805,1.018656077733775,0.0,mlp,core6,10,42
2022-04-06,-0.0037891899191890843,0.5,0.0,-0.0037891899191890843,1.0147961963929055,0.0,mlp,core6,10,42
2022-04-07,-7.272453512996435e-05,1.0,0.0,-7.272453512996435e-05,1.0147223958112712,0.0,mlp,core6,10,42
2022-04-08,-0.0006256795604713261,0.0,0.0,-0.0006256795604713261,1.0140875047486597,0.0,mlp,core6,10,42
2022-04-11,-0.005358206850360148,2.0,0.0,-0.005358206850360148,1.0086538141338508,0.0,mlp,core6,10,42
2022-04-12,0.0014411502052098513,0.5,0.0,0.0014411502052098513,1.0101074357850754,0.0,mlp,core6,10,42
2022-04-13,-0.004344525863416493,0.5,0.0,-0.004344525863416493,1.005718997905478,0.0,mlp,core6,10,42
2022-04-14,-0.0009665568795753643,0.5,0.0,-0.0009665568795753643,1.0047469132891327,0.0,mlp,core6,10,42
2022-04-15,-0.0007279458222910762,1.5,0.0,-0.0007279458222910762,1.004015511971144,0.0,mlp,core6,10,42
2022-04-18,-0.003516166063491255,0.5,0.0,-0.003516166063491255,1.0004852267007323,0.0,mlp,core6,10,42
2022-04-19,-0.0008929162286221981,1.5,0.0,-0.0008929162286221981,0.9995918772053144,0.0,mlp,core6,10,42
2022-04-20,-0.004355701617896557,0.5,0.0,-0.004355701617896557,0.9952379532485349,0.0,mlp,core6,10,42
2022-04-21,-0.004325332643929869,0.0,0.0,-0.004325332643929869,0.9909332180408711,0.0,mlp,core6,10,42
2022-04-22,-0.0008389830472879112,0.0,0.0,-0.0008389830472879112,0.9901018418699403,0.0,mlp,core6,10,42
2022-04-25,-0.003381064161658287,0.0,0.0,-0.003381064161658287,0.986754244016002,0.0,mlp,core6,10,42
2022-04-26,-0.002821429807227105,1.5,0.0,-0.002821429807227105,0.9839701861795274,0.0,mlp,core6,10,42
2022-04-27,0.004341316904174164,1.0,0.0,0.004341316904174164,0.9882419125819919,0.0,mlp,core6,10,42
2022-04-28,-0.001692765043117106,0.5,0.0,-0.001692765043117106,0.9865690512182299,0.0,mlp,core6,10,42
2022-04-29,-0.010617080610245466,0.5,0.0,-0.010617080610245466,0.9760945680738726,0.0,mlp,core6,10,42
2022-05-02,0.0023563331815239508,0.5,0.0,0.0023563331815239508,0.9783945720929303,0.0,mlp,core6,10,42
2022-05-03,-0.0018020160496234894,0.5,0.0,-0.0018020160496234894,0.9766314893711544,0.0,mlp,core6,10,42
2022-05-04,0.00436525559052825,0.5,0.0,0.00436525559052825,0.9808947354400178,0.0,mlp,core6,10,42
2022-05-05,-0.0036710442509502172,1.0,0.0,-0.0036710442509502172,0.9772938274606934,0.0,mlp,core6,10,42
2022-05-06,-0.010862603259738535,1.0,0.0,-0.010862603259738535,0.9666778723447965,0.0,mlp,core6,10,42
2022-05-09,0.00434498432878172,1.5,0.0,0.00434498432878172,0.9708780725511147,0.0,mlp,core6,10,42
2022-05-10,0.004570566990878433,2.0,0.0,0.004570566990878433,0.9753155358216845,0.0,mlp,core6,10,42
2022-05-11,-0.011141303344629705,1.5,0.0,-0.011141303344629705,0.964449249580365,0.0,mlp,core6,10,42
2022-05-12,-0.0029409856360871345,2.0,0.0,-0.0029409856360871345,0.9616128181906142,0.0,mlp,core6,10,42
2022-05-13,-0.0011751742858905345,1.0,0.0,-0.0011751742858905345,0.9604827555336938,0.0,mlp,core6,10,42
2022-05-16,0.0026411936851218343,0.5,0.0,0.0026411936851218343,0.9630195765222778,0.0,mlp,core6,10,42
2022-05-17,-0.00011876772623509169,1.0,0.0,-0.00011876772623509169,0.9629052008768544,0.0,mlp,core6,10,42
2022-05-18,0.004273007623851299,0.5,0.0,0.004273007623851299,0.9670197021412472,0.0,mlp,core6,10,42
2022-05-19,-0.0004354828561190516,1.0,0.0,-0.0004354828561190516,0.9665985816394354,0.0,mlp,core6,10,42
2022-05-20,0.006643886546953581,1.0,0.0,0.006643886546953581,0.9730205529522941,0.0,mlp,core6,10,42
2022-05-23,0.004073541262187064,0.5,0.0,0.004073541262187064,0.9769841923237013,0.0,mlp,core6,10,42
2022-05-24,-0.0004531948361545801,1.5,0.0,-0.0004531948361545801,0.9765414281327355,0.0,mlp,core6,10,42
2022-05-25,-0.0001200209662783891,1.0,0.0,-0.0001200209662783891,0.9764242226869201,0.0,mlp,core6,10,42
2022-05-26,-0.004534262654487975,1.0,0.0,-0.004534262654487975,0.9719968587990533,0.0,mlp,core6,10,42
2022-05-27,-0.00019894297292921692,1.0,0.0,-0.00019894297292921692,0.971803486854286,0.0,mlp,core6,10,42
2022-05-30,-0.001095719519071281,1.0,0.0,-0.001095719519071281,0.9707386628050382,0.0,mlp,core6,10,42
2022-05-31,0.005557590047828853,1.0,0.0,0.005557590047828853,0.9761336303364861,0.0,mlp,core6,10,42
2022-06-01,0.005200926621910185,1.0,0.0,0.005200926621910185,0.981210429721045,0.0,mlp,core6,10,42
2022-06-02,0.0010799674782902002,0.5,0.0,0.0010799674782902002,0.9822701050745029,0.0,mlp,core6,10,42
2022-06-03,-0.0027248845290159807,1.5,0.0,-0.0027248845290159807,0.9795935324618704,0.0,mlp,core6,10,42
2022-06-06,0.002064171014353633,1.5,0.0,0.002064171014353633,0.9816155810374265,0.0,mlp,core6,10,42
2022-06-07,0.009099305549170822,0.5,0.0,0.009099305549170822,0.990547601141113,0.0,mlp,core6,10,42
2022-06-08,-0.0035649140081659425,0.5,0.0,-0.0035649140081659425,0.9870163841220498,0.0,mlp,core6,10,42
2022-06-09,-0.002188529819250107,1.0,0.0,-0.002188529819250107,0.9848562693333103,0.0,mlp,core6,10,42
2022-06-10,-0.008171280613169074,1.0,0.0,-0.008171280613169074,0.976808732392949,0.0,mlp,core6,10,42
2022-06-13,-0.002206138684414327,1.0,0.0,-0.002206138684414327,0.9746537568611432,0.0,mlp,core6,10,42
2022-06-14,0.0039816200733184814,1.0,0.0,0.0039816200733184814,0.9785344578239968,0.0,mlp,core6,10,42
2022-06-15,0.0010176817886531353,1.5,0.0,0.0010176817886531353,0.9795302945212939,0.0,mlp,core6,10,42
2022-06-16,0.006446178304031491,1.0,0.0,0.006446178304031491,0.9858445214539787,0.0,mlp,core6,10,42
2022-06-17,0.0005926209851168096,1.0,0.0,0.0005926209851168096,0.9864287536054548,0.0,mlp,core6,10,42
2022-06-20,0.00945991335902363,1.0,0.0,0.00945991335902363,0.9957602841494121,0.0,mlp,core6,10,42
2022-06-21,0.002308717288542539,1.0,0.0,0.002308717288542539,0.9980592131326719,0.0,mlp,core6,10,42
2022-06-22,0.008437089607468806,1.5,0.0,0.008437089607468806,1.006479928147432,0.0,mlp,core6,10,42
2022-06-23,0.002885152236558497,1.5,0.0,0.002885152236558497,1.0093837759631776,0.0,mlp,core6,10,42
2022-06-24,-0.0003725224523805082,1.0,0.0,-0.0003725224523805082,1.0090077578435628,0.0,mlp,core6,10,42
2022-06-27,0.004160969125223346,1.0,0.0,0.004160969125223346,1.0132062079710606,0.0,mlp,core6,10,42
2022-06-28,0.003810008871369064,1.0,0.0,0.003810008871369064,1.0170665326119566,0.0,mlp,core6,10,42
2022-06-29,0.000902429805137217,0.5,0.0,0.000902429805137217,1.0179843637647932,0.0,mlp,core6,10,42
2022-06-30,0.008659759245347232,1.0,0.0,0.008659759245347232,1.0267998632705242,0.0,mlp,core6,10,42
2022-07-01,-0.0028652788896579295,1.0,0.0,-0.0028652788896579295,1.0238577952983916,0.0,mlp,core6,10,42
2022-07-04,0.004522792994976044,1.0,0.0,0.004522792994976044,1.0284884921628188,0.0,mlp,core6,10,42
2022-07-05,-0.0016382770845666528,1.0,0.0,-0.0016382770845666528,1.0268035430343678,0.0,mlp,core6,10,42
2022-07-06,-0.008649336596135981,1.0,0.0,-0.008649336596135981,1.0179223735725587,0.0,mlp,core6,10,42
2022-07-07,-0.00029654284298885614,1.0,0.0,-0.00029654284298885614,1.0176205159779574,0.0,mlp,core6,10,42
2022-07-08,5.933409556746483e-05,1.5,0.0,5.933409556746483e-05,1.0176808955709038,0.0,mlp,core6,10,42
2022-07-11,-0.00616241799434647,1.0,0.0,-0.00616241799434647,1.011409520507535,0.0,mlp,core6,10,42
2022-07-12,0.005020845841499977,1.0,0.0,0.005020845841499977,1.016487651792629,0.0,mlp,core6,10,42
2022-07-13,0.00438899765140377,1.0,0.0,0.00438899765140377,1.0209490137090276,0.0,mlp,core6,10,42
2022-07-14,0.0019897606689482927,1.0,0.0,0.0019897606689482927,1.0229804579015074,0.0,mlp,core6,10,42
2022-07-15,-0.0026128145400434732,0.5,0.0,-0.0026128145400434732,1.020307599686922,0.0,mlp,core6,10,42
2022-07-18,-0.004423326477990486,1.0,0.0,-0.004423326477990486,1.015794446065532,0.0,mlp,core6,10,42
2022-07-19,0.001269860687898472,1.0,0.0,0.001269860687898472,1.017084363499576,0.0,mlp,core6,10,42
2022-07-20,-0.00646345841960283,0.5,0.0,-0.00646345841960283,1.0105104810068684,0.0,mlp,core6,10,42
2022-07-21,-0.0020011223386973143,0.5,0.0,-0.0020011223386973143,1.0084883259098378,0.0,mlp,core6,10,42
2022-07-22,0.0014239012671168894,0.0,0.0,0.0014239012671168894,1.0099243137149734,0.0,mlp,core6,10,42
2022-07-25,0.0066424302058294415,0.5,0.0,0.0066424302058294415,1.0166326654819953,0.0,mlp,core6,10,42
2022-07-26,-0.006161487312056124,0.5,0.0,-0.006161487312056124,1.0103686962126062,0.0,mlp,core6,10,42
2022-07-27,-0.004684755898779258,0.5,0.0,-0.004684755898779258,1.0056353655030823,0.0,mlp,core6,10,42
2022-07-28,-0.004327826900407672,1.0,0.0,-0.004327826900407672,1.0012831497162569,0.0,mlp,core6,10,42
2022-07-29,-0.004392793518491089,1.0,0.0,-0.004392793518491089,0.996884719586009,0.0,mlp,core6,10,42
2022-08-01,0.003701075562275946,1.0,0.0,0.003701075562275946,1.000574265260075,0.0,mlp,core6,10,42
2022-08-02,0.0033401576802134514,0.5,0.0,0.0033401576802134514,1.0039163410768075,0.0,mlp,core6,10,42
2022-08-03,-0.0039171886164695024,0.5,0.0,-0.0039171886164695024,0.9999838114136537,0.0,mlp,core6,10,42
2022-08-04,-0.005443296395242214,1.0,0.0,-0.005443296395242214,0.9945406031376851,0.0,mlp,core6,10,42
2022-08-05,-0.000561958528123796,2.0,0.0,-0.000561958528123796,0.9939817125641865,0.0,mlp,core6,10,42
2022-08-08,-0.0016418673912994564,1.0,0.0,-0.0016418673912994564,0.9923497264027794,0.0,mlp,core6,10,42
2022-08-09,-0.007128661032766104,1.0,0.0,-0.007128661032766104,0.9852756015772958,0.0,mlp,core6,10,42
2022-08-10,0.0017707471270114183,1.0,0.0,0.0017707471270114183,0.9870202755181032,0.0,mlp,core6,10,42
2022-08-11,0.002866974362405017,0.0,0.0,0.002866974362405017,0.9898500373431875,0.0,mlp,core6,10,42
2022-08-12,-0.002955145959276706,0.5,0.0,-0.002955145959276706,0.9869248860050429,0.0,mlp,core6,10,42
2022-08-15,0.001295266905799508,1.0,0.0,0.001295266905799508,0.9882032171483952,0.0,mlp,core6,10,42
2022-08-16,0.0009806266170926392,1.5,0.0,0.0009806266170926392,0.9891722755262276,0.0,mlp,core6,10,42
2022-08-17,0.006234957021661103,0.5,0.0,0.006234957021661103,0.9953397221511523,0.0,mlp,core6,10,42
2022-08-18,0.0004061204381287098,1.5,0.0,0.0004061204381287098,0.9957439499551992,0.0,mlp,core6,10,42
2022-08-19,0.0018861736170947552,0.5,0.0,0.0018861736170947552,0.9976220959229865,0.0,mlp,core6,10,42
2022-08-22,-0.000867742267473659,0.0,0.0,-0.000867742267473659,0.9967564170633885,0.0,mlp,core6,10,42
2022-08-23,0.0018844185979105532,0.5,0.0,0.0018844185979105532,0.9986347233932894,0.0,mlp,core6,10,42
2022-08-24,0.0016570624429732561,1.0,0.0,0.0016570624429732561,1.0002895234876734,0.0,mlp,core6,10,42
2022-08-25,-0.0021388689056038857,1.0,0.0,-0.0021388689056038857,0.9981500353292843,0.0,mlp,core6,10,42
2022-08-26,0.007191567390691489,1.0,0.0,0.007191567390691489,1.005328298574376,0.0,mlp,core6,10,42
2022-08-29,-0.006023418449331075,1.0,0.0,-0.006023418449331075,0.9992727855531084,0.0,mlp,core6,10,42
2022-08-30,0.004700659483205527,1.0,0.0,0.004700659483205527,1.0039700266488278,0.0,mlp,core6,10,42
2022-08-31,0.0009763507841853425,1.5,0.0,0.0009763507841853425,1.004950253571645,0.0,mlp,core6,10,42
2022-09-01,-0.004284652466594707,1.0,0.0,-0.004284652466594707,1.0006443909888743,0.0,mlp,core6,10,42
2022-09-02,-0.001144230380305089,0.5,0.0,-0.001144230380305089,0.999499423276823,0.0,mlp,core6,10,42
2022-09-05,0.012522020610049367,0.5,0.0,0.012522020610049367,1.0120151756548277,0.0,mlp,core6,10,42
2022-09-06,0.0009320846293121576,1.0,0.0,0.0009320846293121576,1.012958459444686,0.0,mlp,core6,10,42
2022-09-07,0.0031794385868124664,0.0,0.0,0.0031794385868124664,1.0161790986574826,0.0,mlp,core6,10,42
2022-09-08,0.0017421117518097162,1.0,0.0,0.0017421117518097162,1.0179493962071973,0.0,mlp,core6,10,42
2022-09-09,0.0024628045393910725,1.0,0.0,0.0024628045393910725,1.0204564066010469,0.0,mlp,core6,10,42
2022-09-12,0.0013037016615271568,1.0,0.0,0.0013037016615271568,1.0217867773138487,0.0,mlp,core6,10,42
2022-09-13,-0.006861745554488152,0.5,0.0,-0.006861745554488152,1.0147755364369806,0.0,mlp,core6,10,42
2022-09-14,0.001586149308423046,1.0,0.0,0.001586149308423046,1.0163851219523048,0.0,mlp,core6,10,42
2022-09-15,0.00016973656602203846,1.5,0.0,0.00016973656602203846,1.0165576396726608,0.0,mlp,core6,10,42
2022-09-16,-0.0017472830950282514,1.5,0.0,-0.0017472830950282514,1.0147814256937389,0.0,mlp,core6,10,42
2022-09-19,-0.0020992077770642936,0.5,0.0,-0.0020992077770642936,1.0126511886329022,0.0,mlp,core6,10,42
2022-09-20,0.003048188518732786,0.5,0.0,0.003048188518732786,1.015737940359574,0.0,mlp,core6,10,42
2022-09-21,-0.013527663424611092,0.5,0.0,-0.013527663424611092,1.001997379374782,0.0,mlp,core6,10,42
2022-09-22,0.014985590940341353,0.5,0.0,0.014985590940341353,1.0170129022253867,0.0,mlp,core6,10,42
2022-09-23,-0.006275733234360814,0.5,0.0,-0.006275733234360814,1.010630400555117,0.0,mlp,core6,10,42
2022-09-26,0.0034126628597732633,0.5,0.0,0.0034126628597732633,1.0140793413880491,0.0,mlp,core6,10,42
2022-09-27,-0.0003126184456050396,0.0,0.0,-0.0003126184456050396,1.0137623214806242,0.0,mlp,core6,10,42
2022-09-28,-0.0032573898643022403,1.0,0.0,-0.0032573898643022403,1.0104601023698216,0.0,mlp,core6,10,42
2022-09-29,0.0,1.0,0.0,0.0,1.0104601023698216,0.0,mlp,core6,10,42
2022-09-30,-0.00636552379000932,0.0,0.0,-0.00636552379000932,1.0040279945493313,0.0,mlp,core6,10,42
2022-10-03,-0.0025329807540401816,1.5,0.0,-0.0025329807540401816,1.0014848109626204,0.0,mlp,core6,10,42
2022-10-04,-5.691999103873968e-05,1.0,0.0,-5.691999103873968e-05,1.001427806456155,0.0,mlp,core6,10,42
2022-10-05,-0.008348911767825484,1.5,0.0,-0.008348911767825484,0.9930669740582055,0.0,mlp,core6,10,42
2022-10-06,-0.005130875535542145,1.0,0.0,-0.005130875535542145,0.9879716710158555,0.0,mlp,core6,10,42
2022-10-07,0.001032893153023906,2.0,0.0,0.001032893153023906,0.9889921401902293,0.0,mlp,core6,10,42
2022-10-10,-0.005809391557704657,1.5,0.0,-0.005809391557704657,0.9832466976003719,0.0,mlp,core6,10,42
2022-10-11,0.007914843772596214,1.5,0.0,0.007914843772596214,0.9910289416018,0.0,mlp,core6,10,42
2022-10-12,-0.010953953838907182,2.0,0.0,-0.010953953838907182,0.9801732563224729,0.0,mlp,core6,10,42
2022-10-13,0.005752742988988757,1.5,0.0,0.005752742988988757,0.9858119411507763,0.0,mlp,core6,10,42
2022-10-14,0.007671282743103802,0.5,0.0,0.007671282743103802,0.9933743832828719,0.0,mlp,core6,10,42
2022-10-17,-0.0003414946550037712,1.0,0.0,-0.0003414946550037712,0.9930351512405631,0.0,mlp,core6,10,42
2022-10-18,-0.003255001734942198,1.0,0.0,-0.003255001734942198,0.9898028201004164,0.0,mlp,core6,10,42
2022-10-19,0.006306890514679253,0.5,0.0,0.006306890514679253,0.9960453981179105,0.0,mlp,core6,10,42
2022-10-20,-0.004063837695866823,0.5,0.0,-0.004063837695866823,0.9919976312822443,0.0,mlp,core6,10,42
2022-10-21,-0.003975012572482228,1.5,0.0,-0.003975012572482228,0.9880544282260247,0.0,mlp,core6,10,42
2022-10-24,-0.00027592526748776436,0.5,0.0,-0.00027592526748776436,0.987781799043624,0.0,mlp,core6,10,42
2022-10-25,-0.0022218108642846346,0.5,0.0,-0.0022218108642846346,0.9855871347109663,0.0,mlp,core6,10,42
2022-10-26,-0.0010354594269301742,1.0,0.0,-0.0010354594269301742,0.9845665992212687,0.0,mlp,core6,10,42
2022-10-27,-0.007921240874566138,1.5,0.0,-0.007921240874566138,0.9767676100317846,0.0,mlp,core6,10,42
2022-10-28,-0.0026893556787399575,1.5,0.0,-0.0026893556787399575,0.9741407345129364,0.0,mlp,core6,10,42
2022-10-31,-0.0030026304739294574,1.0,0.0,-0.0030026304739294574,0.9712157498575918,0.0,mlp,core6,10,42
2022-11-01,-0.00219661455048481,1.0,0.0,-0.00219661455048481,0.9690823632097947,0.0,mlp,core6,10,42
2022-11-02,0.0028019812889397144,1.0,0.0,0.0028019812889397144,0.97179771385895,0.0,mlp,core6,10,42
2022-11-03,0.00595795689150691,1.5,0.0,0.00595795689150691,0.9775876427453866,0.0,mlp,core6,10,42
2022-11-04,-0.00043479411397129297,1.5,0.0,-0.00043479411397129297,0.9771625933924298,0.0,mlp,core6,10,42
2022-11-07,-0.0048588900826871395,1.0,0.0,-0.0048588900826871395,0.9724146677582225,0.0,mlp,core6,10,42
2022-11-08,0.008618651801953092,1.0,0.0,0.008618651801953092,0.9807955711867425,0.0,mlp,core6,10,42
2022-11-09,-0.010306420736014843,0.5,0.0,-0.010306420736014843,0.970687079374072,0.0,mlp,core6,10,42
2022-11-10,0.0027943216264247894,1.5,0.0,0.0027943216264247894,0.9733994912724581,0.0,mlp,core6,10,42
2022-11-11,0.0074828764190897346,2.0,0.0,0.0074828764190897346,0.9806833193720547,0.0,mlp,core6,10,42
2022-11-14,-0.008276345426565968,1.5,0.0,-0.008276345426565968,0.9725668454668602,0.0,mlp,core6,10,42
2022-11-15,-0.004363823274616152,1.0,0.0,-0.004363823274616152,0.968322735630492,0.0,mlp,core6,10,42
2022-11-16,-0.004350238363258541,1.0,0.0,-0.004350238363258541,0.9641103009179368,0.0,mlp,core6,10,42
2022-11-17,-0.0008878879889380187,1.0,0.0,-0.0008878879889380187,0.9632542789617403,0.0,mlp,core6,10,42
2022-11-18,0.008136648684740067,1.0,0.0,0.008136648684740067,0.9710919406237246,0.0,mlp,core6,10,42
2022-11-21,0.00015485216863453388,1.0,0.0,0.00015485216863453388,0.9712423163166737,0.0,mlp,core6,10,42
2022-11-22,-0.0015247310511767864,1.0,0.0,-0.0015247310511767864,0.9697614329987688,0.0,mlp,core6,10,42
2022-11-23,-0.003583887795684859,0.5,0.0,-0.003583887795684859,0.9662859168343186,0.0,mlp,core6,10,42
2022-11-24,0.0012477027485147119,1.5,0.0,0.0012477027485147119,0.9674915544286039,0.0,mlp,core6,10,42
2022-11-25,0.0009889001375995576,1.5,0.0,0.0009889001375995576,0.9684483069599048,0.0,mlp,core6,10,42
2022-11-28,-0.0024691422004252672,1.0,0.0,-0.0024691422004252672,0.9660570703762597,0.0,mlp,core6,10,42
2022-11-29,-0.00436058291234076,0.5,0.0,-0.00436058291234076,0.9618444984228309,0.0,mlp,core6,10,42
2022-11-30,-0.006672701798379421,1.0,0.0,-0.006672701798379421,0.9554263969084436,0.0,mlp,core6,10,42
2022-12-01,-0.003334423734486336,0.0,0.0,-0.003334423734486336,0.9522406004540372,0.0,mlp,core6,10,42
2022-12-02,0.0018348717130720615,1.0,0.0,0.0018348717130720615,0.9539878397958491,0.0,mlp,core6,10,42
2022-12-05,0.0011880189122166485,0.5,0.0,0.0011880189122166485,0.9551211953915513,0.0,mlp,core6,10,42
2022-12-06,-0.004159364598308457,0.0,0.0,-0.004159364598308457,0.9511484981043457,0.0,mlp,core6,10,42
2022-12-07,-0.002952400012873113,1.0,0.0,-0.002952400012873113,0.9483403272662981,0.0,mlp,core6,10,42
2022-12-08,0.0036410109605640173,1.0,0.0,0.0036410109605640173,0.9517932447922196,0.0,mlp,core6,10,42
2022-12-09,0.002476770168868825,1.0,0.0,0.002476770168868825,0.9541506179078518,0.0,mlp,core6,10,42
2022-12-12,-0.004802351351827383,0.5,0.0,-0.004802351351827383,0.9495684513980951,0.0,mlp,core6,10,42
2022-12-13,-0.002950516645796597,1.5,0.0,-0.002950516645796597,0.9467667338759217,0.0,mlp,core6,10,42
2022-12-14,0.0027505503967404366,1.0,0.0,0.0027505503967404366,0.9493708634914048,0.0,mlp,core6,10,42
2022-12-15,-0.007077896676491946,1.0,0.0,-0.007077896676491946,0.9426513146119406,0.0,mlp,core6,10,42
2022-12-16,0.0043524280190467834,0.5,0.0,0.0043524280190467834,0.946754136605849,0.0,mlp,core6,10,42
2022-12-19,-0.017483464092947543,1.0,0.0,-0.017483464092947543,0.930201594653651,0.0,mlp,core6,10,42
2022-12-20,-0.0010594684135867283,0.5,0.0,-0.0010594684135867283,0.9292160754458475,0.0,mlp,core6,10,42
2022-12-21,-0.0015938324431772344,0.0,0.0,-0.0015938324431772344,0.9277350607180801,0.0,mlp,core6,10,42
2022-12-22,-0.0005602606106549501,0.0,0.0,-0.0005602606106549501,0.9272152873064362,0.0,mlp,core6,10,42
2022-12-23,0.002401196070422884,1.0,0.0,0.002401196070422884,0.9294417130107524,0.0,mlp,core6,10,42
2022-12-26,0.008957143407315016,1.0,0.0,0.008957143407315016,0.9377668557229303,0.0,mlp,core6,10,42
2022-12-27,-0.0009832553041633219,1.0,0.0,-0.0009832553041633219,0.9368447914879722,0.0,mlp,core6,10,42
2022-12-28,-0.0010460851481184363,1.0,0.0,-0.0010460851481184363,0.9358647720655044,0.0,mlp,core6,10,42
2022-12-29,0.0019140188815072179,1.0,0.0,0.0019140188815072179,0.9376560349097752,0.0,mlp,core6,10,42
2022-12-30,-0.010658379818778485,1.0,0.0,-0.010658379818778485,0.927662140750337,0.0,mlp,core6,10,42
2023-01-02,-0.0023219786817207932,0.5,0.0,-0.0023219786817207932,0.9255081290356753,0.0,mlp,core6,10,42
2023-01-03,0.00644789868965745,1.0,0.0,0.00644789868965745,0.9314757116881517,0.0,mlp,core6,10,42
2023-01-04,-0.0018494331743568182,0.0,0.0,-0.0018494331743568182,0.929753009605848,0.0,mlp,core6,10,42
2023-01-05,0.0015223058871924877,1.0,0.0,0.0015223058871924877,0.9311683780860058,0.0,mlp,core6,10,42
2023-01-06,0.003530668094754219,1.0,0.0,0.003530668094754219,0.9344560245693582,0.0,mlp,core6,10,42
2023-01-09,-0.001192903786431998,1.0,0.0,-0.001192903786431998,0.9333413084393952,0.0,mlp,core6,10,42
2023-01-10,-0.0007430015321006067,1.0,0.0,-0.0007430015321006067,0.932647834417252,0.0,mlp,core6,10,42
2023-01-11,-0.007049948209896684,0.5,0.0,-0.007049948209896684,0.926072715486538,0.0,mlp,core6,10,42
2023-01-12,0.005990563047816977,2.0,0.0,0.005990563047816977,0.9316204124755232,0.0,mlp,core6,10,42
2023-01-13,0.0011797772021964192,0.5,0.0,0.0011797772021964192,0.9327195169992626,0.0,mlp,core6,10,42
2023-01-16,-0.001127414871007204,0.5,0.0,-0.001127414871007204,0.931667955145319,0.0,mlp,core6,10,42
2023-01-17,0.0018458844569977373,0.5,0.0,0.0018458844569977373,0.9333877065428046,0.0,mlp,core6,10,42
2023-01-18,-0.0026106549630640075,1.0,0.0,-0.0026106549630640075,0.9309509532942557,0.0,mlp,core6,10,42
2023-01-19,0.00344680726993829,1.0,0.0,0.00344680726993829,0.9341597618080263,0.0,mlp,core6,10,42
2023-01-20,0.0034248796582687646,0.0,0.0,0.0034248796582687646,0.9373591465738158,0.0,mlp,core6,10,42
2023-01-23,-0.0031695384095655754,0.5,0.0,-0.0031695384095655754,0.9343881507551924,0.0,mlp,core6,10,42
2023-01-24,-0.0045304648810997605,0.5,0.0,-0.0045304648810997605,0.9301549380528803,0.0,mlp,core6,10,42
2023-01-25,0.0010794992485898547,0.5,0.0,0.0010794992485898547,0.9311590396095806,0.0,mlp,core6,10,42
2023-01-26,0.002311724136234261,1.0,0.0,0.002311724136234261,0.9333116224361188,0.0,mlp,core6,10,42
2023-01-27,-0.00056700618006289,0.5,0.0,-0.00056700618006289,0.9327824289782729,0.0,mlp,core6,10,42
2023-01-30,0.0024148464726749808,0.5,0.0,0.0024148464726749808,0.9350349553366643,0.0,mlp,core6,10,42
2023-01-31,-0.008310816716402769,1.0,0.0,-0.008310816716402769,0.9272640511994313,0.0,mlp,core6,10,42
2023-02-01,0.0005695238942280412,1.0,0.0,0.0005695238942280412,0.9277921502328481,0.0,mlp,core6,10,42
2023-02-02,0.006896128412336111,1.0,0.0,0.006896128412336111,0.9341903240408113,0.0,mlp,core6,10,42
2023-02-03,-0.0019998126663267612,0.5,0.0,-0.0019998126663267612,0.9323221183980346,0.0,mlp,core6,10,42
2023-02-06,-0.0011953710345551372,0.5,0.0,-0.0011953710345551372,0.9312076475428265,0.0,mlp,core6,10,42
2023-02-07,-0.0014835135953035206,1.0,0.0,-0.0014835135953035206,0.9298261883376461,0.0,mlp,core6,10,42
2023-02-08,0.002595946963992901,1.0,0.0,0.002595946963992901,0.9322399678083023,0.0,mlp,core6,10,42
2023-02-09,0.005558582408411894,1.0,0.0,0.005558582408411894,0.93742190049378,0.0,mlp,core6,10,42
2023-02-10,0.004324286070186645,1.0,0.0,0.004324286070186645,0.9414755809599732,0.0,mlp,core6,10,42
2023-02-13,0.0036214795836713165,0.0,0.0,0.0036214795836713165,0.9448851155549448,0.0,mlp,core6,10,42
2023-02-14,0.003018487128429115,2.0,0.0,0.003018487128429115,0.9477372391140917,0.0,mlp,core6,10,42
2023-02-15,0.0013556950143538415,1.0,0.0,0.0013556950143538415,0.9490220817640761,0.0,mlp,core6,10,42
2023-02-16,-0.0020859588985331357,1.0,0.0,-0.0020859588985331357,0.9470424607077159,0.0,mlp,core6,10,42
2023-02-17,0.0012700034421868622,0.0,0.0,0.0012700034421868622,0.9482452078927118,0.0,mlp,core6,10,42
2023-02-20,0.002245520241558552,1.0,0.0,0.002245520241558552,0.9503745117009958,0.0,mlp,core6,10,42
2023-02-21,-0.00038926315028220415,1.0,0.0,-0.00038926315028220415,0.9500045659246232,0.0,mlp,core6,10,42
2023-02-22,-0.001068603633029852,1.0,0.0,-0.001068603633029852,0.9489893875940812,0.0,mlp,core6,10,42
2023-02-23,-0.00360759231261909,1.5,0.0,-0.00360759231261909,0.9455658207746397,0.0,mlp,core6,10,42
2023-02-24,-0.0009623568330425769,1.5,0.0,-0.0009623568330425769,0.9446558490459257,0.0,mlp,core6,10,42
2023-02-27,-0.0003261340534663759,1.5,0.0,-0.0003261340534663759,0.9443477646047457,0.0,mlp,core6,10,42
2023-02-28,0.0009748355369083583,1.0,0.0,0.0009748355369083583,0.9452683483648824,0.0,mlp,core6,10,42
2023-03-01,-0.0006018440471962094,1.0,0.0,-0.0006018440471962094,0.9446994442364159,0.0,mlp,core6,10,42
2023-03-02,-0.003715530998306349,0.5,0.0,-0.003715530998306349,0.9411893841672727,0.0,mlp,core6,10,42
2023-03-03,0.0033822997647803277,0.5,0.0,0.0033822997647803277,0.9443727687999555,0.0,mlp,core6,10,42
2023-03-06,-0.0030859243124723434,0.5,0.0,-0.0030859243124723434,0.9414585059126789,0.0,mlp,core6,10,42
2023-03-07,-0.0026916691567748785,0.5,0.0,-0.0026916691567748785,0.9389244110899304,0.0,mlp,core6,10,42
2023-03-08,-0.0029433188028633595,0.0,0.0,-0.0029433188028633595,0.936160857216302,0.0,mlp,core6,10,42
2023-03-09,0.00037434743717312813,0.5,0.0,0.00037434743717312813,0.9365113066339827,0.0,mlp,core6,10,42
2023-03-10,-0.005653844913467765,1.0,0.0,-0.005653844913467765,0.9312164169465651,0.0,mlp,core6,10,42
2023-03-13,0.0052614346641348675,1.0,0.0,0.0052614346641348675,0.9361159512824992,0.0,mlp,core6,10,42
2023-03-14,-0.011519511928781867,0.5,0.0,-0.011519511928781867,0.9253323524149775,0.0,mlp,core6,10,42
2023-03-15,0.0016010559629648924,1.0,0.0,0.0016010559629648924,0.9268138612955358,0.0,mlp,core6,10,42
2023-03-16,-0.005609167681541294,1.0,0.0,-0.005609167681541294,0.9216152069379524,0.0,mlp,core6,10,42
2023-03-17,-0.0036536166444420815,1.0,0.0,-0.0036536166444420815,0.918247978278113,0.0,mlp,core6,10,42
2023-03-20,0.003230998874641955,1.0,0.0,0.003230998874641955,0.9212148364625719,0.0,mlp,core6,10,42
2023-03-21,-0.0028436250577215105,2.0,0.0,-0.0028436250577215105,0.9185952468700621,0.0,mlp,core6,10,42
2023-03-22,0.001348145150586788,2.0,0.0,0.001348145150586788,0.919833646597482,0.0,mlp,core6,10,42
2023-03-23,0.002599389525130391,2.0,0.0,0.002599389525130391,0.92222465254331,0.0,mlp,core6,10,42
2023-03-24,-0.0014310282422229648,1.5,0.0,-0.0014310282422229648,0.9209049230198463,0.0,mlp,core6,10,42
2023-03-27,-0.008572756545618176,1.5,0.0,-0.008572756545618176,0.9130102293131359,0.0,mlp,core6,10,42
2023-03-28,-0.00042076618410646915,1.0,0.0,-0.00042076618410646915,0.9126260654828976,0.0,mlp,core6,10,42
2023-03-29,0.004880485823377967,1.5,0.0,0.004880485823377967,0.9170801240575321,0.0,mlp,core6,10,42
2023-03-30,0.00022379709116648883,2.0,0.0,0.00022379709116648883,0.9172853639216628,0.0,mlp,core6,10,42
2023-03-31,0.00189361214870587,1.5,0.0,0.00189361214870587,0.919022346630615,0.0,mlp,core6,10,42
2023-04-03,-0.008538238442270085,0.5,0.0,-0.008538238442270085,0.9111755147013082,0.0,mlp,core6,10,42
2023-04-04,0.001526056556031108,2.0,0.0,0.001526056556031108,0.9125660200692132,0.0,mlp,core6,10,42
2023-04-05,0.004568317614030093,1.5,0.0,0.004568317614030093,0.9167349114926607,0.0,mlp,core6,10,42
2023-04-06,-0.000804443952802103,0.5,0.0,-0.000804443952802103,0.9159974496367879,0.0,mlp,core6,10,42
2023-04-07,-0.0028469269163906574,0.0,0.0,-0.0028469269163906574,0.9133896718420716,0.0,mlp,core6,10,42
2023-04-10,0.003035553585505113,1.5,0.0,0.003035553585505113,0.9161623151353951,0.0,mlp,core6,10,42
2023-04-11,0.0004731274675577879,1.5,0.0,0.0004731274675577879,0.916595776691427,0.0,mlp,core6,10,42
2023-04-12,-0.0027938857674598694,1.5,0.0,-0.0027938857674598694,0.914034912796415,0.0,mlp,core6,10,42
2023-04-13,0.004943933570757508,0.5,0.0,0.004943933570757508,0.9185538406866336,0.0,mlp,core6,10,42
2023-04-14,-0.002424361649900675,0.0,0.0,-0.002424361649900675,0.9163269339819039,0.0,mlp,core6,10,42
2023-04-17,0.00030339579097926617,0.5,0.0,0.00030339579097926617,0.916604943716835,0.0,mlp,core6,10,42
2023-04-18,-0.00036033394280821085,1.0,0.0,-0.00036033394280821085,0.916274659843468,0.0,mlp,core6,10,42
2023-04-19,-0.0009593164431862533,0.0,0.0,-0.0009593164431862533,0.9153956624958053,0.0,mlp,core6,10,42
2023-04-20,-0.007920053525594994,0.5,0.0,-0.007920053525594994,0.908145679851741,0.0,mlp,core6,10,42
2023-04-21,-0.00040146363608073443,0.5,0.0,-0.00040146363608073443,0.9077810923850167,0.0,mlp,core6,10,42
2023-04-24,-0.004251604783348739,0.0,0.0,-0.004251604783348739,0.903921565950399,0.0,mlp,core6,10,42
2023-04-25,0.005051650281529874,2.0,0.0,0.005051650281529874,0.9084878615835132,0.0,mlp,core6,10,42
2023-04-26,-0.0033013909705914557,0.5,0.0,-0.0033013909705914557,0.9054885879603894,0.0,mlp,core6,10,42
2023-04-27,0.005691731290426105,0.5,0.0,0.005691731290426105,0.9106423856896073,0.0,mlp,core6,10,42
2023-04-28,0.0010761671874206513,1.0,0.0,0.0010761671874206513,0.911622389144561,0.0,mlp,core6,10,42
2023-05-01,-0.006865546805784106,0.5,0.0,-0.006865546805784106,0.9053636029626883,0.0,mlp,core6,10,42
2023-05-02,0.0001335377455689013,0.5,0.0,0.0001335377455689013,0.905484503177148,0.0,mlp,core6,10,42
2023-05-03,-0.006300199820543639,1.0,0.0,-0.006300199820543639,0.8997797698727263,0.0,mlp,core6,10,42
2023-05-04,-0.0030175416031852365,0.5,0.0,-0.0030175416031852365,0.8970646469834309,0.0,mlp,core6,10,42
2023-05-05,-0.003789358161156997,0.5,0.0,-0.003789358161156997,0.8936653477422988,0.0,mlp,core6,10,42
2023-05-08,0.0015444568998645991,1.0,0.0,0.0015444568998645991,0.8950455753547892,0.0,mlp,core6,10,42
2023-05-09,0.0011761894056689925,1.0,0.0,0.0011761894056689925,0.8960983184781125,0.0,mlp,core6,10,42
2023-05-10,-0.004414724768139422,2.0,0.0,-0.004414724768139422,0.8921422910368391,0.0,mlp,core6,10,42
2023-05-11,0.002131871646270156,1.0,0.0,0.002131871646270156,0.894044223891539,0.0,mlp,core6,10,42
2023-05-12,0.0068186596618033946,1.5,0.0,0.0068186596618033946,0.9001404071768566,0.0,mlp,core6,10,42
2023-05-15,-0.002385721047176048,1.0,0.0,-0.002385721047176048,0.8979929232620412,0.0,mlp,core6,10,42
2023-05-16,-0.0016263932193396613,2.0,0.0,-0.0016263932193396613,0.8965324336606327,0.0,mlp,core6,10,42
2023-05-17,0.0011958024697378278,1.0,0.0,0.0011958024697378278,0.8976045093590042,0.0,mlp,core6,10,42
2023-05-18,-0.0006996528245508671,1.5,0.0,-0.0006996528245508671,0.8969764978287015,0.0,mlp,core6,10,42
2023-05-19,0.002257133601233363,1.5,0.0,0.002257133601233363,0.8990010936214673,0.0,mlp,core6,10,42
2023-05-22,0.00011968413309659809,0.0,0.0,0.00011968413309659809,0.8991086897880103,0.0,mlp,core6,10,42
2023-05-23,-0.00044896628241986036,1.0,0.0,-0.00044896628241986036,0.8987050203020648,0.0,mlp,core6,10,42
2023-05-24,0.002174503984861076,0.0,0.0,0.002174503984861076,0.9006592579499263,0.0,mlp,core6,10,42
2023-05-25,0.005070478247944266,1.0,0.0,0.005070478247944266,0.9052260311261711,0.0,mlp,core6,10,42
2023-05-26,-0.00041780037281569093,0.5,0.0,-0.00041780037281569093,0.904847827352884,0.0,mlp,core6,10,42
2023-05-29,-0.0022347310004988685,2.0,0.0,-0.0022347310004988685,0.9028257358623645,0.0,mlp,core6,10,42
2023-05-30,0.0033472462091594934,1.5,0.0,0.0033472462091594934,0.9058477158842614,0.0,mlp,core6,10,42
2023-05-31,-0.007097594905644655,1.5,0.0,-0.007097594905644655,0.8994183757507114,0.0,mlp,core6,10,42
2023-06-01,-0.008675303601194173,0.0,0.0,-0.008675303601194173,0.891615648276581,0.0,mlp,core6,10,42
2023-06-02,-0.005666133685735986,2.0,0.0,-0.005666133685735986,0.8865636348171517,0.0,mlp,core6,10,42
2023-06-05,0.0006179769843583927,1.0,0.0,0.0006179769843583927,0.8871115107386378,0.0,mlp,core6,10,42
2023-06-06,0.0025928242248483002,0.5,0.0,0.0025928242248483002,0.8894116349538227,0.0,mlp,core6,10,42
2023-06-07,-0.0015119640156626701,0.5,0.0,-0.0015119640156626701,0.8880668765666608,0.0,mlp,core6,10,42
2023-06-08,0.005099482659716159,1.0,0.0,0.005099482659716159,0.8925955582043809,0.0,mlp,core6,10,42
2023-06-09,0.0006795090448576957,1.5,0.0,0.0006795090448576957,0.8932020849595805,0.0,mlp,core6,10,42
2023-06-12,0.006674988893792033,1.5,0.0,0.006674988893792033,0.8991641989565976,0.0,mlp,core6,10,42
2023-06-13,-0.006322845467366278,2.0,0.0,-0.006322845467366278,0.8934789226768068,0.0,mlp,core6,10,42
2023-06-14,-0.002075044671073556,1.5,0.0,-0.002075044671073556,0.8916249139995898,0.0,mlp,core6,10,42
2023-06-15,0.0020764331420650706,0.5,0.0,0.0020764331420650706,0.8934763135213094,0.0,mlp,core6,10,42
2023-06-16,-0.00046287088480312377,1.0,0.0,-0.00046287088480312377,0.8930627493495191,0.0,mlp,core6,10,42
2023-06-19,-0.00905515078920871,0.5,0.0,-0.00905515078920871,0.8849759314899339,0.0,mlp,core6,10,42
2023-06-20,0.0015071473899297416,0.5,0.0,0.0015071473899297416,0.8863097206552296,0.0,mlp,core6,10,42
2023-06-21,0.0011592076625674963,1.5,0.0,0.0011592076625674963,0.8873371376748213,0.0,mlp,core6,10,42
2023-06-22,0.0035905379336327314,1.0,0.0,0.0035905379336327314,0.8905231553275638,0.0,mlp,core6,10,42
2023-06-23,0.0009374368455610238,0.5,0.0,0.0009374368455610238,0.8913579645451931,0.0,mlp,core6,10,42
2023-06-26,-0.0043184582609683275,0.5,0.0,-0.0043184582609683275,0.887508672379723,0.0,mlp,core6,10,42
2023-06-27,0.0025571055011823773,1.0,0.0,0.0025571055011823773,0.8897781256882122,0.0,mlp,core6,10,42
2023-06-28,0.0031467090593650937,1.5,0.0,0.0031467090593650937,0.8925779985771403,0.0,mlp,core6,10,42
2023-06-29,0.0,1.5,0.0,0.0,0.8925779985771403,0.0,mlp,core6,10,42
2023-06-30,-0.0005220342427492142,2.0,0.0,-0.0005220342427492142,0.8921120422975585,0.0,mlp,core6,10,42
2023-07-03,0.0028793805395253003,1.5,0.0,0.0028793805395253003,0.8946807723512262,0.0,mlp,core6,10,42
2023-07-04,-0.0009401467686984688,1.5,0.0,-0.0009401467686984688,0.8938396411140835,0.0,mlp,core6,10,42
2023-07-05,-3.397907130420208e-05,1.0,0.0,-3.397907130420208e-05,0.8938092692731836,0.0,mlp,core6,10,42
2023-07-06,-0.002664630301296711,0.5,0.0,-0.002664630301296711,0.8914275980106984,0.0,mlp,core6,10,42
2023-07-07,-0.0037120021443115547,0.0,0.0,-0.0037120021443115547,0.8881186168553842,0.0,mlp,core6,10,42
2023-07-10,0.006911244796356186,1.0,0.0,0.006911244796356186,0.894256622024673,0.0,mlp,core6,10,42
2023-07-11,-0.005917636677622795,1.0,0.0,-0.005917636677622795,0.8889647362389728,0.0,mlp,core6,10,42
2023-07-12,-0.00732910365331918,1.5,0.0,-0.00732910365331918,0.8824494215429318,0.0,mlp,core6,10,42
2023-07-13,0.0026622781297191978,2.0,0.0,0.0026622781297191978,0.884798747338489,0.0,mlp,core6,10,42
2023-07-14,-0.0008929950417950749,0.5,0.0,-0.0008929950417950749,0.8840086264441291,0.0,mlp,core6,10,42
2023-07-17,0.0037544043734669685,0.5,0.0,0.0037544043734669685,0.8873275522974335,0.0,mlp,core6,10,42
2023-07-18,0.005972522572847083,1.0,0.0,0.005972522572847083,0.8926271361330391,0.0,mlp,core6,10,42
2023-07-19,-0.008025263552553952,0.5,0.0,-0.008025263552553952,0.88546356811141,0.0,mlp,core6,10,42
2023-07-20,0.007315629627555609,0.5,0.0,0.007315629627555609,0.8919412916244069,0.0,mlp,core6,10,42
2023-07-21,-0.006672378280200064,0.5,0.0,-0.006672378280200064,0.8859899219229587,0.0,mlp,core6,10,42
2023-07-24,-0.002567967021605,0.5,0.0,-0.002567967021605,0.8837147290219861,0.0,mlp,core6,10,42
2023-07-25,0.003636101959273219,0.5,0.0,0.003636101959273219,0.8869280058796215,0.0,mlp,core6,10,42
2023-07-26,0.010863518808037043,1.5,0.0,0.010863518808037043,0.8965631649528696,0.0,mlp,core6,10,42
2023-07-27,0.002962487342301756,1.0,0.0,0.002962487342301756,0.8992192219806164,0.0,mlp,core6,10,42
2023-07-28,0.008033493591938168,1.0,0.0,0.008033493591938168,0.9064430938381454,0.0,mlp,core6,10,42
2023-07-31,0.011236992111662403,1.5,0.0,0.011236992111662403,0.9166287877332755,0.0,mlp,core6,10,42
2023-08-01,0.0009200996719300747,0.5,0.0,0.0009200996719300747,0.9174721775801505,0.0,mlp,core6,10,42
2023-08-02,-0.003953890278353356,0.5,0.0,-0.003953890278353356,0.9138445932565566,0.0,mlp,core6,10,42
2023-08-03,-0.007211848635051865,0.5,0.0,-0.007211848635051865,0.9072540843740298,0.0,mlp,core6,10,42
2023-08-04,0.002849567521479912,1.0,0.0,0.002849567521479912,0.909839366146592,0.0,mlp,core6,10,42
2023-08-07,0.0005468341987580061,1.5,0.0,0.0005468341987580061,0.9103368974273772,0.0,mlp,core6,10,42
2023-08-08,0.002638850943185389,0.0,0.0,0.002638850943185389,0.91273914080777,0.0,mlp,core6,10,42
2023-08-09,-0.004435008340806235,1.0,0.0,-0.004435008340806235,0.9086911351053072,0.0,mlp,core6,10,42
2023-08-10,0.00420426506025251,0.5,0.0,0.00420426506025251,0.9125115134951917,0.0,mlp,core6,10,42
2023-08-11,0.003170889671309851,1.5,0.0,0.003170889671309851,0.9154049868282849,0.0,mlp,core6,10,42
2023-08-14,-1.3747107004746795e-05,1.0,0.0,-1.3747107004746795e-05,0.9153924026579783,0.0,mlp,core6,10,42
2023-08-15,0.0033031298080459237,0.0,0.0,0.0033031298080459237,0.9184160625892567,0.0,mlp,core6,10,42
2023-08-16,0.00043242931133136153,0.0,0.0,0.00043242931133136153,0.9188132126147178,0.0,mlp,core6,10,42
2023-08-17,-0.0036051627321285196,0.5,0.0,-0.0036051627321285196,0.915500741462812,0.0,mlp,core6,10,42
2023-08-18,0.002627620742714498,0.5,0.0,0.002627620742714498,0.9179063302010502,0.0,mlp,core6,10,42
2023-08-21,-0.0051462684641592205,0.5,0.0,-0.0051462684641592205,0.9131825378008844,0.0,mlp,core6,10,42
2023-08-22,-0.0009850157075561583,0.5,0.0,-0.0009850157075561583,0.9122830386572846,0.0,mlp,core6,10,42
2023-08-23,0.001438685692846775,0.5,0.0,0.001438685692846775,0.9135955272128276,0.0,mlp,core6,10,42
2023-08-24,-0.0016392266188631766,2.0,0.0,-0.0016392266188631766,0.9120979371057459,0.0,mlp,core6,10,42
2023-08-25,-0.0011359742929926142,1.5,0.0,-0.0011359742929926142,0.9110618172965023,0.0,mlp,core6,10,42
2023-08-28,0.001471052411943674,1.0,0.0,0.001471052411943674,0.9124020369802661,0.0,mlp,core6,10,42
2023-08-29,0.0010713257070165128,0.0,0.0,0.0010713257070165128,0.9133795167376173,0.0,mlp,core6,10,42
2023-08-30,-0.0017481172690168023,0.0,0.0,-0.0017481172690168023,0.9117828222312421,0.0,mlp,core6,10,42
2023-08-31,0.0005970648489892483,0.5,0.0,0.0005970648489892483,0.9123272157043085,0.0,mlp,core6,10,42
2023-09-01,-9.782947017811239e-05,1.0,0.0,-9.782947017811239e-05,0.9122379632161671,0.0,mlp,core6,10,42
2023-09-04,-0.0027699110796675086,1.0,0.0,-0.0027699110796675086,0.9097111451745613,0.0,mlp,core6,10,42
2023-09-05,0.0017542542395858618,1.5,0.0,0.0017542542395858618,0.9113070098077823,0.0,mlp,core6,10,42
2023-09-06,-0.0034875016135629267,0.5,0.0,-0.0034875016135629267,0.9081288251406265,0.0,mlp,core6,10,42
2023-09-07,0.0012338820670265704,0.0,0.0,0.0012338820670265704,0.9092493490125174,0.0,mlp,core6,10,42
2023-09-08,-0.0026487422874197364,1.0,0.0,-0.0026487422874197364,0.9068409818119791,0.0,mlp,core6,10,42
2023-09-11,0.0006460557924583554,1.5,0.0,0.0006460557924583554,0.9074268516811174,0.0,mlp,core6,10,42
2023-09-12,-0.001174801742308773,0.5,0.0,-0.001174801742308773,0.9063608050347446,0.0,mlp,core6,10,42
2023-09-13,-0.00012010562932118773,1.0,0.0,-0.00012010562932118773,0.9062519459998638,0.0,mlp,core6,10,42
2023-09-14,-0.0018161547341151163,1.0,0.0,-0.0018161547341151163,0.9046060522378351,0.0,mlp,core6,10,42
2023-09-15,-5.067135498393327e-05,1.0,0.0,-5.067135498393327e-05,0.9045602146234415,0.0,mlp,core6,10,42
2023-09-18,0.0025724668412294704,1.5,0.0,0.0025724668412294704,0.9068871657814557,0.0,mlp,core6,10,42
2023-09-19,0.0022549773566424847,0.5,0.0,0.0022549773566424847,0.9089321758053225,0.0,mlp,core6,10,42
2023-09-20,-0.005638559714498115,0.5,0.0,-0.005638559714498115,0.9038071074556154,0.0,mlp,core6,10,42
2023-09-21,0.0018476637051207945,0.0,0.0,0.0018476637051207945,0.9054770390444914,0.0,mlp,core6,10,42
2023-09-22,0.0023689038353040814,0.5,0.0,0.0023689038353040814,0.9076220270750637,0.0,mlp,core6,10,42
2023-09-25,-0.000687324209138751,1.5,0.0,-0.000687324209138751,0.9069981964831074,0.0,mlp,core6,10,42
2023-09-26,0.0023542012786492705,1.5,0.0,0.0023542012786492705,0.9091334527970005,0.0,mlp,core6,10,42
2023-09-27,-0.006414430099539459,1.0,0.0,-0.006414430099539459,0.9033018798128812,0.0,mlp,core6,10,42
2023-09-28,0.0,0.5,0.0,0.0,0.9033018798128812,0.0,mlp,core6,10,42
2023-09-29,-0.0035810942063108087,1.0,0.0,-0.0035810942063108087,0.9000670706845336,0.0,mlp,core6,10,42
2023-10-02,-0.004667551664169878,0.5,0.0,-0.004667551664169878,0.8958659611308956,0.0,mlp,core6,10,42
2023-10-03,-0.00021012237994000316,0.5,0.0,-0.00021012237994000316,0.8956777196430356,0.0,mlp,core6,10,42
2023-10-04,0.0009851382346823812,1.5,0.0,0.0009851382346823812,0.896560086010609,0.0,mlp,core6,10,42
2023-10-05,-0.0006741237593814731,0.5,0.0,-0.0006741237593814731,0.8959556935549161,0.0,mlp,core6,10,42
2023-10-06,0.003881914890371263,0.5,0.0,0.003881914890371263,0.8994337173028398,0.0,mlp,core6,10,42
2023-10-09,-0.0008639762090751901,1.0,0.0,-0.0008639762090751901,0.8986566279694501,0.0,mlp,core6,10,42
2023-10-10,0.0027938074490521103,0.5,0.0,0.0027938074490521103,0.9011673015508113,0.0,mlp,core6,10,42
2023-10-11,0.004863109905272722,0.5,0.0,0.004863109905272722,0.9055497771812909,0.0,mlp,core6,10,42
2023-10-12,-0.0004602371482178569,1.5,0.0,-0.0004602371482178569,0.9051330095342717,0.0,mlp,core6,10,42
2023-10-13,0.003943602143408498,0.5,0.0,0.003943602143408498,0.9087024940107408,0.0,mlp,core6,10,42
2023-10-16,-0.00509140663780272,1.5,0.0,-0.00509140663780272,0.9040759201009466,0.0,mlp,core6,10,42
2023-10-17,0.0018028459817287512,0.5,0.0,0.0018028459817287512,0.9057058297406784,0.0,mlp,core6,10,42
2023-10-18,0.0021299507352523506,1.0,0.0,0.0021299507352523506,0.9076349385386568,0.0,mlp,core6,10,42
2023-10-19,-0.0014527785533573478,1.5,0.0,-0.0014527785533573478,0.9063163459656701,0.0,mlp,core6,10,42
2023-10-20,0.00019421169417910278,1.0,0.0,0.00019421169417910278,0.9064923631986823,0.0,mlp,core6,10,42
2023-10-23,-0.003892699140124023,1.0,0.0,-0.003892699140124023,0.9029636611559299,0.0,mlp,core6,10,42
2023-10-24,0.0014173821546137333,1.0,0.0,0.0014173821546137333,0.9042435057355169,0.0,mlp,core6,10,42
2023-10-25,0.002833132282830775,1.5,0.0,0.002833132282830775,0.9068053472031563,0.0,mlp,core6,10,42
2023-10-26,-0.009034718968905509,0.5,0.0,-0.009034718968905509,0.8986126157316751,0.0,mlp,core6,10,42
2023-10-27,0.0014209039800334722,1.0,0.0,0.0014209039800334722,0.8998894579738765,0.0,mlp,core6,10,42
2023-10-30,0.006500827148556709,1.0,0.0,0.006500827148556709,0.9057394837929731,0.0,mlp,core6,10,42
2023-10-31,0.0012479155557230115,0.5,0.0,0.0012479155557230115,0.9068697701842309,0.0,mlp,core6,10,42
2023-11-01,-0.0015829537296667695,1.5,0.0,-0.0015829537296667695,0.9054342372991957,0.0,mlp,core6,10,42
2023-11-02,-0.0014470776077359915,1.5,0.0,-0.0014470776077359915,0.9041240036891225,0.0,mlp,core6,10,42
2023-11-03,0.0016838081937748939,0.5,0.0,0.0016838081937748939,0.9056463750947228,0.0,mlp,core6,10,42
2023-11-06,0.00315606061485596,0.5,0.0,0.00315606061485596,0.9085046499501463,0.0,mlp,core6,10,42
2023-11-07,0.0028850913658970967,1.0,0.0,0.0028850913658970967,0.9111257688715949,0.0,mlp,core6,10,42
2023-11-08,0.0009385905068484135,1.0,0.0,0.0009385905068484135,0.9119809428688027,0.0,mlp,core6,10,42
2023-11-09,-4.1512364987283945e-05,1.0,0.0,-4.1512364987283945e-05,0.911943084383041,0.0,mlp,core6,10,42
2023-11-10,-0.002519539775676094,2.0,0.0,-0.002519539775676094,0.9096454075087851,0.0,mlp,core6,10,42
2023-11-13,-0.006238332483917475,1.5,0.0,-0.006238332483917475,0.9039707370142767,0.0,mlp,core6,10,42
2023-11-14,0.0028187346761114895,2.0,0.0,0.0028187346761114895,0.9065187906768889,0.0,mlp,core6,10,42
2023-11-15,0.0016439763676316943,1.0,0.0,0.0016439763676316943,0.9080090861455757,0.0,mlp,core6,10,42
2023-11-16,0.0010204102145507932,1.0,0.0,0.0010204102145507932,0.9089356278919836,0.0,mlp,core6,10,42
2023-11-17,0.002218162757344544,2.0,0.0,0.002218162757344544,0.9109517950505971,0.0,mlp,core6,10,42
2023-11-20,-0.0015455274260602891,2.0,0.0,-0.0015455274260602891,0.9095438940675276,0.0,mlp,core6,10,42
2023-11-21,-0.0011261124163866043,1.5,0.0,-0.0011261124163866043,0.9085196453951695,0.0,mlp,core6,10,42
2023-11-22,-0.0032813657890073955,1.5,0.0,-0.0032813657890073955,0.9055384601121287,0.0,mlp,core6,10,42
2023-11-23,0.002452032844303176,2.0,0.0,0.002452032844303176,0.9077588701581033,0.0,mlp,core6,10,42
2023-11-24,0.0002489727921783924,1.5,0.0,0.0002489727921783924,0.9079848774186313,0.0,mlp,core6,10,42
2023-11-27,-0.0038455737521871924,1.0,0.0,-0.0038455737521871924,0.9044931546066474,0.0,mlp,core6,10,42
2023-11-28,0.002429344276606571,1.0,0.0,0.002429344276606571,0.9066904798750208,0.0,mlp,core6,10,42
2023-11-29,-0.0009440325666218996,1.0,0.0,-0.0009440325666218996,0.9058345345341727,0.0,mlp,core6,10,42
2023-11-30,-0.005192265365622006,0.0,0.0,-0.005192265365622006,0.9011312012535266,0.0,mlp,core6,10,42
2023-12-01,-0.0007109838770702481,1.5,0.0,-0.0007109838770702481,0.9004905114983104,0.0,mlp,core6,10,42
2023-12-04,-0.0031399064464494586,0.0,0.0,-0.0031399064464494586,0.8976630555362902,0.0,mlp,core6,10,42
2023-12-05,0.0011699743729423062,1.5,0.0,0.0011699743729423062,0.8987132983068048,0.0,mlp,core6,10,42
2023-12-06,0.0014564974699169397,0.5,0.0,0.0014564974699169397,0.9000222719519694,0.0,mlp,core6,10,42
2023-12-07,0.0018227137043140829,0.5,0.0,0.0018227137043140829,0.9016627548812441,0.0,mlp,core6,10,42
2023-12-08,-0.001212257464430877,1.0,0.0,-0.001212257464430877,0.9005697074762401,0.0,mlp,core6,10,42
2023-12-11,-0.004866993360337801,0.5,0.0,-0.004866993360337801,0.8961866406894319,0.0,mlp,core6,10,42
2023-12-12,-0.004214316140860319,0.5,0.0,-0.004214316140860319,0.892409826864351,0.0,mlp,core6,10,42
2023-12-13,-0.006497760070487857,1.0,0.0,-0.006497760070487857,0.8866111619248408,0.0,mlp,core6,10,42
2023-12-14,0.003220339240215253,1.0,0.0,0.003220339240215253,0.8894663506404002,0.0,mlp,core6,10,42
2023-12-15,0.0001238082186318934,0.5,0.0,0.0001238082186318934,0.8895764738848061,0.0,mlp,core6,10,42
2023-12-18,0.005120698129758239,0.0,0.0,0.005120698129758239,0.894131726470905,0.0,mlp,core6,10,42
2023-12-19,0.00451871647965163,1.0,0.0,0.00451871647965163,0.8981720542382884,0.0,mlp,core6,10,42
2023-12-20,-0.003982107969932258,1.5,0.0,-0.003982107969932258,0.8945954361427356,0.0,mlp,core6,10,42
2023-12-21,0.0021368410671129823,0.5,0.0,0.0021368410671129823,0.8965070444091373,0.0,mlp,core6,10,42
2023-12-22,-5.600909935310483e-05,1.5,0.0,-5.600909935310483e-05,0.8964568318570162,0.0,mlp,core6,10,42
2023-12-25,0.002651425136718899,1.0,0.0,0.002651425136718899,0.8988337200349853,0.0,mlp,core6,10,42
2023-12-26,-0.006813159823650494,0.5,0.0,-0.006813159823650494,0.8927098222455007,0.0,mlp,core6,10,42
2023-12-27,0.0030505373142659664,1.5,0.0,0.0030505373142659664,0.8954330668690723,0.0,mlp,core6,10,42
2023-12-28,0.003756462232558988,0.5,0.0,0.003756462232558988,0.8987967273665505,0.0,mlp,core6,10,42
2023-12-29,-8.20435889181681e-06,1.0,0.0,-8.20435889181681e-06,0.8987893533156284,0.0,mlp,core6,10,42
2024-01-01,-0.0012527855578809977,0.0,0.0,-0.0012527855578809977,0.8976633629942173,0.0,mlp,core6,10,42
2024-01-02,-0.004446446953807026,0.5,0.0,-0.004446446953807026,0.8936719504682875,0.0,mlp,core6,10,42
2024-01-03,0.004319314582971856,1.0,0.0,0.004319314582971856,0.8975320007563381,0.0,mlp,core6,10,42
2024-01-04,-0.0006277162028709427,1.0,0.0,-0.0006277162028709427,0.8969686053768682,0.0,mlp,core6,10,42
2024-01-05,-0.0006341561092995107,1.5,0.0,-0.0006341561092995107,0.8963997872559186,0.0,mlp,core6,10,42
2024-01-08,3.5140314139425755e-05,1.0,0.0,3.5140314139425755e-05,0.8964312870260374,0.0,mlp,core6,10,42
2024-01-09,0.004332591197453439,1.0,0.0,0.004332591197453439,0.9003151573293282,0.0,mlp,core6,10,42
2024-01-10,-0.005884604383027181,0.5,0.0,-0.005884604383027181,0.8950171588084023,0.0,mlp,core6,10,42
2024-01-11,0.002739474264672026,1.0,0.0,0.002739474264672026,0.8974690352813978,0.0,mlp,core6,10,42
2024-01-12,-0.0027897076215595007,1.5,0.0,-0.0027897076215595007,0.8949653590735596,0.0,mlp,core6,10,42
2024-01-15,-0.004119030432775617,1.0,0.0,-0.004119030432775617,0.8912789695232556,0.0,mlp,core6,10,42
2024-01-16,0.0071290049236267805,1.5,0.0,0.0071290049236267805,0.8976329016853118,0.0,mlp,core6,10,42
2024-01-17,-0.002821451438649092,1.0,0.0,-0.002821451438649092,0.895100274043473,0.0,mlp,core6,10,42
2024-01-18,0.0004811550952581456,0.5,0.0,0.0004811550952581456,0.895530956101096,0.0,mlp,core6,10,42
2024-01-19,-0.0023977496020961553,0.0,0.0,-0.0023977496020961553,0.8933836971074398,0.0,mlp,core6,10,42
2024-01-22,0.0020629342179745436,1.5,0.0,0.0020629342179745436,0.8952266889059833,0.0,mlp,core6,10,42
2024-01-23,0.0011828604619950056,1.5,0.0,0.0011828604619950056,0.8962856171608129,0.0,mlp,core6,10,42
2024-01-24,-0.0029391496209427714,1.0,0.0,-0.0029391496209427714,0.8936512996288782,0.0,mlp,core6,10,42
2024-01-25,-3.202032530680299e-06,0.5,0.0,-3.202032530680299e-06,0.8936484381283457,0.0,mlp,core6,10,42
2024-01-26,0.0017057823133654892,0.5,0.0,0.0017057823133654892,0.8951728078284718,0.0,mlp,core6,10,42
2024-01-29,0.0006712767790304497,1.0,0.0,0.0006712767790304497,0.8957737165475865,0.0,mlp,core6,10,42
2024-01-30,0.0012822580465581268,0.5,0.0,0.0012822580465581268,0.8969223296035249,0.0,mlp,core6,10,42
2024-01-31,0.004476021509617567,0.0,0.0,0.004476021509617567,0.9009369732432866,0.0,mlp,core6,10,42
2024-02-01,-0.0031545041128993034,0.0,0.0,-0.0031545041128993034,0.8980949638557276,0.0,mlp,core6,10,42
2024-02-02,0.0033331279119011015,0.0,0.0,0.0033331279119011015,0.9010884292472929,0.0,mlp,core6,10,42
2024-02-05,-0.0031911387341096997,0.5,0.0,-0.0031911387341096997,0.8982129310578638,0.0,mlp,core6,10,42
2024-02-06,-0.002954757452243939,0.5,0.0,-0.002954757452243939,0.8955589297061187,0.0,mlp,core6,10,42
2024-02-07,-0.0012157674063928425,1.0,0.0,-0.0012157674063928425,0.894470138348878,0.0,mlp,core6,10,42
2024-02-08,-0.0017427302373107523,1.0,0.0,-0.0017427302373107523,0.8929113181924059,0.0,mlp,core6,10,42
2024-02-09,0.00391788333945442,2.0,0.0,0.00391788333945442,0.8964096405695622,0.0,mlp,core6,10,42
2024-02-12,-0.0035158065147697926,2.0,0.0,-0.0035158065147697926,0.8932580377153453,0.0,mlp,core6,10,42
2024-02-13,0.0027240367489866912,1.0,0.0,0.0027240367489866912,0.8956913054364096,0.0,mlp,core6,10,42
2024-02-14,0.0012070134980604053,2.0,0.0,0.0012070134980604053,0.8967724169321667,0.0,mlp,core6,10,42
2024-02-15,-0.001014232577290386,2.0,0.0,-0.001014232577290386,0.8958628811324987,0.0,mlp,core6,10,42
2024-02-16,-0.0013420560862869024,1.5,0.0,-0.0013420560862869024,0.8946605829003963,0.0,mlp,core6,10,42
2024-02-19,-0.0009422058355994523,1.0,0.0,-0.0009422058355994523,0.8938176284783067,0.0,mlp,core6,10,42
2024-02-20,0.0007134023762773722,2.0,0.0,0.0007134023762773722,0.8944552800984217,0.0,mlp,core6,10,42
2024-02-21,0.001170880175777711,1.5,0.0,0.001170880175777711,0.8955025800540086,0.0,mlp,core6,10,42
2024-02-22,-0.00018672775331651792,2.0,0.0,-0.00018672775331651792,0.895335364869146,0.0,mlp,core6,10,42
2024-02-23,-0.0015369573957286775,1.0,0.0,-0.0015369573957286775,0.893959272558453,0.0,mlp,core6,10,42
2024-02-26,-0.0005433966362033971,1.5,0.0,-0.0005433966362033971,0.8934734980968418,0.0,mlp,core6,10,42
2024-02-27,-0.0019410039640206378,2.0,0.0,-0.0019410039640206378,0.8917392624952885,0.0,mlp,core6,10,42
2024-02-28,-0.0034453236003173515,2.0,0.0,-0.0034453236003173515,0.8886669321688838,0.0,mlp,core6,10,42
2024-02-29,-0.000438056536950171,0.5,0.0,-0.000438056536950171,0.8882776458100757,0.0,mlp,core6,10,42
2024-03-01,0.0008589179487898946,0.0,0.0,0.0008589179487898946,0.8890406034235708,0.0,mlp,core6,10,42
2024-03-04,0.002691156176297227,0.0,0.0,0.002691156176297227,0.8914331505344532,0.0,mlp,core6,10,42
2024-03-05,-0.0037124312948435545,0.5,0.0,-0.0037124312948435545,0.888123766209148,0.0,mlp,core6,10,42
2024-03-06,0.0016727664042264223,1.0,0.0,0.0016727664042264223,0.8896093898080577,0.0,mlp,core6,10,42
2024-03-07,-3.503219340927899e-05,0.5,0.0,-3.503219340927899e-05,0.8895782248398553,0.0,mlp,core6,10,42
2024-03-08,0.0007285644678631797,1.0,0.0,0.0007285644678631797,0.8902263399258584,0.0,mlp,core6,10,42
2024-03-11,0.001267745770746842,0.5,0.0,0.001267745770746842,0.8913549206033069,0.0,mlp,core6,10,42
2024-03-12,-0.0005428141739685088,0.0,0.0,-0.0005428141739685088,0.8908710805183668,0.0,mlp,core6,10,42
2024-03-13,-0.00012700119987130165,1.0,0.0,-0.00012700119987130165,0.8907579388222103,0.0,mlp,core6,10,42
2024-03-14,-0.0004718646960100159,1.0,0.0,-0.0004718646960100159,0.8903376215981895,0.0,mlp,core6,10,42
2024-03-15,-0.0018108731019310653,1.0,0.0,-0.0018108731019310653,0.8887253331476,0.0,mlp,core6,10,42
2024-03-18,0.006918058730661869,1.0,0.0,0.006918058730661869,0.8948735871977422,0.0,mlp,core6,10,42
2024-03-19,0.001422050700057298,1.5,0.0,0.001422050700057298,0.8961461428088796,0.0,mlp,core6,10,42
2024-03-20,-0.001989528303965926,0.5,0.0,-0.001989528303965926,0.8943632346932715,0.0,mlp,core6,10,42
2024-03-21,0.004436879913555458,1.0,0.0,0.004436879913555458,0.8983314169647045,0.0,mlp,core6,10,42
2024-03-22,-0.0008418665966019034,0.5,0.0,-0.0008418665966019034,0.8975751417520839,0.0,mlp,core6,10,42
2024-03-25,-0.002139978634659201,0.5,0.0,-0.002139978634659201,0.8956543501257332,0.0,mlp,core6,10,42
2024-03-26,-0.002353156276512891,1.0,0.0,-0.002353156276512891,0.8935467354701488,0.0,mlp,core6,10,42
2024-03-27,0.0039170375966932625,1.0,0.0,0.0039170375966932625,0.897046791627388,0.0,mlp,core6,10,42
2024-03-28,-0.0003538171004038304,0.0,0.0,-0.0003538171004038304,0.8967294011326479,0.0,mlp,core6,10,42
2024-03-29,0.003920490096788853,1.0,0.0,0.003920490096788853,0.9002450198692878,0.0,mlp,core6,10,42
2024-04-01,-0.004862804446020164,0.5,0.0,-0.004862804446020164,0.89586730438416,0.0,mlp,core6,10,42
2024-04-02,-0.0038259505381574854,0.0,0.0,-0.0038259505381574854,0.8924397603888337,0.0,mlp,core6,10,42
2024-04-03,0.0018433838849887252,2.0,0.0,0.0018433838849887252,0.8940848694614576,0.0,mlp,core6,10,42
2024-04-04,0.0007045595557428896,2.0,0.0,0.0007045595557428896,0.8947148054998818,0.0,mlp,core6,10,42
2024-04-05,0.001893850858323276,1.5,0.0,0.001893850858323276,0.8964092619022322,0.0,mlp,core6,10,42
2024-04-08,0.0004702110236394219,1.0,0.0,0.0004702110236394219,0.8968307634188711,0.0,mlp,core6,10,42
2024-04-09,-0.0014078039675951004,1.0,0.0,-0.0014078039675951004,0.8955682015118687,0.0,mlp,core6,10,42
2024-04-10,0.0005961115821264684,1.0,0.0,0.0005961115821264684,0.8961020600893741,0.0,mlp,core6,10,42
2024-04-11,-0.0022957071487326175,1.0,0.0,-0.0022957071487326175,0.894044872184033,0.0,mlp,core6,10,42
2024-04-12,0.002090278547257185,1.0,0.0,0.002090278547257185,0.8959136750006446,0.0,mlp,core6,10,42
2024-04-15,0.004181287775281817,0.0,0.0,0.004181287775281817,0.8996597478976326,0.0,mlp,core6,10,42
2024-04-16,-0.000785422045737505,0.5,0.0,-0.000785422045737505,0.8989531352979712,0.0,mlp,core6,10,42
2024-04-17,-0.0015950065208016895,1.5,0.0,-0.0015950065208016895,0.8975192991852757,0.0,mlp,core6,10,42
2024-04-18,0.0011507750750752166,1.0,0.0,0.0011507750750752166,0.8985521420241771,0.0,mlp,core6,10,42
2024-04-19,0.001126985516748391,0.5,0.0,0.001126985516748391,0.8995647972742816,0.0,mlp,core6,10,42
2024-04-22,0.0019312670920044184,1.0,0.0,0.0019312670920044184,0.901302097164383,0.0,mlp,core6,10,42
2024-04-23,0.002272878948133439,0.5,0.0,0.002272878948133439,0.9033506477269365,0.0,mlp,core6,10,42
2024-04-24,0.003709884127601981,0.5,0.0,0.003709884127601981,0.9067019739565977,0.0,mlp,core6,10,42
2024-04-25,-0.007710991798376199,1.0,0.0,-0.007710991798376199,0.8997104024718469,0.0,mlp,core6,10,42
2024-04-26,-0.005268667475320399,1.0,0.0,-0.005268667475320399,0.894970127537136,0.0,mlp,core6,10,42
2024-04-29,0.002475781599059701,0.5,0.0,0.002475781599059701,0.8971858781106006,0.0,mlp,core6,10,42
2024-04-30,-0.004215093562379479,0.0,0.0,-0.004215093562379479,0.8934041556915188,0.0,mlp,core6,10,42
2024-05-01,-0.010097130598296644,0.0,0.0,-0.010097130598296644,0.8843833372544405,0.0,mlp,core6,10,42
2024-05-02,-0.0001691446523182094,0.5,0.0,-0.0001691446523182094,0.8842337485423446,0.0,mlp,core6,10,42
2024-05-03,-0.0019786748744081706,1.5,0.0,-0.0019786748744081706,0.8824841374410001,0.0,mlp,core6,10,42
2024-05-06,-0.0007726735202595592,1.0,0.0,-0.0007726735202595592,0.8818022653159503,0.0,mlp,core6,10,42
2024-05-07,0.001525500018033199,1.0,0.0,0.001525500018033199,0.8831474546875915,0.0,mlp,core6,10,42
2024-05-08,0.0018210043053841218,1.0,0.0,0.0018210043053841218,0.8847556700048667,0.0,mlp,core6,10,42
2024-05-09,0.0008824596734484658,1.5,0.0,0.0008824596734484658,0.8855364312045009,0.0,mlp,core6,10,42
2024-05-10,0.003504595748381689,0.5,0.0,0.003504595748381689,0.8886398784163373,0.0,mlp,core6,10,42
2024-05-13,0.001588745042681694,1.0,0.0,0.001588745042681694,0.8900517006179005,0.0,mlp,core6,10,42
2024-05-14,-0.004351863404735923,0.0,0.0,-0.004351863404735923,0.8861783171936585,0.0,mlp,core6,10,42
2024-05-15,-0.0001552835456095636,1.0,0.0,-0.0001552835456095636,0.8860407082825223,0.0,mlp,core6,10,42
2024-05-16,0.00026638363488018513,1.0,0.0,0.00026638363488018513,0.8862767350270465,0.0,mlp,core6,10,42
2024-05-17,0.0016419512394350022,2.0,0.0,0.0016419512394350022,0.8877319582106066,0.0,mlp,core6,10,42
2024-05-20,-0.0003832651800621534,1.5,0.0,-0.0003832651800621534,0.887391721461796,0.0,mlp,core6,10,42
2024-05-21,0.0005386525299400091,1.5,0.0,0.0005386525299400091,0.8878697172576092,0.0,mlp,core6,10,42
2024-05-22,-0.0016081455396488309,1.0,0.0,-0.0016081455396488309,0.8864418935320121,0.0,mlp,core6,10,42
2024-05-23,0.0021236073516774923,1.0,0.0,0.0021236073516774923,0.8883243480539516,0.0,mlp,core6,10,42
2024-05-24,0.0013423101408989169,0.5,0.0,0.0013423101408989169,0.8895167548347518,0.0,mlp,core6,10,42
2024-05-27,0.0016605792043264955,0.5,0.0,0.0016605792043264955,0.8909938678597303,0.0,mlp,core6,10,42
2024-05-28,0.0005361447692848742,0.0,0.0,0.0005361447692848742,0.8914715695614482,0.0,mlp,core6,10,42
2024-05-29,0.0033251988934352994,0.5,0.0,0.0033251988934352994,0.894435889838083,0.0,mlp,core6,10,42
2024-05-30,0.0,1.0,0.0,0.0,0.894435889838083,0.0,mlp,core6,10,42
2024-05-31,0.00101201405050233,1.0,0.0,0.00101201405050233,0.8953410715258727,0.0,mlp,core6,10,42
2024-06-03,-0.0007872030837461352,0.5,0.0,-0.0007872030837461352,0.894636256273363,0.0,mlp,core6,10,42
2024-06-04,-0.0036814397026319057,1.0,0.0,-0.0036814397026319057,0.8913427068401042,0.0,mlp,core6,10,42
2024-06-05,0.00059323018649593,0.5,0.0,0.00059323018649593,0.8918714782403148,0.0,mlp,core6,10,42
2024-06-06,0.003957349574193358,1.0,0.0,0.003957349574193358,0.8954009254549643,0.0,mlp,core6,10,42
2024-06-07,-0.001915296248625964,0.5,0.0,-0.001915296248625964,0.8936859674214241,0.0,mlp,core6,10,42
2024-06-10,0.0008800098148640245,1.0,0.0,0.0008800098148640245,0.8944724198441613,0.0,mlp,core6,10,42
2024-06-11,-0.0009657589835114777,0.5,0.0,-0.0009657589835114777,0.8936085750691936,0.0,mlp,core6,10,42
2024-06-12,0.0045470897312043235,1.0,0.0,0.0045470897312043235,0.8976718934446068,0.0,mlp,core6,10,42
2024-06-13,0.00248325418215245,1.0,0.0,0.00248325418215245,0.8999010409282039,0.0,mlp,core6,10,42
2024-06-14,-0.0016361500602215528,1.0,0.0,-0.0016361500602215528,0.8984286677858958,0.0,mlp,core6,10,42
2024-06-17,-0.0022923735377844423,0.5,0.0,-0.0022923735377844423,0.8963691336822764,0.0,mlp,core6,10,42
2024-06-18,-0.0007731677615083754,0.0,0.0,-0.0007731677615083754,0.8956760899657021,0.0,mlp,core6,10,42
2024-06-19,-0.002592541044577956,0.5,0.0,-0.002592541044577956,0.893354012939819,0.0,mlp,core6,10,42
2024-06-20,-0.0026596300886012614,0.0,0.0,-0.0026596300886012614,0.8909780217272315,0.0,mlp,core6,10,42
2024-06-21,-0.0005513863870874047,1.0,0.0,-0.0005513863870874047,0.890486748574857,0.0,mlp,core6,10,42
2024-06-24,0.0008141281286953017,0.5,0.0,0.0008141281286953017,0.8912117188851022,0.0,mlp,core6,10,42
2024-06-25,0.0039882881683297455,1.0,0.0,0.0039882881683297455,0.8947661280390085,0.0,mlp,core6,10,42
2024-06-26,-0.0030976783018559217,1.0,0.0,-0.0030976783018559217,0.8919944304189464,0.0,mlp,core6,10,42
2024-06-27,-0.0005271910922601819,0.5,0.0,-0.0005271910922601819,0.8915241789008839,0.0,mlp,core6,10,42
2024-06-28,-0.0005649074446409941,0.5,0.0,-0.0005649074446409941,0.8910205502551453,0.0,mlp,core6,10,42
2024-07-01,0.0013806050810671877,0.5,0.0,0.0013806050810671877,0.8922506977541628,0.0,mlp,core6,10,42
2024-07-02,0.001494541356805712,0.0,0.0,0.001494541356805712,0.8935842033225951,0.0,mlp,core6,10,42
2024-07-03,0.00027360027888789773,1.0,0.0,0.00027360027888789773,0.893828688209834,0.0,mlp,core6,10,42
2024-07-04,-0.002558372332714498,2.0,0.0,-0.002558372332714498,0.8915419416237315,0.0,mlp,core6,10,42
2024-07-05,0.0026592095382511616,1.0,0.0,0.0026592095382511616,0.8939127384586483,0.0,mlp,core6,10,42
2024-07-08,-0.00018377506057731807,1.0,0.0,-0.00018377506057731807,0.8937484595909871,0.0,mlp,core6,10,42
2024-07-09,-0.0005325172969605774,2.0,0.0,-0.0005325172969605774,0.8932725230771231,0.0,mlp,core6,10,42
2024-07-10,-0.00944618065841496,1.5,0.0,-0.00944618065841496,0.8848345094469384,0.0,mlp,core6,10,42
2024-07-11,-0.003522610495565459,1.5,0.0,-0.003522610495565459,0.8817175821171221,0.0,mlp,core6,10,42
2024-07-12,0.0006116432195995003,2.0,0.0,0.0006116432195995003,0.8822568786978258,0.0,mlp,core6,10,42
2024-07-15,0.0031269544415408745,0.5,0.0,0.0031269544415408745,0.8850156557632499,0.0,mlp,core6,10,42
2024-07-16,-0.012731107184663415,1.5,0.0,-0.012731107184663415,0.8737484265896228,0.0,mlp,core6,10,42
2024-07-17,-0.0022695844527333975,1.5,0.0,-0.0022695844527333975,0.8717653807450347,0.0,mlp,core6,10,42
2024-07-18,0.0018382392008788884,0.5,0.0,0.0018382392008788884,0.8733678940418894,0.0,mlp,core6,10,42
2024-07-19,0.005406602576840669,0.5,0.0,0.005406602576840669,0.8780898471483461,0.0,mlp,core6,10,42
2024-07-22,0.00035112129990011454,1.0,0.0,0.00035112129990011454,0.878398163196906,0.0,mlp,core6,10,42
2024-07-23,-0.006027193216141313,2.0,0.0,-0.006027193216141313,0.8731038877466146,0.0,mlp,core6,10,42
2024-07-24,0.00843524857191369,1.5,0.0,0.00843524857191369,0.8804687360688616,0.0,mlp,core6,10,42
2024-07-25,-0.001402769994456321,1.0,0.0,-0.001402769994456321,0.8792336409448472,0.0,mlp,core6,10,42
2024-07-26,0.0018803892889991403,1.0,0.0,0.0018803892889991403,0.8808869424658077,0.0,mlp,core6,10,42
2024-07-29,0.0032866125839063898,1.5,0.0,0.0032866125839063898,0.8837820765759147,0.0,mlp,core6,10,42
2024-07-30,0.011409438971895725,0.5,0.0,0.011409438971895725,0.8938655342430628,0.0,mlp,core6,10,42
2024-07-31,0.0034191074082627892,1.0,0.0,0.0034191074082627892,0.8969217565131841,0.0,mlp,core6,10,42
2024-08-01,0.019218448840547353,1.0,0.0,0.019218448840547353,0.9141592014047065,0.0,mlp,core6,10,42
2024-08-02,0.004227069846820086,1.0,0.0,0.004227069846820086,0.9180234162001575,0.0,mlp,core6,10,42
2024-08-05,0.00837780610891059,1.0,0.0,0.00837780610891059,0.9257144383845222,0.0,mlp,core6,10,42
2024-08-06,0.003297562478110194,1.5,0.0,0.003297562478110194,0.9287670395819838,0.0,mlp,core6,10,42
2024-08-07,0.003184896893799305,1.5,0.0,0.003184896893799305,0.9317250668414117,0.0,mlp,core6,10,42
2024-08-08,0.0033618365341681056,1.5,0.0,0.0033618365341681056,0.9348573742109193,0.0,mlp,core6,10,42
2024-08-09,-0.0014602807495975867,0.5,0.0,-0.0014602807495975867,0.9334922199837398,0.0,mlp,core6,10,42
2024-08-12,0.00021716907212976366,1.5,0.0,0.00021716907212976366,0.933694945622994,0.0,mlp,core6,10,42
2024-08-13,0.00013728502381127328,1.0,0.0,0.00013728502381127328,0.9338231279558363,0.0,mlp,core6,10,42
2024-08-14,-0.0008173780515789986,1.5,0.0,-0.0008173780515789986,0.9330598414269884,0.0,mlp,core6,10,42
2024-08-15,-0.002462609438225627,0.0,0.0,-0.002462609438225627,0.930762079455061,0.0,mlp,core6,10,42
2024-08-16,0.0006724888226017356,1.0,0.0,0.0006724888226017356,0.931388006549996,0.0,mlp,core6,10,42
2024-08-19,0.007566887623397633,0.5,0.0,0.007566887623397633,0.9384357149293402,0.0,mlp,core6,10,42
2024-08-20,-0.000335115531925112,1.0,0.0,-0.000335115531925112,0.9381212305455541,0.0,mlp,core6,10,42
2024-08-21,-8.971634088084102e-06,1.5,0.0,-8.971634088084102e-06,0.9381128140651434,0.0,mlp,core6,10,42
2024-08-22,-0.0033198173623532057,0.5,0.0,-0.0033198173623532057,0.9349984508571638,0.0,mlp,core6,10,42
2024-08-23,0.0034185148833785206,0.5,0.0,0.0034185148833785206,0.9381947569773549,0.0,mlp,core6,10,42
2024-08-26,0.0020581440185196698,2.0,0.0,0.0020581440185196698,0.9401256969046343,0.0,mlp,core6,10,42
2024-08-27,0.003060954622924328,1.5,0.0,0.003060954622924328,0.9430033790027045,0.0,mlp,core6,10,42
2024-08-28,-0.0018237916519865394,1.0,0.0,-0.0018237916519865394,0.9412835373122842,0.0,mlp,core6,10,42
2024-08-29,0.0,0.5,0.0,0.0,0.9412835373122842,0.0,mlp,core6,10,42
2024-08-30,0.007219974375402671,1.0,0.0,0.007219974375402671,0.9480795803316673,0.0,mlp,core6,10,42
2024-09-02,-0.004482236166950315,1.0,0.0,-0.004482236166950315,0.9438300637475576,0.0,mlp,core6,10,42
2024-09-03,-0.003653286854387261,0.5,0.0,-0.003653286854387261,0.9403819817828932,0.0,mlp,core6,10,42
2024-09-04,0.0003991504054283723,1.0,0.0,0.0003991504054283723,0.9407573356321794,0.0,mlp,core6,10,42
2024-09-05,0.007827687950339168,1.5,0.0,0.007827687950339168,0.9481212904925006,0.0,mlp,core6,10,42
2024-09-06,0.0001444168228772469,1.0,0.0,0.0001444168228772469,0.9482582151569758,0.0,mlp,core6,10,42
2024-09-09,0.001479709055274725,1.0,0.0,0.001479709055274725,0.9496613614246823,0.0,mlp,core6,10,42
2024-09-10,-0.00275135732954368,1.0,0.0,-0.00275135732954368,0.9470485036773421,0.0,mlp,core6,10,42
2024-09-11,-0.004259208537405357,1.5,0.0,-0.004259208537405357,0.9430148266051426,0.0,mlp,core6,10,42
2024-09-12,0.0003514014824759215,1.0,0.0,0.0003514014824759215,0.9433462034132084,0.0,mlp,core6,10,42
2024-09-13,-0.00015892941155470908,2.0,0.0,-0.00015892941155470908,0.9431962779562075,0.0,mlp,core6,10,42
2024-09-16,0.0046494991693180054,1.5,0.0,0.0046494991693180054,0.9475816682670688,0.0,mlp,core6,10,42
2024-09-17,0.0015569395618513227,1.0,0.0,0.0015569395618513227,0.9490569956544789,0.0,mlp,core6,10,42
2024-09-18,-0.002978856209665537,1.5,0.0,-0.002978856209665537,0.946229891329647,0.0,mlp,core6,10,42
2024-09-19,-0.0069864803554082755,0.5,0.0,-0.0069864803554082755,0.9396190747821723,0.0,mlp,core6,10,42
2024-09-20,-0.0009595956653356552,1.5,0.0,-0.0009595956653356552,0.9387174203909446,0.0,mlp,core6,10,42
2024-09-23,1.5185913071036339e-05,1.0,0.0,1.5185913071036339e-05,0.9387316756720889,0.0,mlp,core6,10,42
2024-09-24,0.005249533336609602,0.5,0.0,0.005249533336609602,0.9436595788976609,0.0,mlp,core6,10,42
2024-09-25,0.004972787734004669,1.5,0.0,0.004972787734004669,0.9483521976766792,0.0,mlp,core6,10,42
2024-09-26,-0.004650674993172288,1.5,0.0,-0.004650674993172288,0.9439417198262243,0.0,mlp,core6,10,42
2024-09-27,0.005705318122636527,1.0,0.0,0.005705318122636527,0.9493272076270616,0.0,mlp,core6,10,42
2024-09-30,-0.005052967520896345,1.0,0.0,-0.005052967520896345,0.9445302880802188,0.0,mlp,core6,10,42
2024-10-01,0.009996210370445624,0.5,0.0,0.009996210370445624,0.9539720115411262,0.0,mlp,core6,10,42
2024-10-02,0.0006407609907910228,1.0,0.0,0.0006407609907910228,0.9545832795924282,0.0,mlp,core6,10,42
2024-10-03,0.004955020849592984,0.5,0.0,0.004955020849592984,0.9593132596454815,0.0,mlp,core6,10,42
2024-10-04,-0.006526136407046579,0.5,0.0,-0.006526136407046579,0.9530526504559467,0.0,mlp,core6,10,42
2024-10-07,-0.003292919285740936,1.0,0.0,-0.003292919285740936,0.9499143250029338,0.0,mlp,core6,10,42
2024-10-08,0.00020683842012658715,1.0,0.0,0.00020683842012658715,0.9501108037811731,0.0,mlp,core6,10,42
2024-10-09,-0.0036516370601020753,1.0,0.0,-0.0036516370601020753,0.9466413439588823,0.0,mlp,core6,10,42
2024-10-10,0.004336730751674622,0.5,0.0,0.004336730751674622,0.9507466725860354,0.0,mlp,core6,10,42
2024-10-11,0.002545822353567928,0.5,0.0,0.002545822353567928,0.9531671047176853,0.0,mlp,core6,10,42
2024-10-14,-0.0012201005010865629,1.5,0.0,-0.0012201005010865629,0.9520041450556,0.0,mlp,core6,10,42
2024-10-15,0.0019351050141267478,1.5,0.0,0.0019351050141267478,0.9538463730501666,0.0,mlp,core6,10,42
2024-10-16,0.004782867734320462,0.5,0.0,0.004782867734320462,0.9584084940913269,0.0,mlp,core6,10,42
2024-10-17,-0.002536646803491749,0.5,0.0,-0.002536646803491749,0.9559773502483507,0.0,mlp,core6,10,42
2024-10-18,0.001787755056284368,1.0,0.0,0.001787755056284368,0.9576864035899506,0.0,mlp,core6,10,42
2024-10-21,-0.0023632826819266484,2.0,0.0,-0.0023632826819266484,0.9554231198976298,0.0,mlp,core6,10,42
2024-10-22,0.005489099363330752,1.5,0.0,0.005489099363330752,0.9606675323367714,0.0,mlp,core6,10,42
2024-10-23,-0.005354946886654943,1.0,0.0,-0.005354946886654943,0.9555232087253741,0.0,mlp,core6,10,42
2024-10-24,0.0030038966797292233,0.5,0.0,0.0030038966797292233,0.9583935017194685,0.0,mlp,core6,10,42
2024-10-25,0.0006508084625238553,0.0,0.0,0.0006508084625238553,0.9590172323208154,0.0,mlp,core6,10,42
2024-10-28,0.0008181078883353621,0.0,0.0,0.0008181078883353621,0.9598018118836266,0.0,mlp,core6,10,42
2024-10-29,-0.004207884267088957,0.5,0.0,-0.004207884267088957,0.9557630769398779,0.0,mlp,core6,10,42
2024-10-30,0.006955499411560595,1.5,0.0,0.006955499411560595,0.9624108864591246,0.0,mlp,core6,10,42
2024-10-31,0.006096496246755123,2.0,0.0,0.006096496246755123,0.968278220816259,0.0,mlp,core6,10,42
2024-11-01,0.0007881938508944586,1.0,0.0,0.0007881938508944586,0.9690414117558614,0.0,mlp,core6,10,42
2024-11-04,0.0003275531344115734,0.5,0.0,0.0003275531344115734,0.9693588243076567,0.0,mlp,core6,10,42
2024-11-05,0.010040638968348503,0.5,0.0,0.010040638968348503,0.9790918062933127,0.0,mlp,core6,10,42
2024-11-06,-0.0020136517705395818,0.5,0.0,-0.0020136517705395818,0.9771202563440494,0.0,mlp,core6,10,42
2024-11-07,-0.001146552967838943,0.5,0.0,-0.001146552967838943,0.9759999362142026,0.0,mlp,core6,10,42
2024-11-08,0.00375005800742656,0.5,0.0,0.00375005800742656,0.9796599925902504,0.0,mlp,core6,10,42
2024-11-11,0.0015446991892531514,1.0,0.0,0.0015446991892531514,0.9811732725865483,0.0,mlp,core6,10,42
2024-11-12,0.0015762813854962587,0.5,0.0,0.0015762813854962587,0.9827198777520729,0.0,mlp,core6,10,42
2024-11-13,0.0009574391879141331,0.5,0.0,0.0009574391879141331,0.9836607722737749,0.0,mlp,core6,10,42
2024-11-14,-0.008823821932310238,0.0,0.0,-0.008823821932310238,0.9749811247774324,0.0,mlp,core6,10,42
2024-11-15,-0.001055828994140029,0.5,0.0,-0.001055828994140029,0.9739517114371531,0.0,mlp,core6,10,42
2024-11-18,-0.0005129544297233224,0.5,0.0,-0.0005129544297233224,0.9734521185924347,0.0,mlp,core6,10,42
2024-11-19,0.0030892701470293105,1.0,0.0,0.0030892701470293105,0.9764593751619648,0.0,mlp,core6,10,42
2024-11-20,0.0004400922916829586,1.0,0.0,0.0004400922916829586,0.9768891074061151,0.0,mlp,core6,10,42
2024-11-21,-0.00263661946519278,1.5,0.0,-0.00263661946519278,0.9743134225701934,0.0,mlp,core6,10,42
2024-11-22,-0.002097220771247521,1.0,0.0,-0.002097220771247521,0.9722700722226739,0.0,mlp,core6,10,42
2024-11-25,-0.004572932957671583,0.0,0.0,-0.004572932957671583,0.9678239463656492,0.0,mlp,core6,10,42
2024-11-26,-0.0041247582994401455,0.5,0.0,-0.0041247582994401455,0.9638319065104806,0.0,mlp,core6,10,42
2024-11-27,-9.99670537566999e-05,0.5,0.0,-9.99670537566999e-05,0.96373555507447,0.0,mlp,core6,10,42
2024-11-28,0.0016147649148479104,0.0,0.0,0.0016147649148479104,0.9652917614359957,0.0,mlp,core6,10,42
2024-11-29,-0.004444031379534863,1.0,0.0,-0.004444031379534863,0.9610019745577677,0.0,mlp,core6,10,42
2024-12-02,-0.0019600535088102333,0.5,0.0,-0.0019600535088102333,0.9591183592655622,0.0,mlp,core6,10,42
2024-12-03,0.0038198089750949293,0.5,0.0,0.0038198089750949293,0.9627820081824632,0.0,mlp,core6,10,42
2024-12-04,-0.004341552470577881,1.5,0.0,-0.004341552470577881,0.9586020395762107,0.0,mlp,core6,10,42
2024-12-05,-0.00254877406405285,1.0,0.0,-0.00254877406405285,0.9561587795599907,0.0,mlp,core6,10,42
2024-12-06,0.005868176715011941,0.5,0.0,0.005868176715011941,0.9617696882460589,0.0,mlp,core6,10,42
2024-12-09,-0.00246311814407818,0.5,0.0,-0.00246311814407818,0.9594007358765156,0.0,mlp,core6,10,42
2024-12-10,0.0016532901499886066,1.0,0.0,0.0016532901499886066,0.9609869036630321,0.0,mlp,core6,10,42
2024-12-11,-0.0023034197511151433,1.0,0.0,-0.0023034197511151433,0.9587733474485717,0.0,mlp,core6,10,42
2024-12-12,0.004092028873856179,0.5,0.0,0.004092028873856179,0.962696675669815,0.0,mlp,core6,10,42
2024-12-13,-0.005876068316865712,0.5,0.0,-0.005876068316865712,0.9570398042351597,0.0,mlp,core6,10,42
2024-12-16,-0.0007021294441074133,0.5,0.0,-0.0007021294441074133,0.9563678384094234,0.0,mlp,core6,10,42
2024-12-17,-0.0029712431132793427,1.0,0.0,-0.0029712431132793427,0.9535262370557875,0.0,mlp,core6,10,42
2024-12-18,0.01580628356896341,0.5,0.0,0.01580628356896341,0.9685979431491379,0.0,mlp,core6,10,42
2024-12-19,-0.004279301851056516,1.0,0.0,-0.004279301851056516,0.9644530201780903,0.0,mlp,core6,10,42
2024-12-20,-4.750024527311325e-05,1.0,0.0,-4.750024527311325e-05,0.9644072084230775,0.0,mlp,core6,10,42
2024-12-23,-0.00019390686793485656,1.0,0.0,-0.00019390686793485656,0.9642202032418784,0.0,mlp,core6,10,42
2024-12-24,0.0004743147874251008,0.5,0.0,0.0004743147874251008,0.9646775471426101,0.0,mlp,core6,10,42
2024-12-25,0.002580961285275407,1.0,0.0,0.002580961285275407,0.9671673425445596,0.0,mlp,core6,10,42
2024-12-26,-0.0028929266845807433,1.0,0.0,-0.0028929266845807433,0.9643693983308574,0.0,mlp,core6,10,42
2024-12-27,-0.0022424173075705767,1.0,0.0,-0.0022424173075705767,0.9622068797011489,0.0,mlp,core6,10,42
2024-12-30,0.0,1.5,0.0,0.0,0.9622068797011489,0.0,mlp,core6,10,42
2024-12-31,-0.002425607992336154,1.5,0.0,-0.002425607992336154,0.959872943003465,0.0,mlp,core6,10,42
2025-01-01,0.006312706507742405,2.0,0.0,0.006312706507742405,0.9659323391773689,0.0,mlp,core6,10,42
2025-01-02,0.004490069666644558,1.5,0.0,0.004490069666644558,0.9702694426735402,0.0,mlp,core6,10,42
2025-01-03,-0.0006269700825214386,0.5,0.0,-0.0006269700825214386,0.9696611127609992,0.0,mlp,core6,10,42
2025-01-06,2.6682973839342594e-05,1.0,0.0,2.6682973839342594e-05,0.969686986203104,0.0,mlp,core6,10,42
2025-01-07,0.0028822930762544274,1.0,0.0,0.0028822930762544274,0.9724819082895713,0.0,mlp,core6,10,42
2025-01-08,0.001864411635324359,0.0,0.0,0.001864411635324359,0.9742950148745287,0.0,mlp,core6,10,42
2025-01-09,-0.0032145543955266476,1.0,0.0,-0.0032145543955266476,0.9711630905519242,0.0,mlp,core6,10,42
2025-01-10,-0.00025570415891706944,1.0,0.0,-0.00025570415891706944,0.9709147601106833,0.0,mlp,core6,10,42
2025-01-13,0.0036618614103645086,0.5,0.0,0.0036618614103645086,0.9744701154034859,0.0,mlp,core6,10,42
2025-01-14,0.005184100416954607,2.0,0.0,0.005184100416954607,0.979521866335059,0.0,mlp,core6,10,42
2025-01-15,-0.002356678305659443,0.5,0.0,-0.002356678305659443,0.9772134484027482,0.0,mlp,core6,10,42
2025-01-16,0.000512739468831569,1.0,0.0,0.000512739468831569,0.9777145043072173,0.0,mlp,core6,10,42
2025-01-17,0.005068931262940168,0.0,0.0,0.005068931262940168,0.9826704719243302,0.0,mlp,core6,10,42
2025-01-20,-0.000810138022643514,1.0,0.0,-0.000810138022643514,0.9818743732112952,0.0,mlp,core6,10,42
2025-01-21,0.003170360956573859,0.5,0.0,0.003170360956573859,0.9849872693883848,0.0,mlp,core6,10,42
2025-01-22,-0.0025073234864976257,0.5,0.0,-0.0025073234864976257,0.9825175876739461,0.0,mlp,core6,10,42
2025-01-23,-0.00032170338090509176,1.0,0.0,-0.00032170338090509176,0.9822015084441927,0.0,mlp,core6,10,42
2025-01-24,0.003768871261854656,1.0,0.0,0.003768871261854656,0.9859032994827184,0.0,mlp,core6,10,42
2025-01-27,0.0020196184123051353,0.5,0.0,0.0020196184123051353,0.9878944479391061,0.0,mlp,core6,10,42
2025-01-28,-0.0003885901824105531,0.5,0.0,-0.0003885901824105531,0.987510561855379,0.0,mlp,core6,10,42
2025-01-29,0.00320993535569869,1.0,0.0,0.00320993535569869,0.9906804069220044,0.0,mlp,core6,10,42
2025-01-30,0.0,1.0,0.0,0.0,0.9906804069220044,0.0,mlp,core6,10,42
2025-01-31,-0.0019647057633847,1.0,0.0,-0.0019647057633847,0.9887340114168525,0.0,mlp,core6,10,42
2025-02-03,0.000916704535484314,1.0,0.0,0.000916704535484314,0.9896403883695059,0.0,mlp,core6,10,42
2025-02-04,-0.0006290033925324678,0.5,0.0,-0.0006290033925324678,0.9890179012078343,0.0,mlp,core6,10,42
2025-02-05,-0.0004672664508689195,0.5,0.0,-0.0004672664508689195,0.9885557663232911,0.0,mlp,core6,10,42
2025-02-06,-0.0002973133232444525,1.0,0.0,-0.0002973133232444525,0.9882618555231931,0.0,mlp,core6,10,42
2025-02-07,0.0018355939246248454,0.0,0.0,0.0018355939246248454,0.99007590298113,0.0,mlp,core6,10,42
2025-02-10,0.006893686018884182,1.5,0.0,0.006893686018884182,0.9969011753911452,0.0,mlp,core6,10,42
2025-02-11,-0.006427964268368669,2.0,0.0,-0.006427964268368669,0.9904931302566362,0.0,mlp,core6,10,42
2025-02-12,-0.004261185240466148,1.5,0.0,-0.004261185240466148,0.9862724555492035,0.0,mlp,core6,10,42
2025-02-13,-0.003463784232735634,1.0,0.0,-0.003463784232735634,0.9828562205684908,0.0,mlp,core6,10,42
2025-02-14,-0.002253931135783205,1.0,0.0,-0.002253931135783205,0.9806409303309532,0.0,mlp,core6,10,42
2025-02-17,0.0027541426243260503,0.5,0.0,0.0027541426243260503,0.9833417553163365,0.0,mlp,core6,10,42
2025-02-18,-0.0021703517413698137,1.0,0.0,-0.0021703517413698137,0.981207557825324,0.0,mlp,core6,10,42
2025-02-19,0.002204705961048603,1.0,0.0,0.002204705961048603,0.9833708319770874,0.0,mlp,core6,10,42
2025-02-20,-0.001428640418453142,1.5,0.0,-0.001428640418453142,0.981965948660197,0.0,mlp,core6,10,42
2025-02-21,0.0014937501982785761,2.0,0.0,0.0014937501982785761,0.983432760490711,0.0,mlp,core6,10,42
2025-02-24,-0.0009208344854414463,1.0,0.0,-0.0009208344854414463,0.9825271816907383,0.0,mlp,core6,10,42
2025-02-25,-0.002134420443326235,1.5,0.0,-0.002134420443326235,0.9804300555880139,0.0,mlp,core6,10,42
2025-02-26,0.0010084984824061394,1.5,0.0,0.0010084984824061394,0.9814188178111798,0.0,mlp,core6,10,42
2025-02-27,0.0036095448303967714,0.0,0.0,0.0036095448303967714,0.9849612930314643,0.0,mlp,core6,10,42
2025-02-28,-0.0007717976695857942,0.0,0.0,-0.0007717976695857942,0.9842011022008704,0.0,mlp,core6,10,42
2025-03-03,0.0033577154390513897,1.0,0.0,0.0033577154390513897,0.9875057694368616,0.0,mlp,core6,10,42
2025-03-04,-0.01261320209596306,0.5,0.0,-0.01261320209596306,0.975050159596025,0.0,mlp,core6,10,42
2025-03-05,-0.0006719275552313775,1.0,0.0,-0.0006719275552313775,0.9743949965260598,0.0,mlp,core6,10,42
2025-03-06,0.0060217599384486675,1.0,0.0,0.0060217599384486675,0.9802625692803653,0.0,mlp,core6,10,42
2025-03-07,0.004571678815409541,0.0,0.0,0.004571678815409541,0.9847440149018832,0.0,mlp,core6,10,42
2025-03-10,0.0034225956624140963,1.0,0.0,0.0034225956624140963,0.9881143954958747,0.0,mlp,core6,10,42
2025-03-11,-0.0039769927388988435,0.5,0.0,-0.0039769927388988435,0.9841846717197862,0.0,mlp,core6,10,42
2025-03-12,0.003398734494112432,1.0,0.0,0.003398734494112432,0.9875296541121369,0.0,mlp,core6,10,42
2025-03-13,0.0019005152862519026,1.5,0.0,0.0019005152862519026,0.9894064693154041,0.0,mlp,core6,10,42
2025-03-14,-0.005682212766259909,2.0,0.0,-0.005682212766259909,0.9837844512444399,0.0,mlp,core6,10,42
2025-03-17,-0.0002538974513299763,2.0,0.0,-0.0002538974513299763,0.9835346708796109,0.0,mlp,core6,10,42
2025-03-18,-0.003201560233719647,1.0,0.0,-0.003201560233719647,0.9803858253888382,0.0,mlp,core6,10,42
2025-03-19,-0.002313551667612046,1.5,0.0,-0.002313551667612046,0.9781176521276067,0.0,mlp,core6,10,42
2025-03-20,0.0020384720992296934,0.5,0.0,0.0020384720992296934,0.9801115176712328,0.0,mlp,core6,10,42
2025-03-21,0.0017143575532827526,1.0,0.0,0.0017143575532827526,0.9817917792546119,0.0,mlp,core6,10,42
2025-03-24,-0.002770389492070535,1.0,0.0,-0.002770389492070535,0.9790718336259637,0.0,mlp,core6,10,42
2025-03-25,0.0002747204853221774,1.5,0.0,0.0002747204853221774,0.9793408047152627,0.0,mlp,core6,10,42
2025-03-26,-0.0024931647567427717,1.0,0.0,-0.0024931647567427717,0.9768991467361066,0.0,mlp,core6,10,42
2025-03-27,-0.004992415615561185,2.0,0.0,-0.004992415615561185,0.9720220601811128,0.0,mlp,core6,10,42
2025-03-28,-0.005277366377413273,0.5,0.0,-0.005277366377413273,0.966892343642609,0.0,mlp,core6,10,42
2025-03-31,0.0030761658999836072,1.0,0.0,0.0030761658999836072,0.9698666648990776,0.0,mlp,core6,10,42
2025-04-01,-0.005205963971093297,1.0,0.0,-0.005205963971093297,0.9648175739848486,0.0,mlp,core6,10,42
2025-04-02,0.009185118484310806,1.0,0.0,0.009185118484310806,0.9736795377176447,0.0,mlp,core6,10,42
2025-04-03,0.014251945540308952,1.0,0.0,0.014251945540308952,0.9875563654629098,0.0,mlp,core6,10,42
2025-04-04,0.0053827769588679075,1.0,0.0,0.0053827769588679075,0.9928721611125069,0.0,mlp,core6,10,42
2025-04-07,-0.0018876043614000082,1.0,0.0,-0.0018876043614000082,0.9909980112908783,0.0,mlp,core6,10,42
2025-04-08,-0.011400874122045934,1.5,0.0,-0.011400874122045934,0.9796997677089532,0.0,mlp,core6,10,42
2025-04-09,0.011289085727185011,0.0,0.0,0.011289085727185011,0.9907596823735227,0.0,mlp,core6,10,42
2025-04-10,-0.0036174149718135595,1.0,0.0,-0.0036174149718135595,0.9871756934650355,0.0,mlp,core6,10,42
2025-04-11,0.00047984899720177054,1.5,0.0,0.00047984899720177054,0.9876493887316067,0.0,mlp,core6,10,42
2025-04-14,0.004570277626044117,1.0,0.0,0.004570277626044117,0.9921632206353029,0.0,mlp,core6,10,42
2025-04-15,0.005079341535747517,1.0,0.0,0.005079341535747517,0.9972027564921169,0.0,mlp,core6,10,42
2025-04-16,0.0005481168627738953,1.5,0.0,0.0005481168627738953,0.9977493401385548,0.0,mlp,core6,10,42
2025-04-17,-0.000548718380741775,1.5,0.0,-0.000548718380741775,0.9972018567362477,0.0,mlp,core6,10,42
2025-04-18,-0.00022323010489344597,2.0,0.0,-0.00022323010489344597,0.9969792512611686,0.0,mlp,core6,10,42
2025-04-21,-0.0005032619519624859,2.0,0.0,-0.0005032619519624859,0.9964775095371128,0.0,mlp,core6,10,42
2025-04-22,0.0011582272127270699,1.0,0.0,0.0011582272127270699,0.9976316569055291,0.0,mlp,core6,10,42
2025-04-23,-0.0001322990283370018,1.5,0.0,-0.0001322990283370018,0.9974996712066823,0.0,mlp,core6,10,42
2025-04-24,0.004365140121080913,2.0,0.0,0.004365140121080913,1.0018538970422315,0.0,mlp,core6,10,42
2025-04-25,-0.005581788020208478,1.0,0.0,-0.005581788020208478,0.996261760961722,0.0,mlp,core6,10,42
2025-04-28,-0.0013515478640329093,1.0,0.0,-0.0013515478640329093,0.9949152655066765,0.0,mlp,core6,10,42
2025-04-29,0.005638405214995146,1.5,0.0,0.005638405214995146,1.0005250009281876,0.0,mlp,core6,10,42
2025-04-30,-0.0005462123081088066,0.5,0.0,-0.0005462123081088066,0.9999785018581101,0.0,mlp,core6,10,42
2025-05-01,0.004701792495325208,0.5,0.0,0.004701792495325208,1.0046801932736331,0.0,mlp,core6,10,42
2025-05-02,0.002546577650718973,1.0,0.0,0.002546577650718973,1.0072386893999439,0.0,mlp,core6,10,42
2025-05-05,-0.00024181092157959938,1.5,0.0,-0.00024181092157959938,1.0069951280842095,0.0,mlp,core6,10,42
2025-05-06,0.0014539600815623999,1.0,0.0,0.0014539600815623999,1.0084592588027719,0.0,mlp,core6,10,42
2025-05-07,0.005392103688791394,1.0,0.0,0.005392103688791394,1.013896975692158,0.0,mlp,core6,10,42
2025-05-08,-0.00318653421709314,2.0,0.0,-0.00318653421709314,1.0106661582865077,0.0,mlp,core6,10,42
2025-05-09,-0.004922947380691767,0.5,0.0,-0.004922947380691767,1.0056907019698174,0.0,mlp,core6,10,42
2025-05-12,-0.0069281551986932755,0.5,0.0,-0.0069281551986932755,0.9987231207046877,0.0,mlp,core6,10,42
2025-05-13,-0.005137225263752043,2.0,0.0,-0.005137225263752043,0.9935924550575103,0.0,mlp,core6,10,42
2025-05-14,-0.003962260612752289,1.5,0.0,-0.003962260612752289,0.989655582807708,0.0,mlp,core6,10,42
2025-05-15,-0.002292157798365224,0.0,0.0,-0.002292157798365224,0.9873871360458797,0.0,mlp,core6,10,42
2025-05-16,0.0020183594315312803,0.5,0.0,0.0020183594315312803,0.9893800381844905,0.0,mlp,core6,10,42
2025-05-19,0.004098511766642332,1.5,0.0,0.004098511766642332,0.9934350239126707,0.0,mlp,core6,10,42
2025-05-20,0.00036776711931452155,0.5,0.0,0.00036776711931452155,0.9938003766496412,0.0,mlp,core6,10,42
2025-05-21,0.0015914390346551954,1.0,0.0,0.0015914390346551954,0.9953819493616964,0.0,mlp,core6,10,42
2025-05-22,0.0003567484673112631,1.5,0.0,0.0003567484673112631,0.9957370503465205,0.0,mlp,core6,10,42
2025-05-23,0.0008697607554495335,1.5,0.0,0.0008697607554495335,0.9966031033556589,0.0,mlp,core6,10,42
2025-05-26,0.0005441422108560801,2.0,0.0,0.0005441422108560801,0.997145397171665,0.0,mlp,core6,10,42
2025-05-27,0.0014648489886894822,1.0,0.0,0.0014648489886894822,0.9986060645982883,0.0,mlp,core6,10,42
2025-05-28,-0.0003845997853204608,0.0,0.0,-0.0003845997853204608,0.9982220009202241,0.0,mlp,core6,10,42
2025-05-29,0.0006989206885918975,1.0,0.0,0.0006989206885918975,0.9989196789284748,0.0,mlp,core6,10,42
2025-05-30,0.004172527376795188,2.0,0.0,0.004172527376795188,1.0030876986360233,0.0,mlp,core6,10,42
2025-06-02,-0.00575121893780306,2.0,0.0,-0.00575121893780306,0.9973187216673506,0.0,mlp,core6,10,42
2025-06-03,-0.0026892394525930285,2.0,0.0,-0.0026892394525930285,0.9946366928142331,0.0,mlp,core6,10,42
2025-06-04,0.0014905029674991965,1.0,0.0,0.0014905029674991965,0.9961192017564563,0.0,mlp,core6,10,42
2025-06-05,-0.00167438096832484,1.0,0.0,-0.00167438096832484,0.9944513187228523,0.0,mlp,core6,10,42
2025-06-06,-0.0002848344847734552,1.0,0.0,-0.0002848344847734552,0.9941680646938515,0.0,mlp,core6,10,42
2025-06-09,0.0009147820237558335,2.0,0.0,0.0009147820237558335,0.9950775117680256,0.0,mlp,core6,10,42
2025-06-10,-0.003077541579841636,1.0,0.0,-0.003077541579841636,0.9920151193503942,0.0,mlp,core6,10,42
2025-06-11,-0.0013624423299916089,1.0,0.0,-0.0013624423299916089,0.9906635559597996,0.0,mlp,core6,10,42
2025-06-12,0.004543371440377086,0.5,0.0,0.004543371440377086,0.9951645084669698,0.0,mlp,core6,10,42
2025-06-13,0.0040054018900264055,0.5,0.0,0.0040054018900264055,0.9991505422700706,0.0,mlp,core6,10,42
2025-06-16,-0.0014433828182518482,0.5,0.0,-0.0014433828182518482,0.997708385544511,0.0,mlp,core6,10,42
2025-06-17,-0.0019018636958207935,1.0,0.0,-0.0019018636958207935,0.9958108801870279,0.0,mlp,core6,10,42
2025-06-18,-0.0013142283769411733,0.5,0.0,-0.0013142283769411733,0.9945021572702193,0.0,mlp,core6,10,42
2025-06-19,-0.002636594173964113,0.5,0.0,-0.002636594173964113,0.9918800586763659,0.0,mlp,core6,10,42
2025-06-20,-0.007358842500252649,0.0,0.0,-0.007358842500252649,0.9845809695454252,0.0,mlp,core6,10,42
2025-06-23,0.0020476078207138926,0.0,0.0,0.0020476078207138926,0.9865970052387925,0.0,mlp,core6,10,42
2025-06-24,0.0009495677804807201,1.5,0.0,0.0009495677804807201,0.987533845967286,0.0,mlp,core6,10,42
2025-06-25,-0.003456132486462593,1.0,0.0,-0.003456132486462593,0.9841207981607571,0.0,mlp,core6,10,42
2025-06-26,-0.003976009873440489,2.0,0.0,-0.003976009873440489,0.9802079241506119,0.0,mlp,core6,10,42
2025-06-27,0.0027184293721802533,2.0,0.0,0.0027184293721802533,0.9828725501624668,0.0,mlp,core6,10,42
2025-06-30,-0.0015285530826076865,1.0,0.0,-0.0015285530826076865,0.9813701772961054,0.0,mlp,core6,10,42
2025-07-01,0.0028877813747385517,1.0,0.0,0.0028877813747385517,0.984204159815825,0.0,mlp,core6,10,42
2025-07-02,0.003971401049057022,1.5,0.0,0.003971401049057022,0.9881128292486039,0.0,mlp,core6,10,42
2025-07-03,-0.0004624822104233317,1.5,0.0,-0.0004624822104233317,0.9876558446431853,0.0,mlp,core6,10,42
2025-07-04,0.001601597759872675,0.0,0.0,0.001601597759872675,0.989237672031491,0.0,mlp,core6,10,42
2025-07-07,0.00281825392448809,2.0,0.0,0.00281825392448809,0.9920255949829453,0.0,mlp,core6,10,42
2025-07-08,-0.0034065604559145868,1.0,0.0,-0.0034065604559145868,0.9886461998198213,0.0,mlp,core6,10,42
2025-07-09,-0.0038285079644992948,0.5,0.0,-0.0038285079644992948,0.9848611599697391,0.0,mlp,core6,10,42
2025-07-10,0.0005545363019336946,2.0,0.0,0.0005545363019336946,0.9854073012353068,0.0,mlp,core6,10,42
2025-07-11,0.002694407943636179,2.0,0.0,0.002694407943636179,0.9880623904954724,0.0,mlp,core6,10,42
2025-07-14,0.001283485908061266,1.0,0.0,0.001283485908061266,0.9893305546499587,0.0,mlp,core6,10,42
2025-07-15,-0.0027515844121808186,0.5,0.0,-0.0027515844121808186,0.9866083281172896,0.0,mlp,core6,10,42
2025-07-16,-0.0022396594868041575,0.5,0.0,-0.0022396594868041575,0.9843986614154617,0.0,mlp,core6,10,42
2025-07-17,0.004868068470386788,0.5,0.0,0.004868068470386788,0.9891907815013893,0.0,mlp,core6,10,42
2025-07-18,-0.001691446639597416,1.0,0.0,-0.001691446639597416,0.987517618078098,0.0,mlp,core6,10,42
2025-07-21,0.0013879194157198071,1.0,0.0,0.0013879194157198071,0.988888212953594,0.0,mlp,core6,10,42
2025-07-22,-0.002235898864455521,1.0,0.0,-0.002235898864455521,0.9866771589211776,0.0,mlp,core6,10,42
2025-07-23,0.0001231538481079042,1.0,0.0,0.0001231538481079042,0.9867986720101389,0.0,mlp,core6,10,42
2025-07-24,-2.5930485207936727e-05,0.0,0.0,-2.5930485207936727e-05,0.9867730838417712,0.0,mlp,core6,10,42
2025-07-25,-0.002409600419923663,1.0,0.0,-0.002409600419923663,0.9843953550045768,0.0,mlp,core6,10,42
2025-07-28,-0.002118427350069396,0.0,0.0,-0.002118427350069396,0.9823099849612538,0.0,mlp,core6,10,42
2025-07-29,-0.0004008819814771414,0.5,0.0,-0.0004008819814771414,0.9819161945880577,0.0,mlp,core6,10,42
2025-07-30,0.003826302330708131,0.5,0.0,0.003826302330708131,0.9856733028119701,0.0,mlp,core6,10,42
2025-07-31,-0.009524927008897066,0.5,0.0,-0.009524927008897066,0.9762848365480675,0.0,mlp,core6,10,42
2025-08-01,0.0026815818491741084,1.5,0.0,0.0026815818491741084,0.9789028242453788,0.0,mlp,core6,10,42
2025-08-04,-0.0026725729621830396,1.5,0.0,-0.0026725729621830396,0.9762866350246959,0.0,mlp,core6,10,42
2025-08-05,-0.004295745282433927,0.0,0.0,-0.004295745282433927,0.9720927563179853,0.0,mlp,core6,10,42
2025-08-06,-0.0013211431360105053,1.0,0.0,-0.0013211431360105053,0.9708084826454103,0.0,mlp,core6,10,42
2025-08-07,-0.0013366361381486058,1.5,0.0,-0.0013366361381486058,0.9695108649442853,0.0,mlp,core6,10,42
2025-08-08,-0.0007106091361492872,1.5,0.0,-0.0007106091361492872,0.9688219216660598,0.0,mlp,core6,10,42
2025-08-11,0.0019216291839256883,1.5,0.0,0.0019216291839256883,0.9706836381447603,0.0,mlp,core6,10,42
2025-08-12,-0.000707210332620889,2.0,0.0,-0.000707210332620889,0.9699971606461584,0.0,mlp,core6,10,42
2025-08-13,0.0006214866880327463,1.0,0.0,0.0006214866880327463,0.9706000009689295,0.0,mlp,core6,10,42
2025-08-14,9.661819785833359e-05,1.0,0.0,9.661819785833359e-05,0.9706937785918645,0.0,mlp,core6,10,42
2025-08-15,0.003788285452174023,1.0,0.0,0.003788285452174023,0.9743710437118198,0.0,mlp,core6,10,42
2025-08-18,0.0038985674764262512,1.0,0.0,0.0038985674764262512,0.9781696949728063,0.0,mlp,core6,10,42
2025-08-19,-0.002289247961016372,1.5,0.0,-0.002289247961016372,0.9759304219930618,0.0,mlp,core6,10,42
2025-08-20,-0.0015943594626151025,1.0,0.0,-0.0015943594626151025,0.9743744380899032,0.0,mlp,core6,10,42
2025-08-21,-0.0017128796316683292,0.5,0.0,-0.0017128796316683292,0.9727054519612808,0.0,mlp,core6,10,42
2025-08-22,0.00272633065469563,1.0,0.0,0.00272633065469563,0.9753573686529524,0.0,mlp,core6,10,42
2025-08-25,0.0014963106368668377,1.5,0.0,0.0014963106368668377,0.9768168062584143,0.0,mlp,core6,10,42
2025-08-26,0.00032790645491331816,1.0,0.0,0.00032790645491331816,0.9771371107944542,0.0,mlp,core6,10,42
2025-08-27,0.0009963949742086697,1.5,0.0,0.0009963949742086697,0.9781107253007626,0.0,mlp,core6,10,42
2025-08-28,-0.0006197668553795666,0.5,0.0,-0.0006197668553795666,0.97750452469233,0.0,mlp,core6,10,42
2025-08-29,-0.0010954949357255828,1.0,0.0,-0.0010954949357255828,0.9764336734358806,0.0,mlp,core6,10,42
2025-09-01,0.004105548141524196,1.0,0.0,0.004105548141524196,0.980442468889177,0.0,mlp,core6,10,42
2025-09-02,0.0005643032491207123,0.5,0.0,0.0005643032491207123,0.980995735759947,0.0,mlp,core6,10,42
2025-09-03,-0.0003945806820411235,1.0,0.0,-0.0003945806820411235,0.9806086537934514,0.0,mlp,core6,10,42
2025-09-04,-0.003056486777495593,0.5,0.0,-0.003056486777495593,0.977611436409234,0.0,mlp,core6,10,42
2025-09-05,0.002707448787987232,1.0,0.0,0.002707448787987232,0.9802582693078626,0.0,mlp,core6,10,42
2025-09-08,-0.0006810043705627322,0.5,0.0,-0.0006810043705627322,0.9795907091421837,0.0,mlp,core6,10,42
2025-09-09,0.0011047864754800685,0.5,0.0,0.0011047864754800685,0.9806729477091499,0.0,mlp,core6,10,42
2025-09-10,0.00220265903044492,0.5,0.0,0.00220265903044492,0.9828330358333345,0.0,mlp,core6,10,42
2025-09-11,-0.0009192502475343645,0.5,0.0,-0.0009192502475343645,0.9819295663218597,0.0,mlp,core6,10,42
2025-09-12,0.0009386555175296962,1.0,0.0,0.0009386555175296962,0.9828512599271132,0.0,mlp,core6,10,42
2025-09-15,0.0003791492199525237,0.5,0.0,0.0003791492199525237,0.9832239072156439,0.0,mlp,core6,10,42
2025-09-16,-0.00015760480891913176,0.5,0.0,-0.00015760480891913176,0.9830689463996225,0.0,mlp,core6,10,42
2025-09-17,-0.002013932913541794,1.0,0.0,-0.002013932913541794,0.9810891114921875,0.0,mlp,core6,10,42
2025-09-18,0.003691314603202045,0.5,0.0,0.003691314603202045,0.9847106200564811,0.0,mlp,core6,10,42
2025-09-19,0.0037351059436332434,1.0,0.0,0.0037351059436332434,0.9883886185462128,0.0,mlp,core6,10,42
2025-09-22,-0.0010444025101605803,1.0,0.0,-0.0010444025101605803,0.987356342991989,0.0,mlp,core6,10,42
2025-09-23,-0.0002569353673607111,1.5,0.0,-0.0002569353673607111,0.9871026562272864,0.0,mlp,core6,10,42
2025-09-24,5.062227137386799e-05,1.0,0.0,5.062227137386799e-05,0.9871526256058238,0.0,mlp,core6,10,42
2025-09-25,-0.003329724189825356,1.0,0.0,-0.003329724189825356,0.9838656796292945,0.0,mlp,core6,10,42
2025-09-26,-0.002743040182394907,1.0,0.0,-0.002743040182394907,0.9811668965359921,0.0,mlp,core6,10,42
2025-09-29,0.002227654491434805,1.0,0.0,0.002227654491434805,0.9833525973799077,0.0,mlp,core6,10,42
2025-09-30,-0.0034365656902082264,1.5,0.0,-0.0034365656902082264,0.9799732415823748,0.0,mlp,core6,10,42
2025-10-01,0.002237221247924026,1.0,0.0,0.002237221247924026,0.9821656585408398,0.0,mlp,core6,10,42
2025-10-02,0.0029144197033019736,1.5,0.0,0.0029144197033019736,0.9850281014879978,0.0,mlp,core6,10,42
2025-10-03,-0.003260652389144525,1.5,0.0,-0.003260652389144525,0.9818162672555064,0.0,mlp,core6,10,42
2025-10-06,-0.005453289588331245,1.0,0.0,-0.005453289588331245,0.9764621388276277,0.0,mlp,core6,10,42
2025-10-07,0.0025921238484443165,2.0,0.0,0.0025921238484443165,0.9789932496247857,0.0,mlp,core6,10,42
2025-10-08,-0.0005171931115910411,0.0,0.0,-0.0005171931115910411,0.9784869210597856,0.0,mlp,core6,10,42
2025-10-09,0.0048119863495230675,1.0,0.0,0.0048119863495230675,0.9831953867671122,0.0,mlp,core6,10,42
2025-10-10,-0.001295901442063041,0.5,0.0,-0.001295901442063041,0.9819212624475709,0.0,mlp,core6,10,42
2025-10-13,-0.0003930328966816887,0.0,0.0,-0.0003930328966816887,0.9815353350894779,0.0,mlp,core6,10,42
2025-10-14,-0.0011116683381260373,0.5,0.0,-0.0011116683381260373,0.980444193334707,0.0,mlp,core6,10,42
2025-10-15,0.005968993529677391,1.0,0.0,0.005968993529677391,0.9862964583809316,0.0,mlp,core6,10,42
2025-10-16,-0.004041700507514179,0.5,0.0,-0.004041700507514179,0.9823101434845339,0.0,mlp,core6,10,42
2025-10-17,-0.0006568366952706128,1.0,0.0,-0.0006568366952706128,0.9816649261361567,0.0,mlp,core6,10,42
2025-10-20,-0.0017250359524041414,1.0,0.0,-0.0017250359524041414,0.9799715188453577,0.0,mlp,core6,10,42
2025-10-21,0.001432778182788752,0.5,0.0,0.001432778182788752,0.9813756006573137,0.0,mlp,core6,10,42
2025-10-22,-0.001654652296565473,1.0,0.0,-0.001654652296565473,0.9797517652658927,0.0,mlp,core6,10,42
2025-10-23,0.0008395146287512034,1.0,0.0,0.0008395146287512034,0.9805742812053783,0.0,mlp,core6,10,42
2025-10-24,-0.0035213590745115653,0.5,0.0,-0.0035213590745115653,0.977121327062023,0.0,mlp,core6,10,42
2025-10-27,0.0021608296083286405,0.5,0.0,0.0021608296083286405,0.9792327197564681,0.0,mlp,core6,10,42
2025-10-28,-0.006582674570381641,1.0,0.0,-0.006582674570381641,0.9727867494336415,0.0,mlp,core6,10,42
2025-10-29,-0.002157247974537313,0.5,0.0,-0.002157247974537313,0.970688207188769,0.0,mlp,core6,10,42
2025-10-30,0.0,0.5,0.0,0.0,0.970688207188769,0.0,mlp,core6,10,42
2025-10-31,-0.00016793771646916866,0.0,0.0,-0.00016793771646916866,0.9705251920278501,0.0,mlp,core6,10,42
2025-11-03,0.0065451269038021564,0.0,0.0,0.0065451269038021564,0.9768774025730094,0.0,mlp,core6,10,42
2025-11-04,-0.00014001430827192962,1.5,0.0,-0.00014001430827192962,0.9767406257592216,0.0,mlp,core6,10,42
2025-11-05,-0.0039061309944372624,1.0,0.0,-0.0039061309944372624,0.9729253489274174,0.0,mlp,core6,10,42
2025-11-06,0.0018426438691676594,0.5,0.0,0.0018426438691676594,0.9747181038567764,0.0,mlp,core6,10,42
2025-11-07,-0.0017681863391771913,1.0,0.0,-0.0017681863391771913,0.9729946206209882,0.0,mlp,core6,10,42
2025-11-10,0.002694559603696689,1.0,0.0,0.002694559603696689,0.9756164126203277,0.0,mlp,core6,10,42
2025-11-11,-0.0010843233758350834,0.5,0.0,-0.0010843233758350834,0.9745585289382751,0.0,mlp,core6,10,42
2025-11-12,0.00127546934527345,1.0,0.0,0.00127546934527345,0.9758015484671106,0.0,mlp,core6,10,42
2025-11-13,-0.0013993328902870417,1.0,0.0,-0.0013993328902870417,0.9744360772659476,0.0,mlp,core6,10,42
2025-11-14,0.0023631041403859854,1.0,0.0,0.0023631041403859854,0.9767387711946762,0.0,mlp,core6,10,42
2025-11-17,-0.002591025666333735,1.5,0.0,-0.002591025666333735,0.9742080159692076,0.0,mlp,core6,10,42
2025-11-18,0.0008225894998759031,1.0,0.0,0.0008225894998759031,0.9750093892538388,0.0,mlp,core6,10,42
2025-11-19,0.0005773363991465885,1.0,0.0,0.0005773363991465885,0.9755722976637647,0.0,mlp,core6,10,42
2025-11-20,-0.0016249173932010308,0.5,0.0,-0.0016249173932010308,0.9739870732689658,0.0,mlp,core6,10,42
2025-11-21,-0.0010591961436148267,1.0,0.0,-0.0010591961436148267,0.9729554299170287,0.0,mlp,core6,10,42
2025-11-24,0.000885396875673905,0.0,0.0,0.000885396875673905,0.9738168816148471,0.0,mlp,core6,10,42
2025-11-25,-0.0031115494202822447,0.5,0.0,-0.0031115494202822447,0.9707868022613974,0.0,mlp,core6,10,42
2025-11-26,-0.0011709495447576046,1.0,0.0,-0.0011709495447576046,0.9696500598972326,0.0,mlp,core6,10,42
2025-11-27,0.0027888003569387365,1.0,0.0,0.0027888003569387365,0.9723542203303797,0.0,mlp,core6,10,42
2025-11-28,-0.0033356091880705208,0.5,0.0,-0.0033356091880705208,0.9691108266589865,0.0,mlp,core6,10,42
2025-12-01,0.0016546955303056166,1.0,0.0,0.0016546955303056166,0.9707144100122299,0.0,mlp,core6,10,42
2025-12-02,-0.004594753845594823,0.5,0.0,-0.004594753845594823,0.9662542162438519,0.0,mlp,core6,10,42
2025-12-03,0.0006630554998992011,0.5,0.0,0.0006630554998992011,0.9668948964162332,0.0,mlp,core6,10,42
2025-12-04,0.004368237758171745,0.5,0.0,0.004368237758171745,0.9711185232109422,0.0,mlp,core6,10,42
2025-12-05,-0.0016356517662643455,1.0,0.0,-0.0016356517662643455,0.9695301114832001,0.0,mlp,core6,10,42
2025-12-08,-0.004183022101642564,1.5,0.0,-0.004183022101642564,0.9654745455986579,0.0,mlp,core6,10,42
2025-12-09,-0.0032943967380560935,1.0,0.0,-0.0032943967380560935,0.9622938894049614,0.0,mlp,core6,10,42
2025-12-10,0.0027121995808556676,0.5,0.0,0.0027121995808556676,0.9649038224884655,0.0,mlp,core6,10,42
2025-12-11,0.0027978167054243386,1.0,0.0,0.0027978167054243386,0.9676034465221516,0.0,mlp,core6,10,42
2025-12-12,-0.002981960504257586,1.0,0.0,-0.002981960504257586,0.964718091260839,0.0,mlp,core6,10,42
2025-12-15,-0.0014359027554746717,0.5,0.0,-0.0014359027554746717,0.9633328498953413,0.0,mlp,core6,10,42
2025-12-16,0.0011802349472418427,0.5,0.0,0.0011802349472418427,0.9644698089906139,0.0,mlp,core6,10,42
2025-12-17,-0.0011961330892518163,1.0,0.0,-0.0011961330892518163,0.9633161747384958,0.0,mlp,core6,10,42
2021-10-11,-0.0018810552137438208,1.0,0.0002,-0.002081055213743821,0.9979189447862562,2.0,mlp,core6,10,42
2021-10-12,0.0027688354020938277,1.0,0.0002,0.0025688354020938276,1.0004824343000434,2.0,mlp,core6,10,42
2021-10-13,-0.005148288493728614,1.0,0.0002,-0.005348288493728614,0.9951315656084989,2.0,mlp,core6,10,42
2021-10-14,-0.0024862934806151316,1.0,0.0002,-0.0026862934806151316,0.9924583501714505,2.0,mlp,core6,10,42
2021-10-15,0.001715492417133646,0.5,0.0001,0.001615492417133646,0.9940616591104734,2.0,mlp,core6,10,42
2021-10-18,-0.007334027934120968,1.0,0.0002,-0.007534027934120968,0.9865723708024965,2.0,mlp,core6,10,42
2021-10-19,-0.00031399319414049387,0.5,0.0001,-0.00041399319414049386,0.9861639365554572,2.0,mlp,core6,10,42
2021-10-20,0.005221676372457296,0.5,0.0001,0.005121676372457295,0.9912147490886828,2.0,mlp,core6,10,42
2021-10-21,0.0009370132465846837,1.0,0.0002,0.0007370132465846837,0.9919452874889713,2.0,mlp,core6,10,42
2021-10-22,-0.004395750846015289,1.0,0.0002,-0.004595750846015289,0.9873865540947929,2.0,mlp,core6,10,42
2021-10-25,-0.0006050039664842188,0.5,0.0001,-0.0007050039664842189,0.9866904426577029,2.0,mlp,core6,10,42
2021-10-26,-0.002054450196737889,1.0,0.0002,-0.0022544501967378893,0.9844659981951338,2.0,mlp,core6,10,42
2021-10-27,0.002527875592932105,0.5,0.0001,0.0024278755929321052,0.9868561591642233,2.0,mlp,core6,10,42
2021-10-28,-0.0012472320813685656,0.0,0.0,-0.0012472320813685656,0.9856253205028175,2.0,mlp,core6,10,42
2021-10-29,0.0037699831882491708,0.5,0.0001,0.003669983188249171,0.9892425488589756,2.0,mlp,core6,10,42
2021-11-01,-0.0029376031015999615,1.0,0.0002,-0.0031376031015999616,0.986138698369441,2.0,mlp,core6,10,42
2021-11-02,-4.24577810917981e-05,1.5,0.00030000000000000003,-0.0003424577810917981,0.9858009874989487,2.0,mlp,core6,10,42
2021-11-03,0.002043744781985879,1.0,0.0002,0.0018437447819858789,0.9876185529257264,2.0,mlp,core6,10,42
2021-11-04,0.0013821785687468946,1.0,0.0002,0.0011821785687468945,0.9887860944130921,2.0,mlp,core6,10,42
2021-11-05,-3.585556987673044e-05,0.5,0.0001,-0.00013585556987673043,0.9886517623147494,2.0,mlp,core6,10,42
2021-11-08,-0.006732033740263432,1.5,0.00030000000000000003,-0.007032033740263432,0.9816995297647811,2.0,mlp,core6,10,42
2021-11-09,-0.004622036649379879,1.5,0.00030000000000000003,-0.004922036649379879,0.9768675687005999,2.0,mlp,core6,10,42
2021-11-10,-0.0004972041351720691,1.5,0.00030000000000000003,-0.0007972041351720691,0.9760888058353163,2.0,mlp,core6,10,42
2021-11-11,0.00239980085825664,1.5,0.00030000000000000003,0.00209980085825664,0.9781383979475441,2.0,mlp,core6,10,42
2021-11-12,-0.003386915399460122,1.5,0.00030000000000000003,-0.003686915399460122,0.9745320844253481,2.0,mlp,core6,10,42
2021-11-15,0.002159643219783902,1.0,0.0002,0.001959643219783902,0.9764418196170541,2.0,mlp,core6,10,42
2021-11-16,-0.0002960085985250771,0.0,0.0,-0.0002960085985250771,0.976152784442488,2.0,mlp,core6,10,42
2021-11-17,0.0005099446862004697,0.5,0.0001,0.00040994468620046974,0.9765529530893899,2.0,mlp,core6,10,42
2021-11-18,-0.005823075363878161,1.5,0.00030000000000000003,-0.006123075363878161,0.9705734457608058,2.0,mlp,core6,10,42
2021-11-19,0.001262856530956924,0.0,0.0,0.001262856530956924,0.9717991407755583,2.0,mlp,core6,10,42
2021-11-22,0.003461019499809481,1.0,0.0002,0.003261019499809481,0.9749681967235255,2.0,mlp,core6,10,42
2021-11-23,-0.0009149910038104281,1.5,0.00030000000000000003,-0.001214991003810428,0.9737836191355052,2.0,mlp,core6,10,42
2021-11-24,0.0028031933834427036,2.0,0.0004,0.0024031933834427035,0.9761238094859165,2.0,mlp,core6,10,42
2021-11-25,-0.014404091285541654,0.5,0.0001,-0.014504091285541653,0.9619660206471421,2.0,mlp,core6,10,42
2021-11-26,-0.0006814748048782349,0.0,0.0,-0.0006814748048782349,0.9613104650409221,2.0,mlp,core6,10,42
2021-11-29,-0.0009045947808772326,0.5,0.0001,-0.0010045947808772326,0.9603447375649393,2.0,mlp,core6,10,42
2021-11-30,0.0028608156135305762,0.5,0.0001,0.0027608156135305764,0.9629960723107805,2.0,mlp,core6,10,42
2021-12-01,-0.0032434556051157415,1.0,0.0002,-0.0034434556051157416,0.9596800380878776,2.0,mlp,core6,10,42
2021-12-02,0.0029586522014142247,1.0,0.0002,0.0027586522014142246,0.9623274615376021,2.0,mlp,core6,10,42
2021-12-03,-0.008808707469142973,0.0,0.0,-0.008808707469142973,0.9538506004393944,2.0,mlp,core6,10,42
2021-12-06,-0.0040413219248875976,1.0,0.0002,-0.004241321924887597,0.9498050129746837,2.0,mlp,core6,10,42
2021-12-07,0.001837127550970763,1.5,0.00030000000000000003,0.001537127550970763,0.9512649844281772,2.0,mlp,core6,10,42
2021-12-08,-0.0003315925714559853,1.5,0.00030000000000000003,-0.0006315925714559853,0.9506641725305262,2.0,mlp,core6,10,42
2021-12-09,-0.0023934353957884014,1.0,0.0002,-0.0025934353957884015,0.9481986864159776,2.0,mlp,core6,10,42
2021-12-10,0.005331739725079387,1.0,0.0002,0.005131739725079388,0.9530645952823266,2.0,mlp,core6,10,42
2021-12-13,6.787513848394156e-05,1.0,0.0002,-0.00013212486151605845,0.9529386717546591,2.0,mlp,core6,10,42
2021-12-14,-0.002600121428258717,0.5,0.0001,-0.002700121428258717,0.9503656216272379,2.0,mlp,core6,10,42
2021-12-15,-0.0015097318682819605,1.5,0.00030000000000000003,-0.0018097318682819604,0.9486457146752596,2.0,mlp,core6,10,42
2021-12-16,0.0058479420258663595,0.5,0.0001,0.005747942025866359,0.9540984752462995,2.0,mlp,core6,10,42
2021-12-17,0.005984518153127283,0.5,0.0001,0.005884518153127283,0.9597128850437575,2.0,mlp,core6,10,42
2021-12-20,-0.004124362341826782,0.5,0.0001,-0.004224362341826782,0.9556587100732128,2.0,mlp,core6,10,42
2021-12-21,0.004629780305549502,1.0,0.0002,0.004429780305549503,0.959892068205922,2.0,mlp,core6,10,42
2021-12-22,0.0016204218845814466,0.0,0.0,0.0016204218845814466,0.961447498320079,2.0,mlp,core6,10,42
2021-12-23,0.0006702710015815683,1.0,0.0002,0.0004702710015815683,0.9618996391980821,2.0,mlp,core6,10,42
2021-12-24,0.0013191220932640135,1.0,0.0002,0.0011191220932640134,0.9629761223358113,2.0,mlp,core6,10,42
2021-12-27,0.000237992950133048,1.0,0.0002,3.799295013304799e-05,0.9630127086396065,2.0,mlp,core6,10,42
2021-12-28,0.0019295630627311766,0.5,0.0001,0.0018295630627311766,0.9647746011202742,2.0,mlp,core6,10,42
2021-12-29,-0.0010666782618500292,0.5,0.0001,-0.0011666782618500293,0.9636490195655621,2.0,mlp,core6,10,42
2021-12-30,0.0,1.0,0.0002,-0.0002,0.9634562897616491,2.0,mlp,core6,10,42
2021-12-31,-0.00276800716528669,0.0,0.0,-0.00276800716528669,0.9607894358481484,2.0,mlp,core6,10,42
2022-01-03,-0.0019714131485670805,1.0,0.0002,-0.0021714131485670806,0.9587031650341433,2.0,mlp,core6,10,42
2022-01-04,-0.0026496339560253546,0.5,0.0001,-0.0027496339560253544,0.9560670822578164,2.0,mlp,core6,10,42
2022-01-05,0.006142141355667263,0.0,0.0,0.006142141355667263,0.9619393814225443,2.0,mlp,core6,10,42
2022-01-06,-9.584822691977024e-06,1.0,0.0002,-0.00020958482269197703,0.9617377735278485,2.0,mlp,core6,10,42
2022-01-07,-0.0015001134888734668,1.0,0.0002,-0.001700113488873467,0.9601027101663147,2.0,mlp,core6,10,42
2022-01-10,-0.0021251339640002698,0.0,0.0,-0.0021251339640002698,0.9580623632880115,2.0,mlp,core6,10,42
2022-01-11,0.002336337463930249,2.0,0.0004,0.0019363374639302492,0.9599174953348277,2.0,mlp,core6,10,42
2022-01-12,0.003323864148114808,1.5,0.00030000000000000003,0.003023864148114808,0.9628201554341189,2.0,mlp,core6,10,42
2022-01-13,0.004053928656503558,0.5,0.0001,0.003953928656503558,0.9666270776377491,2.0,mlp,core6,10,42
2022-01-14,0.0001005803628686408,0.5,0.0001,5.803628686407999e-07,0.9666276386322128,2.0,mlp,core6,10,42
2022-01-17,0.0018527407373767346,1.5,0.00030000000000000003,0.0015527407373767347,0.9681285607445913,2.0,mlp,core6,10,42
2022-01-18,0.0016383838083129376,2.0,0.0004,0.0012383838083129377,0.9693274754785828,2.0,mlp,core6,10,42
2022-01-19,-0.0005780452629551291,1.5,0.00030000000000000003,-0.0008780452629551292,0.9684763620804866,2.0,mlp,core6,10,42
2022-01-20,0.0041633566142991185,0.5,0.0001,0.004063356614299118,0.9724116269121387,2.0,mlp,core6,10,42
2022-01-21,0.007628254126757383,1.0,0.0002,0.007428254126757384,0.9796349475926557,2.0,mlp,core6,10,42
2022-01-24,-0.0013467598182614893,1.5,0.00030000000000000003,-0.0016467598182614892,0.9780217241243955,2.0,mlp,core6,10,42
2022-01-25,0.0015969257801771164,2.0,0.0004,0.0011969257801771164,0.9791923435395733,2.0,mlp,core6,10,42
2022-01-26,-7.388880476355553e-05,0.5,0.0001,-0.00017388880476355552,0.9790220729533216,2.0,mlp,core6,10,42
2022-01-27,0.0029639195854542777,0.5,0.0001,0.002863919585454278,0.9818259134426446,2.0,mlp,core6,10,42
2022-01-28,-0.0034659432130865753,0.0,0.0,-0.0034659432130865753,0.9784229605815156,2.0,mlp,core6,10,42
2022-01-31,-0.0005961819551885128,1.5,0.00030000000000000003,-0.0008961819551885128,0.9775461155797003,2.0,mlp,core6,10,42
2022-02-01,-0.0015165427612373605,0.5,0.0001,-0.0016165427612373606,0.9759658704827843,2.0,mlp,core6,10,42
2022-02-02,-0.008448406588286161,1.0,0.0002,-0.008648406588286162,0.9675253208185586,2.0,mlp,core6,10,42
2022-02-03,0.006015921069774777,1.5,0.00030000000000000003,0.005715921069774777,0.973055619185366,2.0,mlp,core6,10,42
2022-02-04,0.005652247287798673,2.0,0.0004,0.005252247287798673,0.9781663479221097,2.0,mlp,core6,10,42
2022-02-07,-0.0015190290287137032,2.0,0.0004,-0.0019190290287137031,0.9762892183055363,2.0,mlp,core6,10,42
2022-02-08,-0.0004140547662245808,0.5,0.0001,-0.0005140547662245809,0.9757873521796526,2.0,mlp,core6,10,42
2022-02-09,-0.005349350511096418,1.0,0.0002,-0.0055493505110964176,0.9703723661381131,2.0,mlp,core6,10,42
2022-02-10,0.002394292037934065,1.0,0.0002,0.0021942920379340648,0.9725016464949612,2.0,mlp,core6,10,42
2022-02-11,0.0032010102513595484,1.0,0.0002,0.0030010102513595483,0.9754201339055566,2.0,mlp,core6,10,42
2022-02-14,0.00014503448619507253,1.0,0.0002,-5.496551380492748e-05,0.9753665194367208,2.0,mlp,core6,10,42
2022-02-15,0.0007258615805767477,1.5,0.00030000000000000003,0.00042586158057674763,0.9757818905643298,2.0,mlp,core6,10,42
2022-02-16,0.0024910110514611006,0.0,0.0,0.0024910110514611006,0.9782125740375412,2.0,mlp,core6,10,42
2022-02-17,0.0008926686132326722,1.0,0.0002,0.0006926686132326722,0.9788901511846466,2.0,mlp,core6,10,42
2022-02-18,-0.0011759830067603616,1.0,0.0002,-0.0013759830067603617,0.9775432149711315,2.0,mlp,core6,10,42
2022-02-21,-0.008670688577694818,2.0,0.0004,-0.009070688577694818,0.9686762248968899,2.0,mlp,core6,10,42
2022-02-22,0.0019625938730314374,1.0,0.0002,0.0017625938730314373,0.9703836076758444,2.0,mlp,core6,10,42
2022-02-23,0.004030582960695028,1.0,0.0002,0.003830582960695028,0.9741007425887453,2.0,mlp,core6,10,42
2022-02-24,-0.0063922060071490705,0.5,0.0001,-0.006492206007149071,0.9677766798961424,2.0,mlp,core6,10,42
2022-02-25,0.004375324468128383,1.0,0.0002,0.0041753244681283835,0.9718174615473968,2.0,mlp,core6,10,42
2022-02-28,0.004662117746192962,1.0,0.0002,0.004462117746192962,0.9761538254886276,2.0,mlp,core6,10,42
2022-03-01,-0.0001204361324198544,1.0,0.0002,-0.0003204361324198544,0.9758410305321412,2.0,mlp,core6,10,42
2022-03-02,-7.291772635653615e-05,1.0,0.0002,-0.00027291772635653613,0.975574706216803,2.0,mlp,core6,10,42
2022-03-03,0.0030552230309695005,0.5,0.0001,0.0029552230309695007,0.9784577470570461,2.0,mlp,core6,10,42
2022-03-04,0.0029235700785648078,1.0,0.0002,0.0027235700785648077,0.9811226453000707,2.0,mlp,core6,10,42
2022-03-07,-0.004255152307450771,1.5,0.00030000000000000003,-0.004555152307450771,0.9766534822184398,2.0,mlp,core6,10,42
2022-03-08,-0.003572027198970318,1.0,0.0002,-0.003772027198970318,0.9729695187195428,2.0,mlp,core6,10,42
2022-03-09,-0.005692928680218756,2.0,0.0004,-0.006092928680218756,0.9670412848339579,2.0,mlp,core6,10,42
2022-03-10,-0.0038133212947286665,0.5,0.0001,-0.003913321294728667,0.9632569415811354,2.0,mlp,core6,10,42
2022-03-11,-0.005066527985036373,2.0,0.0004,-0.005466527985036373,0.9579912705532017,2.0,mlp,core6,10,42
2022-03-14,0.0007431231497321278,1.0,0.0002,0.0005431231497321278,0.9585115777894804,2.0,mlp,core6,10,42
2022-03-15,0.004635464167222381,1.0,0.0002,0.004435464167222381,0.9627630215466334,2.0,mlp,core6,10,42
2022-03-16,0.007185321883298457,1.5,0.00030000000000000003,0.006885321883298457,0.969391954847319,2.0,mlp,core6,10,42
2022-03-17,0.002861933200620115,1.0,0.0002,0.0026619332006201147,0.9719724114763412,2.0,mlp,core6,10,42
2022-03-18,0.002758111513685435,1.0,0.0002,0.002558111513685435,0.9744588252931234,2.0,mlp,core6,10,42
2022-03-21,0.008164658618625253,0.5,0.0001,0.008064658618625254,0.982317503057019,2.0,mlp,core6,10,42
2022-03-22,-0.0005722243804484606,1.0,0.0002,-0.0007722243804484606,0.9815589335318172,2.0,mlp,core6,10,42
2022-03-23,0.007409858837490901,1.5,0.00030000000000000003,0.007109858837490901,0.9885376789899066,2.0,mlp,core6,10,42
2022-03-24,0.001323287928244099,1.0,0.0002,0.001123287928244099,0.9896480914313305,2.0,mlp,core6,10,42
2022-03-25,0.002620057261083275,0.5,0.0001,0.0025200572610832753,0.9921420612900592,2.0,mlp,core6,10,42
2022-03-28,-0.001886429061414674,1.0,0.0002,-0.002086429061414674,0.9900720272603318,2.0,mlp,core6,10,42
2022-03-29,0.0054538019467145205,1.0,0.0002,0.005253801946714521,0.9952736696045398,2.0,mlp,core6,10,42
2022-03-30,0.002467251440975815,1.5,0.00030000000000000003,0.002167251440975815,0.9974306778991555,2.0,mlp,core6,10,42
2022-03-31,0.0001964059192687273,0.5,0.0001,9.64059192687273e-05,0.9975268361205653,2.0,mlp,core6,10,42
2022-04-01,-0.005108687037136406,1.0,0.0002,-0.005308687037136405,0.9922312783364563,2.0,mlp,core6,10,42
2022-04-04,0.005996747291646898,1.0,0.0002,0.005796747291646898,0.9979829923118405,2.0,mlp,core6,10,42
2022-04-05,-0.00339095045637805,0.5,0.0001,-0.00349095045637805,0.994499083129372,2.0,mlp,core6,10,42
2022-04-06,-0.0037891899191890843,0.5,0.0001,-0.003889189919189084,0.9906312873206224,2.0,mlp,core6,10,42
2022-04-07,-7.272453512996435e-05,1.0,0.0002,-0.00027272453512996433,0.9903611178633027,2.0,mlp,core6,10,42
2022-04-08,-0.0006256795604713261,0.0,0.0,-0.0006256795604713261,0.9897414691543701,2.0,mlp,core6,10,42
2022-04-11,-0.005358206850360148,2.0,0.0004,-0.005758206850360148,0.9840423330465999,2.0,mlp,core6,10,42
2022-04-12,0.0014411502052098513,0.5,0.0001,0.0013411502052098512,0.9853620816235006,2.0,mlp,core6,10,42
2022-04-13,-0.004344525863416493,0.5,0.0001,-0.004444525863416493,0.980982614366895,2.0,mlp,core6,10,42
2022-04-14,-0.0009665568795753643,0.5,0.0001,-0.0010665568795753643,0.9799363406107983,2.0,mlp,core6,10,42
2022-04-15,-0.0007279458222910762,1.5,0.00030000000000000003,-0.001027945822291076,0.9789290191433562,2.0,mlp,core6,10,42
2022-04-18,-0.003516166063491255,0.5,0.0001,-0.003616166063491255,0.9753890492457632,2.0,mlp,core6,10,42
2022-04-19,-0.0008929162286221981,1.5,0.00030000000000000003,-0.001192916228622198,0.9742254918196975,2.0,mlp,core6,10,42
2022-04-20,-0.004355701617896557,0.5,0.0001,-0.004455701617896557,0.9698846337196004,2.0,mlp,core6,10,42
2022-04-21,-0.004325332643929869,0.0,0.0,-0.004325332643929869,0.965689560052527,2.0,mlp,core6,10,42
2022-04-22,-0.0008389830472879112,0.0,0.0,-0.0008389830472879112,0.9648793628827,2.0,mlp,core6,10,42
2022-04-25,-0.003381064161658287,0.0,0.0,-0.003381064161658287,0.9616170438485336,2.0,mlp,core6,10,42
2022-04-26,-0.002821429807227105,1.5,0.00030000000000000003,-0.003121429807227105,0.9586154237447272,2.0,mlp,core6,10,42
2022-04-27,0.004341316904174164,1.0,0.0002,0.004141316904174164,0.9625853540036833,2.0,mlp,core6,10,42
2022-04-28,-0.001692765043117106,0.5,0.0001,-0.001792765043117106,0.9608596646300089,2.0,mlp,core6,10,42
2022-04-29,-0.010617080610245466,0.5,0.0001,-0.010717080610245466,0.9505620541490357,2.0,mlp,core6,10,42
2022-05-02,0.0023563331815239508,0.5,0.0001,0.002256333181523951,0.9527068388529097,2.0,mlp,core6,10,42
2022-05-03,-0.0018020160496234894,0.5,0.0001,-0.0019020160496234894,0.9508947751548255,2.0,mlp,core6,10,42
2022-05-04,0.00436525559052825,0.5,0.0001,0.0042652555905282495,0.9549505844105587,2.0,mlp,core6,10,42
2022-05-05,-0.0036710442509502172,1.0,0.0002,-0.0038710442509502173,0.9512539284408347,2.0,mlp,core6,10,42
2022-05-06,-0.010862603259738535,1.0,0.0002,-0.011062603259738535,0.9407305836312261,2.0,mlp,core6,10,42
2022-05-09,0.00434498432878172,1.5,0.00030000000000000003,0.00404498432878172,0.9445358240996201,2.0,mlp,core6,10,42
2022-05-10,0.004570566990878433,2.0,0.0004,0.004170566990878433,0.9484750740293122,2.0,mlp,core6,10,42
2022-05-11,-0.011141303344629705,1.5,0.00030000000000000003,-0.011441303344629705,0.9376232829925227,2.0,mlp,core6,10,42
2022-05-12,-0.0029409856360871345,2.0,0.0004,-0.0033409856360871347,0.9344906970719838,2.0,mlp,core6,10,42
2022-05-13,-0.0011751742858905345,1.0,0.0002,-0.0013751742858905346,0.9332056094949666,2.0,mlp,core6,10,42
2022-05-16,0.0026411936851218343,0.5,0.0001,0.0025411936851218344,0.9355770656967355,2.0,mlp,core6,10,42
2022-05-17,-0.00011876772623509169,1.0,0.0002,-0.00031876772623509167,0.9352788339227857,2.0,mlp,core6,10,42
2022-05-18,0.004273007623851299,0.5,0.0001,0.004173007623851299,0.9391817596271722,2.0,mlp,core6,10,42
2022-05-19,-0.0004354828561190516,1.0,0.0002,-0.0006354828561190516,0.9385849257201494,2.0,mlp,core6,10,42
2022-05-20,0.006643886546953581,1.0,0.0002,0.006443886546953582,0.9446330604961709,2.0,mlp,core6,10,42
2022-05-23,0.004073541262187064,0.5,0.0001,0.003973541262187063,0.9483865989396785,2.0,mlp,core6,10,42
2022-05-24,-0.0004531948361545801,1.5,0.00030000000000000003,-0.0007531948361545801,0.947672279050679,2.0,mlp,core6,10,42
2022-05-25,-0.0001200209662783891,1.0,0.0002,-0.0003200209662783891,0.9473690040522219,2.0,mlp,core6,10,42
2022-05-26,-0.004534262654487975,1.0,0.0002,-0.004734262654487975,0.942883910356318,2.0,mlp,core6,10,42
2022-05-27,-0.00019894297292921692,1.0,0.0002,-0.0003989429729292169,0.9425077534459934,2.0,mlp,core6,10,42
2022-05-30,-0.001095719519071281,1.0,0.0002,-0.001295719519071281,0.9412865277529774,2.0,mlp,core6,10,42
2022-05-31,0.005557590047828853,1.0,0.0002,0.0053575900478288535,0.9463295550862222,2.0,mlp,core6,10,42
2022-06-01,0.005200926621910185,1.0,0.0002,0.005000926621910185,0.9510620797513533,2.0,mlp,core6,10,42
2022-06-02,0.0010799674782902002,0.5,0.0001,0.0009799674782902002,0.9519940896593446,2.0,mlp,core6,10,42
2022-06-03,-0.0027248845290159807,1.5,0.00030000000000000003,-0.0030248845290159806,0.9491144174658195,2.0,mlp,core6,10,42
2022-06-06,0.002064171014353633,1.5,0.00030000000000000003,0.001764171014353633,0.9507888176104179,2.0,mlp,core6,10,42
2022-06-07,0.009099305549170822,0.5,0.0001,0.008999305549170823,0.9593452566928289,2.0,mlp,core6,10,42
2022-06-08,-0.0035649140081659425,0.5,0.0001,-0.0036649140081659423,0.9558293388229078,2.0,mlp,core6,10,42
2022-06-09,-0.002188529819250107,1.0,0.0002,-0.002388529819250107,0.9535463119450152,2.0,mlp,core6,10,42
2022-06-10,-0.008171280613169074,1.0,0.0002,-0.008371280613169075,0.945563908190071,2.0,mlp,core6,10,42
2022-06-13,-0.002206138684414327,1.0,0.0002,-0.0024061386844143272,0.9432887502919889,2.0,mlp,core6,10,42
2022-06-14,0.0039816200733184814,1.0,0.0002,0.0037816200733184814,0.9468559099650286,2.0,mlp,core6,10,42
2022-06-15,0.0010176817886531353,1.5,0.00030000000000000003,0.0007176817886531353,0.9475354512080891,2.0,mlp,core6,10,42
2022-06-16,0.006446178304031491,1.0,0.0002,0.006246178304031492,0.9534539265857258,2.0,mlp,core6,10,42
2022-06-17,0.0005926209851168096,1.0,0.0002,0.0003926209851168096,0.9538282726056454,2.0,mlp,core6,10,42
2022-06-20,0.00945991335902363,1.0,0.0002,0.00925991335902363,0.9626606397693609,2.0,mlp,core6,10,42
2022-06-21,0.002308717288542539,1.0,0.0002,0.002108717288542539,0.964690618903442,2.0,mlp,core6,10,42
2022-06-22,0.008437089607468806,1.5,0.00030000000000000003,0.008137089607468806,0.9725403929129439,2.0,mlp,core6,10,42
2022-06-23,0.002885152236558497,1.5,0.00030000000000000003,0.002585152236558497,0.9750545578848263,2.0,mlp,core6,10,42
2022-06-24,-0.0003725224523805082,1.0,0.0002,-0.0005725224523805082,0.9744963172581413,2.0,mlp,core6,10,42
2022-06-27,0.004160969125223346,1.0,0.0002,0.003960969125223346,0.9783562670834447,2.0,mlp,core6,10,42
2022-06-28,0.003810008871369064,1.0,0.0002,0.0036100088713690638,0.9818881418869755,2.0,mlp,core6,10,42
2022-06-29,0.000902429805137217,0.5,0.0001,0.000802429805137217,0.9826760381973364,2.0,mlp,core6,10,42
2022-06-30,0.008659759245347232,1.0,0.0002,0.008459759245347231,0.9909892408966575,2.0,mlp,core6,10,42
2022-07-01,-0.0028652788896579295,1.0,0.0002,-0.0030652788896579296,0.9879515824966589,2.0,mlp,core6,10,42
2022-07-04,0.004522792994976044,1.0,0.0002,0.004322792994976044,0.992222292676851,2.0,mlp,core6,10,42
2022-07-05,-0.0016382770845666528,1.0,0.0002,-0.0018382770845666529,0.990398313173427,2.0,mlp,core6,10,42
2022-07-06,-0.008649336596135981,1.0,0.0002,-0.008849336596135982,0.9816339451359101,2.0,mlp,core6,10,42
2022-07-07,-0.00029654284298885614,1.0,0.0002,-0.0004965428429888561,0.9811465218260179,2.0,mlp,core6,10,42
2022-07-08,5.933409556746483e-05,1.5,0.00030000000000000003,-0.0002406659044325352,0.9809103933109619,2.0,mlp,core6,10,42
2022-07-11,-0.00616241799434647,1.0,0.0002,-0.006362417994346469,0.9746694313737188,2.0,mlp,core6,10,42
2022-07-12,0.005020845841499977,1.0,0.0002,0.004820845841499977,0.9793681624487939,2.0,mlp,core6,10,42
2022-07-13,0.00438899765140377,1.0,0.0002,0.00418899765140377,0.9834707333811515,2.0,mlp,core6,10,42
2022-07-14,0.0019897606689482927,1.0,0.0002,0.0017897606689482926,0.9852309106188188,2.0,mlp,core6,10,42
2022-07-15,-0.0026128145400434732,0.5,0.0001,-0.002712814540043473,0.9825581618791919,2.0,mlp,core6,10,42
2022-07-18,-0.004423326477990486,1.0,0.0002,-0.004623326477990485,0.9780154747132102,2.0,mlp,core6,10,42
2022-07-19,0.001269860687898472,1.0,0.0002,0.0010698606878984719,0.9790618150217621,2.0,mlp,core6,10,42
2022-07-20,-0.00646345841960283,0.5,0.0001,-0.00656345841960283,0.972635783508646,2.0,mlp,core6,10,42
2022-07-21,-0.0020011223386973143,0.5,0.0001,-0.002101122338697314,0.9705921567364996,2.0,mlp,core6,10,42
2022-07-22,0.0014239012671168894,0.0,0.0,0.0014239012671168894,0.9719741841383304,2.0,mlp,core6,10,42
2022-07-25,0.0066424302058294415,0.5,0.0001,0.006542430205829441,0.9783332573999234,2.0,mlp,core6,10,42
2022-07-26,-0.006161487312056124,0.5,0.0001,-0.0062614873120561245,0.9722074361217512,2.0,mlp,core6,10,42
2022-07-27,-0.004684755898779258,0.5,0.0001,-0.004784755898779258,0.9675556608569306,2.0,mlp,core6,10,42
2022-07-28,-0.004327826900407672,1.0,0.0002,-0.004527826900407672,0.9631747363080608,2.0,mlp,core6,10,42
2022-07-29,-0.004392793518491089,1.0,0.0002,-0.004592793518491089,0.9587510736219709,2.0,mlp,core6,10,42
2022-08-01,0.003701075562275946,1.0,0.0002,0.003501075562275946,0.9621077335761345,2.0,mlp,core6,10,42
2022-08-02,0.0033401576802134514,0.5,0.0001,0.0032401576802134516,0.9652251143382741,2.0,mlp,core6,10,42
2022-08-03,-0.0039171886164695024,0.5,0.0001,-0.004017188616469503,0.9613476229966239,2.0,mlp,core6,10,42
2022-08-04,-0.005443296395242214,1.0,0.0002,-0.005643296395242214,0.9559224534211924,2.0,mlp,core6,10,42
2022-08-05,-0.000561958528123796,2.0,0.0004,-0.000961958528123796,0.9550028956648989,2.0,mlp,core6,10,42
2022-08-08,-0.0016418673912994564,1.0,0.0002,-0.0018418673912994564,0.9532439069727772,2.0,mlp,core6,10,42
2022-08-09,-0.007128661032766104,1.0,0.0002,-0.007328661032766103,0.946257905497024,2.0,mlp,core6,10,42
2022-08-10,0.0017707471270114183,1.0,0.0002,0.0015707471270114183,0.9477442373834953,2.0,mlp,core6,10,42
2022-08-11,0.002866974362405017,0.0,0.0,0.002866974362405017,0.9504613958141909,2.0,mlp,core6,10,42
2022-08-12,-0.002955145959276706,0.5,0.0001,-0.003055145959276706,0.9475575975213206,2.0,mlp,core6,10,42
2022-08-15,0.001295266905799508,1.0,0.0002,0.001095266905799508,0.9485954259992246,2.0,mlp,core6,10,42
2022-08-16,0.0009806266170926392,1.5,0.00030000000000000003,0.0006806266170926392,0.9492410652950121,2.0,mlp,core6,10,42
2022-08-17,0.006234957021661103,0.5,0.0001,0.0061349570216611025,0.9550646184337928,2.0,mlp,core6,10,42
2022-08-18,0.0004061204381287098,1.5,0.00030000000000000003,0.00010612043812870977,0.9551659703095422,2.0,mlp,core6,10,42
2022-08-19,0.0018861736170947552,0.5,0.0001,0.0017861736170947551,0.9568720625656558,2.0,mlp,core6,10,42
2022-08-22,-0.000867742267473659,0.0,0.0,-0.000867742267473659,0.956041744232403,2.0,mlp,core6,10,42
2022-08-23,0.0018844185979105532,0.5,0.0001,0.0017844185979105532,0.9577477229011901,2.0,mlp,core6,10,42
2022-08-24,0.0016570624429732561,1.0,0.0002,0.001457062442973256,0.9591432211380726,2.0,mlp,core6,10,42
2022-08-25,-0.0021388689056038857,1.0,0.0002,-0.0023388689056038857,0.956899910882132,2.0,mlp,core6,10,42
2022-08-26,0.007191567390691489,1.0,0.0002,0.006991567390691489,0.9635901410952111,2.0,mlp,core6,10,42
2022-08-29,-0.006023418449331075,1.0,0.0002,-0.006223418449331075,0.9575933164335256,2.0,mlp,core6,10,42
2022-08-30,0.004700659483205527,1.0,0.0002,0.004500659483205527,0.9619031178741865,2.0,mlp,core6,10,42
2022-08-31,0.0009763507841853425,1.5,0.00030000000000000003,0.0006763507841853425,0.9625537018022711,2.0,mlp,core6,10,42
2022-09-01,-0.004284652466594707,1.0,0.0002,-0.004484652466594707,0.9582369829692536,2.0,mlp,core6,10,42
2022-09-02,-0.001144230380305089,0.5,0.0001,-0.001244230380305089,0.9570447154035114,2.0,mlp,core6,10,42
2022-09-05,0.012522020610049367,0.5,0.0001,0.012422020610049368,0.9689331445829927,2.0,mlp,core6,10,42
2022-09-06,0.0009320846293121576,1.0,0.0002,0.0007320846293121576,0.969642485644973,2.0,mlp,core6,10,42
2022-09-07,0.0031794385868124664,0.0,0.0,0.0031794385868124664,0.9727254043792454,2.0,mlp,core6,10,42
2022-09-08,0.0017421117518097162,1.0,0.0002,0.0015421117518097161,0.9742254556566224,2.0,mlp,core6,10,42
2022-09-09,0.0024628045393910725,1.0,0.0002,0.0022628045393910724,0.9764299374400726,2.0,mlp,core6,10,42
2022-09-12,0.0013037016615271568,1.0,0.0002,0.0011037016615271567,0.97750762478439,2.0,mlp,core6,10,42
2022-09-13,-0.006861745554488152,0.5,0.0001,-0.0069617455544881525,0.970702465423069,2.0,mlp,core6,10,42
2022-09-14,0.001586149308423046,1.0,0.0002,0.001386149308423046,0.9720480039741998,2.0,mlp,core6,10,42
2022-09-15,0.00016973656602203846,1.5,0.00030000000000000003,-0.00013026343397796157,0.9719213816632107,2.0,mlp,core6,10,42
2022-09-16,-0.0017472830950282514,1.5,0.00030000000000000003,-0.0020472830950282513,0.9699315834488351,2.0,mlp,core6,10,42
2022-09-19,-0.0020992077770642936,0.5,0.0001,-0.0021992077770642935,0.9677985023672941,2.0,mlp,core6,10,42
2022-09-20,0.003048188518732786,0.5,0.0001,0.0029481885187327863,0.9706517548004202,2.0,mlp,core6,10,42
2022-09-21,-0.013527663424611092,0.5,0.0001,-0.013627663424611091,0.957424039383492,2.0,mlp,core6,10,42
2022-09-22,0.014985590940341353,0.5,0.0001,0.014885590940341354,0.971675861990204,2.0,mlp,core6,10,42
2022-09-23,-0.006275733234360814,0.5,0.0001,-0.006375733234360814,0.9654807159038868,2.0,mlp,core6,10,42
2022-09-26,0.0034126628597732633,0.5,0.0001,0.0033126628597732635,0.968679028013289,2.0,mlp,core6,10,42
2022-09-27,-0.0003126184456050396,0.0,0.0,-0.0003126184456050396,0.9683762010812612,2.0,mlp,core6,10,42
2022-09-28,-0.0032573898643022403,1.0,0.0002,-0.0034573898643022404,0.9650281470188113,2.0,mlp,core6,10,42
2022-09-29,0.0,1.0,0.0002,-0.0002,0.9648351413894076,2.0,mlp,core6,10,42
2022-09-30,-0.00636552379000932,0.0,0.0,-0.00636552379000932,0.9586934603434564,2.0,mlp,core6,10,42
2022-10-03,-0.0025329807540401816,1.5,0.00030000000000000003,-0.0028329807540401816,0.9559775002212793,2.0,mlp,core6,10,42
2022-10-04,-5.691999103873968e-05,1.0,0.0002,-0.00025691999103873966,0.9557318904904892,2.0,mlp,core6,10,42
2022-10-05,-0.008348911767825484,1.5,0.00030000000000000003,-0.008648911767825484,0.9474658496959399,2.0,mlp,core6,10,42
2022-10-06,-0.005130875535542145,1.0,0.0002,-0.005330875535542145,0.9424150271770342,2.0,mlp,core6,10,42
2022-10-07,0.001032893153023906,2.0,0.0004,0.0006328931530239061,0.9430114751950414,2.0,mlp,core6,10,42
2022-10-10,-0.005809391557704657,1.5,0.00030000000000000003,-0.006109391557704657,0.9372502488496662,2.0,mlp,core6,10,42
2022-10-11,0.007914843772596214,1.5,0.00030000000000000003,0.007614843772596214,0.9443872630704834,2.0,mlp,core6,10,42
2022-10-12,-0.010953953838907182,2.0,0.0004,-0.011353953838907182,0.9336647336795293,2.0,mlp,core6,10,42
2022-10-13,0.005752742988988757,1.5,0.00030000000000000003,0.005452742988988757,0.9387557675101664,2.0,mlp,core6,10,42
2022-10-14,0.007671282743103802,0.5,0.0001,0.007571282743103802,0.9458633528527053,2.0,mlp,core6,10,42
2022-10-17,-0.0003414946550037712,1.0,0.0002,-0.0005414946550037712,0.9453511729027716,2.0,mlp,core6,10,42
2022-10-18,-0.003255001734942198,1.0,0.0002,-0.003455001734942198,0.9420849829602629,2.0,mlp,core6,10,42
2022-10-19,0.006306890514679253,0.5,0.0001,0.006206890514679253,0.9479324013050208,2.0,mlp,core6,10,42
2022-10-20,-0.004063837695866823,0.5,0.0001,-0.0041638376958668235,0.9439853646393334,2.0,mlp,core6,10,42
2022-10-21,-0.003975012572482228,1.5,0.00030000000000000003,-0.004275012572482228,0.939949815337261,2.0,mlp,core6,10,42
2022-10-24,-0.00027592526748776436,0.5,0.0001,-0.00037592526748776435,0.9395964644515052,2.0,mlp,core6,10,42
2022-10-25,-0.0022218108642846346,0.5,0.0001,-0.0023218108642846344,0.9374148991722984,2.0,mlp,core6,10,42
2022-10-26,-0.0010354594269301742,1.0,0.0002,-0.0012354594269301743,0.9362567610981711,2.0,mlp,core6,10,42
2022-10-27,-0.007921240874566138,1.5,0.00030000000000000003,-0.008221240874566138,0.928559568744742,2.0,mlp,core6,10,42
2022-10-28,-0.0026893556787399575,1.5,0.00030000000000000003,-0.0029893556787399574,0.9257837739248665,2.0,mlp,core6,10,42
2022-10-31,-0.0030026304739294574,1.0,0.0002,-0.0032026304739294575,0.9228188305982253,2.0,mlp,core6,10,42
2022-11-01,-0.00219661455048481,1.0,0.0002,-0.00239661455048481,0.9206071895613522,2.0,mlp,core6,10,42
2022-11-02,0.0028019812889397144,1.0,0.0002,0.0026019812889397143,0.9230025922430543,2.0,mlp,core6,10,42
2022-11-03,0.00595795689150691,1.5,0.00030000000000000003,0.00565795689150691,0.9282249011207147,2.0,mlp,core6,10,42
2022-11-04,-0.00043479411397129297,1.5,0.00030000000000000003,-0.000734794113971293,0.9275428469269296,2.0,mlp,core6,10,42
2022-11-07,-0.0048588900826871395,1.0,0.0002,-0.005058890082687139,0.9228505096173435,2.0,mlp,core6,10,42
2022-11-08,0.008618651801953092,1.0,0.0002,0.008418651801953092,0.9306196667230668,2.0,mlp,core6,10,42
2022-11-09,-0.010306420736014843,0.5,0.0001,-0.010406420736014842,0.9209352469259368,2.0,mlp,core6,10,42
2022-11-10,0.0027943216264247894,1.5,0.00030000000000000003,0.0024943216264247895,0.923232355628881,2.0,mlp,core6,10,42
2022-11-11,0.0074828764190897346,2.0,0.0004,0.007082876419089734,0.9297714963099054,2.0,mlp,core6,10,42
2022-11-14,-0.008276345426565968,1.5,0.00030000000000000003,-0.008576345426565967,0.9217974547897766,2.0,mlp,core6,10,42
2022-11-15,-0.004363823274616152,1.0,0.0002,-0.004563823274616152,0.9175905341111251,2.0,mlp,core6,10,42
2022-11-16,-0.004350238363258541,1.0,0.0002,-0.00455023836325854,0.9134152784610498,2.0,mlp,core6,10,42
2022-11-17,-0.0008878879889380187,1.0,0.0002,-0.0010878879889380188,0.9124215849506995,2.0,mlp,core6,10,42
2022-11-18,0.008136648684740067,1.0,0.0002,0.007936648684740066,0.9196631545228269,2.0,mlp,core6,10,42
2022-11-21,0.00015485216863453388,1.0,0.0002,-4.514783136546613e-05,0.9196216337258135,2.0,mlp,core6,10,42
2022-11-22,-0.0015247310511767864,1.0,0.0002,-0.0017247310511767865,0.9180355337387927,2.0,mlp,core6,10,42
2022-11-23,-0.003583887795684859,0.5,0.0001,-0.003683887795684859,0.9146535938400473,2.0,mlp,core6,10,42
2022-11-24,0.0012477027485147119,1.5,0.00030000000000000003,0.0009477027485147118,0.9155204135648684,2.0,mlp,core6,10,42
2022-11-25,0.0009889001375995576,1.5,0.00030000000000000003,0.0006889001375995576,0.9161511157037484,2.0,mlp,core6,10,42
2022-11-28,-0.0024691422004252672,1.0,0.0002,-0.0026691422004252673,0.9137057780988569,2.0,mlp,core6,10,42
2022-11-29,-0.00436058291234076,0.5,0.0001,-0.0044605829123407605,0.9096301177181622,2.0,mlp,core6,10,42
2022-11-30,-0.006672701798379421,1.0,0.0002,-0.006872701798379421,0.9033785011722605,2.0,mlp,core6,10,42
2022-12-01,-0.003334423734486336,0.0,0.0,-0.003334423734486336,0.900366254456727,2.0,mlp,core6,10,42
2022-12-02,0.0018348717130720615,1.0,0.0002,0.0016348717130720614,0.901838237777543,2.0,mlp,core6,10,42
2022-12-05,0.0011880189122166485,0.5,0.0001,0.0010880189122166484,0.9028194548360051,2.0,mlp,core6,10,42
2022-12-06,-0.004159364598308457,0.0,0.0,-0.004159364598308457,0.8990642995568962,2.0,mlp,core6,10,42
2022-12-07,-0.002952400012873113,1.0,0.0002,-0.0031524000128731132,0.8962300892473992,2.0,mlp,core6,10,42
2022-12-08,0.0036410109605640173,1.0,0.0002,0.003441010960564017,0.8993140268076868,2.0,mlp,core6,10,42
2022-12-09,0.002476770168868825,1.0,0.0002,0.0022767701688688247,0.9013615581563679,2.0,mlp,core6,10,42
2022-12-12,-0.004802351351827383,0.5,0.0001,-0.004902351351827383,0.8969427671032548,2.0,mlp,core6,10,42
2022-12-13,-0.002950516645796597,1.5,0.00030000000000000003,-0.003250516645796597,0.8940272397084589,2.0,mlp,core6,10,42
2022-12-14,0.0027505503967404366,1.0,0.0002,0.0025505503967404365,0.8963075012393941,2.0,mlp,core6,10,42
2022-12-15,-0.007077896676491946,1.0,0.0002,-0.007277896676491946,0.8897842678550091,2.0,mlp,core6,10,42
2022-12-16,0.0043524280190467834,0.5,0.0001,0.004252428019046783,0.8935680114065427,2.0,mlp,core6,10,42
2022-12-19,-0.017483464092947543,1.0,0.0002,-0.01768346409294754,0.8777666335622286,2.0,mlp,core6,10,42
2022-12-20,-0.0010594684135867283,0.5,0.0001,-0.0011594684135867283,0.8767488908761129,2.0,mlp,core6,10,42
2022-12-21,-0.0015938324431772344,0.0,0.0,-0.0015938324431772344,0.8753515000493148,2.0,mlp,core6,10,42
2022-12-22,-0.0005602606106549501,0.0,0.0,-0.0005602606106549501,0.8748610750833595,2.0,mlp,core6,10,42
2022-12-23,0.002401196070422884,1.0,0.0002,0.002201196070422884,0.876786815843999,2.0,mlp,core6,10,42
2022-12-26,0.008957143407315016,1.0,0.0002,0.008757143407315015,0.884464963727988,2.0,mlp,core6,10,42
2022-12-27,-0.0009832553041633219,1.0,0.0002,-0.001183255304163322,0.8834184158683103,2.0,mlp,core6,10,42
2022-12-28,-0.0010460851481184363,1.0,0.0002,-0.0012460851481184364,0.8823176013007225,2.0,mlp,core6,10,42
2022-12-29,0.0019140188815072179,1.0,0.0002,0.0017140188815072178,0.8838299103288381,2.0,mlp,core6,10,42
2022-12-30,-0.010658379818778485,1.0,0.0002,-0.010858379818778486,0.8742329494672906,2.0,mlp,core6,10,42
2023-01-02,-0.0023219786817207932,0.5,0.0001,-0.002421978681720793,0.8721155759008229,2.0,mlp,core6,10,42
2023-01-03,0.00644789868965745,1.0,0.0002,0.00624789868965745,0.8775644656647236,2.0,mlp,core6,10,42
2023-01-04,-0.0018494331743568182,0.0,0.0,-0.0018494331743568182,0.8759414688292865,2.0,mlp,core6,10,42
2023-01-05,0.0015223058871924877,1.0,0.0002,0.0013223058871924876,0.8770997313903555,2.0,mlp,core6,10,42
2023-01-06,0.003530668094754219,1.0,0.0002,0.003330668094754219,0.8800210594816148,2.0,mlp,core6,10,42
2023-01-09,-0.001192903786431998,1.0,0.0002,-0.001392903786431998,0.878795274815723,2.0,mlp,core6,10,42
2023-01-10,-0.0007430015321006067,1.0,0.0002,-0.0009430015321006067,0.8779665695251689,2.0,mlp,core6,10,42
2023-01-11,-0.007049948209896684,0.5,0.0001,-0.007149948209896684,0.8716891540230434,2.0,mlp,core6,10,42
2023-01-12,0.005990563047816977,2.0,0.0004,0.005590563047816977,0.8765623871967074,2.0,mlp,core6,10,42
2023-01-13,0.0011797772021964192,0.5,0.0001,0.0010797772021964192,0.8775088792787054,2.0,mlp,core6,10,42
2023-01-16,-0.001127414871007204,0.5,0.0001,-0.001227414871007204,0.8764318118308378,2.0,mlp,core6,10,42
2023-01-17,0.0018458844569977373,0.5,0.0001,0.0017458844569977372,0.8779619605087317,2.0,mlp,core6,10,42
2023-01-18,-0.0026106549630640075,1.0,0.0002,-0.0028106549630640076,0.8754943123670464,2.0,mlp,core6,10,42
2023-01-19,0.00344680726993829,1.0,0.0002,0.00324680726993829,0.8783368736652294,2.0,mlp,core6,10,42
2023-01-20,0.0034248796582687646,0.0,0.0,0.0034248796582687646,0.8813450717569529,2.0,mlp,core6,10,42
2023-01-23,-0.0031695384095655754,0.5,0.0001,-0.0032695384095655752,0.8784634801927622,2.0,mlp,core6,10,42
2023-01-24,-0.0045304648810997605,0.5,0.0001,-0.004630464881099761,0.874395785898401,2.0,mlp,core6,10,42
2023-01-25,0.0010794992485898547,0.5,0.0001,0.0009794992485898546,0.8752522559136586,2.0,mlp,core6,10,42
2023-01-26,0.002311724136234261,1.0,0.0002,0.002111724136234261,0.877100547227765,2.0,mlp,core6,10,42
2023-01-27,-0.00056700618006289,0.5,0.0001,-0.0006670061800628901,0.8765155157422275,2.0,mlp,core6,10,42
2023-01-30,0.0024148464726749808,0.5,0.0001,0.002314846472674981,0.8785445145920883,2.0,mlp,core6,10,42
2023-01-31,-0.008310816716402769,1.0,0.0002,-0.00851081671640277,0.871067383251194,2.0,mlp,core6,10,42
2023-02-01,0.0005695238942280412,1.0,0.0002,0.0003695238942280412,0.8713892634627881,2.0,mlp,core6,10,42
2023-02-02,0.006896128412336111,1.0,0.0002,0.006696128412336111,0.8772241978680659,2.0,mlp,core6,10,42
2023-02-03,-0.0019998126663267612,0.5,0.0001,-0.002099812666326761,0.8753821913861742,2.0,mlp,core6,10,42
2023-02-06,-0.0011953710345551372,0.5,0.0001,-0.0012953710345551372,0.8742482466512872,2.0,mlp,core6,10,42
2023-02-07,-0.0014835135953035206,1.0,0.0002,-0.0016835135953035207,0.8727764378423795,2.0,mlp,core6,10,42
2023-02-08,0.002595946963992901,1.0,0.0002,0.002395946963992901,0.8748675638988724,2.0,mlp,core6,10,42
2023-02-09,0.005558582408411894,1.0,0.0002,0.005358582408411894,0.8795556138364711,2.0,mlp,core6,10,42
2023-02-10,0.004324286070186645,1.0,0.0002,0.004124286070186645,0.8831831528025713,2.0,mlp,core6,10,42
2023-02-13,0.0036214795836713165,0.0,0.0,0.0036214795836713165,0.8863815825590883,2.0,mlp,core6,10,42
2023-02-14,0.003018487128429115,2.0,0.0004,0.0026184871284291146,0.8887025613238959,2.0,mlp,core6,10,42
2023-02-15,0.0013556950143538415,1.0,0.0002,0.0011556950143538415,0.8897296304432615,2.0,mlp,core6,10,42
2023-02-16,-0.0020859588985331357,1.0,0.0002,-0.0022859588985331357,0.8876957450772611,2.0,mlp,core6,10,42
2023-02-17,0.0012700034421868622,0.0,0.0,0.0012700034421868622,0.8888231217291239,2.0,mlp,core6,10,42
2023-02-20,0.002245520241558552,1.0,0.0002,0.0020455202415585517,0.8906412274157861,2.0,mlp,core6,10,42
2023-02-21,-0.00038926315028220415,1.0,0.0002,-0.0005892631502822041,0.8901164053603479,2.0,mlp,core6,10,42
2023-02-22,-0.001068603633029852,1.0,0.0002,-0.0012686036330298522,0.8889872004546883,2.0,mlp,core6,10,42
2023-02-23,-0.00360759231261909,1.5,0.00030000000000000003,-0.00390759231261909,0.8855134009041747,2.0,mlp,core6,10,42
2023-02-24,-0.0009623568330425769,1.5,0.00030000000000000003,-0.0012623568330425768,0.8843955670117926,2.0,mlp,core6,10,42
2023-02-27,-0.0003261340534663759,1.5,0.00030000000000000003,-0.0006261340534663759,0.8838418168305519,2.0,mlp,core6,10,42
2023-02-28,0.0009748355369083583,1.0,0.0002,0.0007748355369083584,0.8845266488792378,2.0,mlp,core6,10,42
2023-03-01,-0.0006018440471962094,1.0,0.0002,-0.0008018440471962094,0.8838173964512476,2.0,mlp,core6,10,42
2023-03-02,-0.003715530998306349,0.5,0.0001,-0.0038155309983063487,0.8804451637782454,2.0,mlp,core6,10,42
2023-03-03,0.0033822997647803277,0.5,0.0001,0.003282299764780328,0.8833350487322168,2.0,mlp,core6,10,42
2023-03-06,-0.0030859243124723434,0.5,0.0001,-0.0031859243124723433,0.8805208101244019,2.0,mlp,core6,10,42
2023-03-07,-0.0026916691567748785,0.5,0.0001,-0.0027916691567748783,0.8780626873368792,2.0,mlp,core6,10,42
2023-03-08,-0.0029433188028633595,0.0,0.0,-0.0029433188028633595,0.8754782689191478,2.0,mlp,core6,10,42
2023-03-09,0.00037434743717312813,0.5,0.0001,0.00027434743717312814,0.8757184541385266,2.0,mlp,core6,10,42
2023-03-10,-0.005653844913467765,1.0,0.0002,-0.0058538449134677645,0.8705921341201379,2.0,mlp,core6,10,42
2023-03-13,0.0052614346641348675,1.0,0.0002,0.005061434664134868,0.8749985793260967,2.0,mlp,core6,10,42
2023-03-14,-0.011519511928781867,0.5,0.0001,-0.011619511928781866,0.86483152289595,2.0,mlp,core6,10,42
2023-03-15,0.0016010559629648924,1.0,0.0002,0.0014010559629648923,0.8660432002580634,2.0,mlp,core6,10,42
2023-03-16,-0.005609167681541294,1.0,0.0002,-0.0058091676815412935,0.8610122100883056,2.0,mlp,core6,10,42
2023-03-17,-0.0036536166444420815,1.0,0.0002,-0.0038536166444420815,0.8576941991044416,2.0,mlp,core6,10,42
2023-03-20,0.003230998874641955,1.0,0.0002,0.003030998874641955,0.860293869256714,2.0,mlp,core6,10,42
2023-03-21,-0.0028436250577215105,2.0,0.0004,-0.0032436250577215107,0.8575033985053888,2.0,mlp,core6,10,42
2023-03-22,0.001348145150586788,2.0,0.0004,0.0009481451505867881,0.8583164361942934,2.0,mlp,core6,10,42
2023-03-23,0.002599389525130391,2.0,0.0004,0.002199389525130391,0.8602042083733065,2.0,mlp,core6,10,42
2023-03-24,-0.0014310282422229648,1.5,0.00030000000000000003,-0.0017310282422229647,0.8587151705945333,2.0,mlp,core6,10,42
2023-03-27,-0.008572756545618176,1.5,0.00030000000000000003,-0.008872756545618176,0.851095999943819,2.0,mlp,core6,10,42
2023-03-28,-0.00042076618410646915,1.0,0.0002,-0.0006207661841064691,0.8505676683276256,2.0,mlp,core6,10,42
2023-03-29,0.004880485823377967,1.5,0.00030000000000000003,0.004580485823377967,0.854463681474224,2.0,mlp,core6,10,42
2023-03-30,0.00022379709116648883,2.0,0.0004,-0.0001762029088335112,0.8543131224880557,2.0,mlp,core6,10,42
2023-03-31,0.00189361214870587,1.5,0.00030000000000000003,0.00159361214870587,0.8556745662588515,2.0,mlp,core6,10,42
2023-04-03,-0.008538238442270085,0.5,0.0001,-0.008638238442270085,0.8482830453265215,2.0,mlp,core6,10,42
2023-04-04,0.001526056556031108,2.0,0.0004,0.001126056556031108,0.8492382600110815,2.0,mlp,core6,10,42
2023-04-05,0.004568317614030093,1.5,0.00030000000000000003,0.004268317614030093,0.852863078634795,2.0,mlp,core6,10,42
2023-04-06,-0.000804443952802103,0.5,0.0001,-0.0009044439528021031,0.8520917117807556,2.0,mlp,core6,10,42
2023-04-07,-0.0028469269163906574,0.0,0.0,-0.0028469269163906574,0.8496658689512536,2.0,mlp,core6,10,42
2023-04-10,0.003035553585505113,1.5,0.00030000000000000003,0.002735553585505113,0.8519901754655446,2.0,mlp,core6,10,42
2023-04-11,0.0004731274675577879,1.5,0.00030000000000000003,0.00017312746755778787,0.852137678367007,2.0,mlp,core6,10,42
2023-04-12,-0.0027938857674598694,1.5,0.00030000000000000003,-0.0030938857674598693,0.8495012617319911,2.0,mlp,core6,10,42
2023-04-13,0.004943933570757508,0.5,0.0001,0.004843933570757508,0.8536161894120956,2.0,mlp,core6,10,42
2023-04-14,-0.002424361649900675,0.0,0.0,-0.002424361649900675,0.8515467150587506,2.0,mlp,core6,10,42
2023-04-17,0.00030339579097926617,0.5,0.0001,0.00020339579097926618,0.8517199160764157,2.0,mlp,core6,10,42
2023-04-18,-0.00036033394280821085,1.0,0.0002,-0.0005603339428082108,0.8512426684976724,2.0,mlp,core6,10,42
2023-04-19,-0.0009593164431862533,0.0,0.0,-0.0009593164431862533,0.8504260574086409,2.0,mlp,core6,10,42
2023-04-20,-0.007920053525594994,0.5,0.0001,-0.008020053525594994,0.8436055949086628,2.0,mlp,core6,10,42
2023-04-21,-0.00040146363608073443,0.5,0.0001,-0.0005014636360807345,0.8431825573796219,2.0,mlp,core6,10,42
2023-04-24,-0.004251604783348739,0.0,0.0,-0.004251604783348739,0.8395976783854304,2.0,mlp,core6,10,42
2023-04-25,0.005051650281529874,2.0,0.0004,0.004651650281529873,0.8435031931624639,2.0,mlp,core6,10,42
2023-04-26,-0.0033013909705914557,0.5,0.0001,-0.0034013909705914555,0.8406341090175761,2.0,mlp,core6,10,42
2023-04-27,0.005691731290426105,0.5,0.0001,0.005591731290426105,0.8453347090687692,2.0,mlp,core6,10,42
2023-04-28,0.0010761671874206513,1.0,0.0002,0.0008761671874206513,0.846075363603243,2.0,mlp,core6,10,42
2023-05-01,-0.006865546805784106,0.5,0.0001,-0.0069655468057841065,0.8401819860568438,2.0,mlp,core6,10,42
2023-05-02,0.0001335377455689013,0.5,0.0001,3.3537745568901296e-05,0.8402101638665238,2.0,mlp,core6,10,42
2023-05-03,-0.006300199820543639,1.0,0.0002,-0.006500199820543639,0.8347486299101398,2.0,mlp,core6,10,42
2023-05-04,-0.0030175416031852365,0.5,0.0001,-0.0031175416031852363,0.832146266328193,2.0,mlp,core6,10,42
2023-05-05,-0.003789358161156997,0.5,0.0001,-0.003889358161156997,0.8289097514559731,2.0,mlp,core6,10,42
2023-05-08,0.0015444568998645991,1.0,0.0002,0.001344456899864599,0.8300241848906832,2.0,mlp,core6,10,42
2023-05-09,0.0011761894056689925,1.0,0.0002,0.0009761894056689926,0.8308344457064225,2.0,mlp,core6,10,42
2023-05-10,-0.004414724768139422,2.0,0.0004,-0.004814724768139422,0.8268342065224564,2.0,mlp,core6,10,42
2023-05-11,0.002131871646270156,1.0,0.0002,0.0019318716462701558,0.8284315440822034,2.0,mlp,core6,10,42
2023-05-12,0.0068186596618033946,1.5,0.00030000000000000003,0.006518659661803395,0.8338318073711776,2.0,mlp,core6,10,42
2023-05-15,-0.002385721047176048,1.0,0.0002,-0.0025857210471760483,0.831675750917053,2.0,mlp,core6,10,42
2023-05-16,-0.0016263932193396613,2.0,0.0004,-0.0020263932193396615,0.8299904488147055,2.0,mlp,core6,10,42
2023-05-17,0.0011958024697378278,1.0,0.0002,0.0009958024697378277,0.830816955353494,2.0,mlp,core6,10,42
2023-05-18,-0.0006996528245508671,1.5,0.00030000000000000003,-0.000999652824550867,0.8299864268373901,2.0,mlp,core6,10,42
2023-05-19,0.002257133601233363,1.5,0.00030000000000000003,0.0019571336012333632,0.8316108211619212,2.0,mlp,core6,10,42
2023-05-22,0.00011968413309659809,0.0,0.0,0.00011968413309659809,0.8317103517821257,2.0,mlp,core6,10,42
2023-05-23,-0.00044896628241986036,1.0,0.0002,-0.0006489662824198603,0.8311705998070795,2.0,mlp,core6,10,42
2023-05-24,0.002174503984861076,0.0,0.0,0.002174503984861076,0.8329779835884594,2.0,mlp,core6,10,42
2023-05-25,0.005070478247944266,1.0,0.0002,0.004870478247944266,0.8370349847385435,2.0,mlp,core6,10,42
2023-05-26,-0.00041780037281569093,0.5,0.0001,-0.000517800372815691,0.8366015677113862,2.0,mlp,core6,10,42
2023-05-29,-0.0022347310004988685,2.0,0.0004,-0.0026347310004988687,0.834397347625871,2.0,mlp,core6,10,42
2023-05-30,0.0033472462091594934,1.5,0.00030000000000000003,0.0030472462091594935,0.8369399617803567,2.0,mlp,core6,10,42
2023-05-31,-0.007097594905644655,1.5,0.00030000000000000003,-0.007397594905644655,0.8307486189827599,2.0,mlp,core6,10,42
2023-06-01,-0.008675303601194173,0.0,0.0,-0.008675303601194173,0.8235416224968116,2.0,mlp,core6,10,42
2023-06-02,-0.005666133685735986,2.0,0.0004,-0.006066133685735986,0.818545908918978,2.0,mlp,core6,10,42
2023-06-05,0.0006179769843583927,1.0,0.0002,0.0004179769843583927,0.8188880422695469,2.0,mlp,core6,10,42
2023-06-06,0.0025928242248483002,0.5,0.0001,0.0024928242248483004,0.8209293862187551,2.0,mlp,core6,10,42
2023-06-07,-0.0015119640156626701,0.5,0.0001,-0.0016119640156626702,0.8196060775887705,2.0,mlp,core6,10,42
2023-06-08,0.005099482659716159,1.0,0.0002,0.0048994826597161594,0.8236217233537146,2.0,mlp,core6,10,42
2023-06-09,0.0006795090448576957,1.5,0.00030000000000000003,0.00037950904485769567,0.8239342952472687,2.0,mlp,core6,10,42
2023-06-12,0.006674988893792033,1.5,0.00030000000000000003,0.006374988893792033,0.8291868672286844,2.0,mlp,core6,10,42
2023-06-13,-0.006322845467366278,2.0,0.0004,-0.006722845467366278,0.8236123720567364,2.0,mlp,core6,10,42
2023-06-14,-0.002075044671073556,1.5,0.00030000000000000003,-0.002375044671073556,0.8216562558814529,2.0,mlp,core6,10,42
2023-06-15,0.0020764331420650706,0.5,0.0001,0.0019764331420650707,0.823280204536962,2.0,mlp,core6,10,42
2023-06-16,-0.00046287088480312377,1.0,0.0002,-0.0006628708848031238,0.8227344760593398,2.0,mlp,core6,10,42
2023-06-19,-0.00905515078920871,0.5,0.0001,-0.00915515078920871,0.8152022178715359,2.0,mlp,core6,10,42
2023-06-20,0.0015071473899297416,0.5,0.0001,0.0014071473899297416,0.8163493275446788,2.0,mlp,core6,10,42
2023-06-21,0.0011592076625674963,1.5,0.00030000000000000003,0.0008592076625674963,0.8170507411422371,2.0,mlp,core6,10,42
2023-06-22,0.0035905379336327314,1.0,0.0002,0.0033905379336327313,0.8198209826737826,2.0,mlp,core6,10,42
2023-06-23,0.0009374368455610238,0.5,0.0001,0.0008374368455610238,0.8205075309714377,2.0,mlp,core6,10,42
2023-06-26,-0.0043184582609683275,0.5,0.0001,-0.004418458260968328,0.8168821526930302,2.0,mlp,core6,10,42
2023-06-27,0.0025571055011823773,1.0,0.0002,0.0023571055011823772,0.8188076301089606,2.0,mlp,core6,10,42
2023-06-28,0.0031467090593650937,1.5,0.00030000000000000003,0.002846709059365094,0.8211385372074691,2.0,mlp,core6,10,42
2023-06-29,0.0,1.5,0.00030000000000000003,-0.00030000000000000003,0.8208921956463069,2.0,mlp,core6,10,42
2023-06-30,-0.0005220342427492142,2.0,0.0004,-0.0009220342427492141,0.8201353049323155,2.0,mlp,core6,10,42
2023-07-03,0.0028793805395253003,1.5,0.00030000000000000003,0.0025793805395253003,0.8222507459776356,2.0,mlp,core6,10,42
2023-07-04,-0.0009401467686984688,1.5,0.00030000000000000003,-0.0012401467686984687,0.8212310343719516,2.0,mlp,core6,10,42
2023-07-05,-3.397907130420208e-05,1.0,0.0002,-0.0002339790713042021,0.821038883497203,2.0,mlp,core6,10,42
2023-07-06,-0.002664630301296711,0.5,0.0001,-0.002764630301296711,0.8187690145213439,2.0,mlp,core6,10,42
2023-07-07,-0.0037120021443115547,0.0,0.0,-0.0037120021443115547,0.8157297421837448,2.0,mlp,core6,10,42
2023-07-10,0.006911244796356186,1.0,0.0002,0.006711244796356187,0.8212043041712085,2.0,mlp,core6,10,42
2023-07-11,-0.005917636677622795,1.0,0.0002,-0.006117636677622795,0.816180474600189,2.0,mlp,core6,10,42
2023-07-12,-0.00732910365331918,1.5,0.00030000000000000003,-0.00762910365331918,0.809953749159649,2.0,mlp,core6,10,42
2023-07-13,0.0026622781297191978,2.0,0.0004,0.0022622781297191976,0.811786089812457,2.0,mlp,core6,10,42
2023-07-14,-0.0008929950417950749,0.5,0.0001,-0.000992995041795075,0.810979990250275,2.0,mlp,core6,10,42
2023-07-17,0.0037544043734669685,0.5,0.0001,0.0036544043734669687,0.8139436390734398,2.0,mlp,core6,10,42
2023-07-18,0.005972522572847083,1.0,0.0002,0.0057725225728470836,0.8186421471030165,2.0,mlp,core6,10,42
2023-07-19,-0.008025263552553952,0.5,0.0001,-0.008125263552553951,0.8119904639025759,2.0,mlp,core6,10,42
2023-07-20,0.007315629627555609,0.5,0.0001,0.0072156296275556085,0.8178494863512039,2.0,mlp,core6,10,42
2023-07-21,-0.006672378280200064,0.5,0.0001,-0.0067723782802000644,0.8123107002533663,2.0,mlp,core6,10,42
2023-07-24,-0.002567967021605,0.5,0.0001,-0.0026679670216049997,0.8101434820937934,2.0,mlp,core6,10,42
2023-07-25,0.003636101959273219,0.5,0.0001,0.0035361019592732193,0.8130082320481177,2.0,mlp,core6,10,42
2023-07-26,0.010863518808037043,1.5,0.00030000000000000003,0.010563518808037043,0.821596459798447,2.0,mlp,core6,10,42
2023-07-27,0.002962487342301756,1.0,0.0002,0.002762487342301756,0.8238661096191201,2.0,mlp,core6,10,42
2023-07-28,0.008033493591938168,1.0,0.0002,0.007833493591938167,0.8303198595094365,2.0,mlp,core6,10,42
2023-07-31,0.011236992111662403,1.5,0.00030000000000000003,0.010936992111662403,0.8394010612630479,2.0,mlp,core6,10,42
2023-08-01,0.0009200996719300747,0.5,0.0001,0.0008200996719300746,0.8400894537980075,2.0,mlp,core6,10,42
2023-08-02,-0.003953890278353356,0.5,0.0001,-0.004053890278353356,0.8366838233283086,2.0,mlp,core6,10,42
2023-08-03,-0.007211848635051865,0.5,0.0001,-0.007311848635051865,0.8305661178567355,2.0,mlp,core6,10,42
2023-08-04,0.002849567521479912,1.0,0.0002,0.002649567521479912,0.8327667588670504,2.0,mlp,core6,10,42
2023-08-07,0.0005468341987580061,1.5,0.00030000000000000003,0.00024683419875800607,0.8329723141827277,2.0,mlp,core6,10,42
2023-08-08,0.002638850943185389,0.0,0.0,0.002638850943185389,0.835170403959656,2.0,mlp,core6,10,42
2023-08-09,-0.004435008340806235,1.0,0.0002,-0.004635008340806234,0.8312993821713085,2.0,mlp,core6,10,42
2023-08-10,0.00420426506025251,0.5,0.0001,0.00410426506025251,0.8347112551801638,2.0,mlp,core6,10,42
2023-08-11,0.003170889671309851,1.5,0.00030000000000000003,0.002870889671309851,0.8371076191011866,2.0,mlp,core6,10,42
2023-08-14,-1.3747107004746795e-05,1.0,0.0002,-0.0002137471070047468,0.8369286897693521,2.0,mlp,core6,10,42
2023-08-15,0.0033031298080459237,0.0,0.0,0.0033031298080459237,0.839693173871738,2.0,mlp,core6,10,42
2023-08-16,0.00043242931133136153,0.0,0.0,0.00043242931133136153,0.840056281812645,2.0,mlp,core6,10,42
2023-08-17,-0.0036051627321285196,0.5,0.0001,-0.0037051627321285194,0.8369437365843824,2.0,mlp,core6,10,42
2023-08-18,0.002627620742714498,0.5,0.0001,0.0025276207427144984,0.8390592129334581,2.0,mlp,core6,10,42
2023-08-21,-0.0051462684641592205,0.5,0.0001,-0.005246268464159221,0.834657283045083,2.0,mlp,core6,10,42
2023-08-22,-0.0009850157075561583,0.5,0.0001,-0.0010850157075561583,0.833751666782553,2.0,mlp,core6,10,42
2023-08-23,0.001438685692846775,0.5,0.0001,0.001338685692846775,0.8348677982102619,2.0,mlp,core6,10,42
2023-08-24,-0.0016392266188631766,2.0,0.0004,-0.0020392266188631767,0.8331653135729199,2.0,mlp,core6,10,42
2023-08-25,-0.0011359742929926142,1.5,0.00030000000000000003,-0.0014359742929926141,0.831968909600816,2.0,mlp,core6,10,42
2023-08-28,0.001471052411943674,1.0,0.0002,0.001271052411943674,0.8330263856900263,2.0,mlp,core6,10,42
2023-08-29,0.0010713257070165128,0.0,0.0,0.0010713257070165128,0.8339188282716391,2.0,mlp,core6,10,42
2023-08-30,-0.0017481172690168023,0.0,0.0,-0.0017481172690168023,0.8324610403669792,2.0,mlp,core6,10,42
2023-08-31,0.0005970648489892483,0.5,0.0001,0.0004970648489892482,0.8328748274882987,2.0,mlp,core6,10,42
2023-09-01,-9.782947017811239e-05,1.0,0.0002,-0.00029782947017811237,0.8326267728197032,2.0,mlp,core6,10,42
2023-09-04,-0.0027699110796675086,1.0,0.0002,-0.0029699110796675087,0.8301539453418781,2.0,mlp,core6,10,42
2023-09-05,0.0017542542395858618,1.5,0.00030000000000000003,0.0014542542395858619,0.8313612002364005,2.0,mlp,core6,10,42
2023-09-06,-0.0034875016135629267,0.5,0.0001,-0.0035875016135629265,0.8283786905890987,2.0,mlp,core6,10,42
2023-09-07,0.0012338820670265704,0.0,0.0,0.0012338820670265704,0.8294008122001236,2.0,mlp,core6,10,42
2023-09-08,-0.0026487422874197364,1.0,0.0002,-0.0028487422874197365,0.8270380630331888,2.0,mlp,core6,10,42
2023-09-11,0.0006460557924583554,1.5,0.00030000000000000003,0.0003460557924583554,0.827324264345485,2.0,mlp,core6,10,42
2023-09-12,-0.001174801742308773,0.5,0.0001,-0.0012748017423087731,0.8262695899318431,2.0,mlp,core6,10,42
2023-09-13,-0.00012010562932118773,1.0,0.0002,-0.0003201056293211877,0.826005096384769,2.0,mlp,core6,10,42
2023-09-14,-0.0018161547341151163,1.0,0.0002,-0.0020161547341151164,0.8243397422992897,2.0,mlp,core6,10,42
2023-09-15,-5.067135498393327e-05,1.0,0.0002,-0.00025067135498393325,0.8241331039391205,2.0,mlp,core6,10,42
2023-09-18,0.0025724668412294704,1.5,0.00030000000000000003,0.0022724668412294705,0.8260059190905817,2.0,mlp,core6,10,42
2023-09-19,0.0022549773566424847,0.5,0.0001,0.002154977356642485,0.8277859431426746,2.0,mlp,core6,10,42
2023-09-20,-0.005638559714498115,0.5,0.0001,-0.005738559714498115,0.8230356440771283,2.0,mlp,core6,10,42
2023-09-21,0.0018476637051207945,0.0,0.0,0.0018476637051207945,0.8245563371647103,2.0,mlp,core6,10,42
2023-09-22,0.0023689038353040814,0.5,0.0001,0.0022689038353040816,0.8264271762005276,2.0,mlp,core6,10,42
2023-09-25,-0.000687324209138751,1.5,0.00030000000000000003,-0.000987324209138751,0.8256112246423747,2.0,mlp,core6,10,42
2023-09-26,0.0023542012786492705,1.5,0.00030000000000000003,0.0020542012786492706,0.8273071962757023,2.0,mlp,core6,10,42
2023-09-27,-0.006414430099539459,1.0,0.0002,-0.006614430099539458,0.8218350306550907,2.0,mlp,core6,10,42
2023-09-28,0.0,0.5,0.0001,-0.0001,0.8217528471520251,2.0,mlp,core6,10,42
2023-09-29,-0.0035810942063108087,1.0,0.0002,-0.0037810942063108087,0.8186457222226392,2.0,mlp,core6,10,42
2023-10-02,-0.004667551664169878,0.5,0.0001,-0.004767551664169878,0.8147427864472911,2.0,mlp,core6,10,42
2023-10-03,-0.00021012237994000316,0.5,0.0001,-0.00031012237994000315,0.8144901164753192,2.0,mlp,core6,10,42
2023-10-04,0.0009851382346823812,1.5,0.00030000000000000003,0.0006851382346823811,0.8150481547958874,2.0,mlp,core6,10,42
2023-10-05,-0.0006741237593814731,0.5,0.0001,-0.0007741237593814731,0.8144172066542199,2.0,mlp,core6,10,42
2023-10-06,0.003881914890371263,0.5,0.0001,0.003781914890371263,0.8174972632150401,2.0,mlp,core6,10,42
2023-10-09,-0.0008639762090751901,1.0,0.0002,-0.0010639762090751902,0.8166274655759953,2.0,mlp,core6,10,42
2023-10-10,0.0027938074490521103,0.5,0.0001,0.0026938074490521105,0.8188273027258645,2.0,mlp,core6,10,42
2023-10-11,0.004863109905272722,0.5,0.0001,0.004763109905272722,0.8227274671621858,2.0,mlp,core6,10,42
2023-10-12,-0.0004602371482178569,1.5,0.00030000000000000003,-0.0007602371482178569,0.82210199917879,2.0,mlp,core6,10,42
2023-10-13,0.003943602143408498,0.5,0.0001,0.003843602143408498,0.825261832184934,2.0,mlp,core6,10,42
2023-10-16,-0.00509140663780272,1.5,0.00030000000000000003,-0.00539140663780272,0.8208125100649669,2.0,mlp,core6,10,42
2023-10-17,0.0018028459817287512,0.5,0.0001,0.0017028459817287512,0.8222102273494838,2.0,mlp,core6,10,42
2023-10-18,0.0021299507352523506,1.0,0.0002,0.0019299507352523505,0.823797052582289,2.0,mlp,core6,10,42
2023-10-19,-0.0014527785533573478,1.5,0.00030000000000000003,-0.0017527785533573478,0.8223531187762038,2.0,mlp,core6,10,42
2023-10-20,0.00019421169417910278,1.0,0.0002,-5.788305820897231e-06,0.8223483587448596,2.0,mlp,core6,10,42
2023-10-23,-0.003892699140124023,1.0,0.0002,-0.004092699140124023,0.8189827343241421,2.0,mlp,core6,10,42
2023-10-24,0.0014173821546137333,1.0,0.0002,0.0012173821546137332,0.8199797492898452,2.0,mlp,core6,10,42
2023-10-25,0.002833132282830775,1.5,0.00030000000000000003,0.002533132282830775,0.8220568664640387,2.0,mlp,core6,10,42
2023-10-26,-0.009034718968905509,0.5,0.0001,-0.009134718968905508,0.8145476080124306,2.0,mlp,core6,10,42
2023-10-27,0.0014209039800334722,1.0,0.0002,0.001220903980033472,0.8155420924289798,2.0,mlp,core6,10,42
2023-10-30,0.006500827148556709,1.0,0.0002,0.00630082714855671,0.8206806821857471,2.0,mlp,core6,10,42
2023-10-31,0.0012479155557230115,0.5,0.0001,0.0011479155557230114,0.8216227543071095,2.0,mlp,core6,10,42
2023-11-01,-0.0015829537296667695,1.5,0.00030000000000000003,-0.0018829537296667694,0.8200756766775079,2.0,mlp,core6,10,42
2023-11-02,-0.0014470776077359915,1.5,0.00030000000000000003,-0.0017470776077359914,0.8186429408261358,2.0,mlp,core6,10,42
2023-11-03,0.0016838081937748939,0.5,0.0001,0.0015838081937748938,0.8199395142235921,2.0,mlp,core6,10,42
2023-11-06,0.00315606061485596,0.5,0.0001,0.00305606061485596,0.822445299079575,2.0,mlp,core6,10,42
2023-11-07,0.0028850913658970967,1.0,0.0002,0.0026850913658970966,0.8246536398510562,2.0,mlp,core6,10,42
2023-11-08,0.0009385905068484135,1.0,0.0002,0.0007385905068484135,0.8252627212008882,2.0,mlp,core6,10,42
2023-11-09,-4.1512364987283945e-05,1.0,0.0002,-0.00024151236498728395,0.8250634100493551,2.0,mlp,core6,10,42
2023-11-10,-0.002519539775676094,2.0,0.0004,-0.002919539775676094,0.8226546046062612,2.0,mlp,core6,10,42
2023-11-13,-0.006238332483917475,1.5,0.00030000000000000003,-0.006538332483917475,0.8172758152819198,2.0,mlp,core6,10,42
2023-11-14,0.0028187346761114895,2.0,0.0004,0.0024187346761114894,0.8192525886362896,2.0,mlp,core6,10,42
2023-11-15,0.0016439763676316943,1.0,0.0002,0.0014439763676316942,0.8204355700134015,2.0,mlp,core6,10,42
2023-11-16,0.0010204102145507932,1.0,0.0002,0.0008204102145507932,0.8211086637354214,2.0,mlp,core6,10,42
2023-11-17,0.002218162757344544,2.0,0.0004,0.001818162757344544,0.8226015729275581,2.0,mlp,core6,10,42
2023-11-20,-0.0015455274260602891,2.0,0.0004,-0.0019455274260602891,0.8210011790067072,2.0,mlp,core6,10,42
2023-11-21,-0.0011261124163866043,1.5,0.00030000000000000003,-0.0014261124163866042,0.8198303390314577,2.0,mlp,core6,10,42
2023-11-22,-0.0032813657890073955,1.5,0.00030000000000000003,-0.0035813657890073954,0.8168942267024601,2.0,mlp,core6,10,42
2023-11-23,0.002452032844303176,2.0,0.0004,0.0020520328443031756,0.8185705204859752,2.0,mlp,core6,10,42
2023-11-24,0.0002489727921783924,1.5,0.00030000000000000003,-5.102720782160762e-05,0.8185287511179098,2.0,mlp,core6,10,42
2023-11-27,-0.0038455737521871924,1.0,0.0002,-0.004045573752187192,0.8152173326869766,2.0,mlp,core6,10,42
2023-11-28,0.002429344276606571,1.0,0.0002,0.002229344276606571,0.8170347327817928,2.0,mlp,core6,10,42
2023-11-29,-0.0009440325666218996,1.0,0.0002,-0.0011440325666218997,0.8161000184394293,2.0,mlp,core6,10,42
2023-11-30,-0.005192265365622006,0.0,0.0,-0.005192265365622006,0.8118626105788027,2.0,mlp,core6,10,42
2023-12-01,-0.0007109838770702481,1.5,0.00030000000000000003,-0.001010983877070248,0.8110418305691114,2.0,mlp,core6,10,42
2023-12-04,-0.0031399064464494586,0.0,0.0,-0.0031399064464494586,0.8084952350969673,2.0,mlp,core6,10,42
2023-12-05,0.0011699743729423062,1.5,0.00030000000000000003,0.0008699743729423062,0.8091986052321477,2.0,mlp,core6,10,42
2023-12-06,0.0014564974699169397,0.5,0.0001,0.0013564974699169397,0.8102962810928055,2.0,mlp,core6,10,42
2023-12-07,0.0018227137043140829,0.5,0.0001,0.0017227137043140828,0.8116921896007988,2.0,mlp,core6,10,42
2023-12-08,-0.001212257464430877,1.0,0.0002,-0.001412257464430877,0.8105458712472149,2.0,mlp,core6,10,42
2023-12-11,-0.004866993360337801,0.5,0.0001,-0.0049669933603378015,0.8065198952864807,2.0,mlp,core6,10,42
2023-12-12,-0.004214316140860319,0.5,0.0001,-0.004314316140860319,0.8030403134843213,2.0,mlp,core6,10,42
2023-12-13,-0.006497760070487857,1.0,0.0002,-0.0066977600704878565,0.7976617421376739,2.0,mlp,core6,10,42
2023-12-14,0.003220339240215253,1.0,0.0002,0.003020339240215253,0.8000709511978709,2.0,mlp,core6,10,42
2023-12-15,0.0001238082186318934,0.5,0.0001,2.380821863189339e-05,0.800089999461998,2.0,mlp,core6,10,42
2023-12-18,0.005120698129758239,0.0,0.0,0.005120698129758239,0.8041870188258813,2.0,mlp,core6,10,42
2023-12-19,0.00451871647965163,1.0,0.0002,0.00431871647965163,0.8076600745568066,2.0,mlp,core6,10,42
2023-12-20,-0.003982107969932258,1.5,0.00030000000000000003,-0.004282107969932258,0.8042015869145508,2.0,mlp,core6,10,42
2023-12-21,0.0021368410671129823,0.5,0.0001,0.0020368410671129824,0.8058396177330158,2.0,mlp,core6,10,42
2023-12-22,-5.600909935310483e-05,1.5,0.00030000000000000003,-0.00035600909935310486,0.8055527314964837,2.0,mlp,core6,10,42
2023-12-25,0.002651425136718899,1.0,0.0002,0.002451425136718899,0.8075274837114267,2.0,mlp,core6,10,42
2023-12-26,-0.006813159823650494,0.5,0.0001,-0.0069131598236504945,0.8019449171545393,2.0,mlp,core6,10,42
2023-12-27,0.0030505373142659664,1.5,0.00030000000000000003,0.0027505373142659665,0.8041506965731589,2.0,mlp,core6,10,42
2023-12-28,0.003756462232558988,0.5,0.0001,0.003656462232558988,0.8070910432244646,2.0,mlp,core6,10,42
2023-12-29,-8.20435889181681e-06,1.0,0.0002,-0.00020820435889181682,0.8069230033512427,2.0,mlp,core6,10,42
2024-01-01,-0.0012527855578809977,0.0,0.0,-0.0012527855578809977,0.8059121018663222,2.0,mlp,core6,10,42
2024-01-02,-0.004446446953807026,0.5,0.0001,-0.004546446953807026,0.8022480652457559,2.0,mlp,core6,10,42
2024-01-03,0.004319314582971856,1.0,0.0002,0.004119314582971856,0.8055527774000837,2.0,mlp,core6,10,42
2024-01-04,-0.0006277162028709427,1.0,0.0002,-0.0008277162028709426,0.804886008313962,2.0,mlp,core6,10,42
2024-01-05,-0.0006341561092995107,1.5,0.00030000000000000003,-0.0009341561092995107,0.8041341191320058,2.0,mlp,core6,10,42
2024-01-08,3.5140314139425755e-05,1.0,0.0002,-0.00016485968586057426,0.804001549833736,2.0,mlp,core6,10,42
2024-01-09,0.004332591197453439,1.0,0.0002,0.00413259119745344,0.8073241595613178,2.0,mlp,core6,10,42
2024-01-10,-0.005884604383027181,0.5,0.0001,-0.005984604383027181,0.8024926438574833,2.0,mlp,core6,10,42
2024-01-11,0.002739474264672026,1.0,0.0002,0.002539474264672026,0.804530553274148,2.0,mlp,core6,10,42
2024-01-12,-0.0027897076215595007,1.5,0.00030000000000000003,-0.0030897076215595006,0.8020447890919195,2.0,mlp,core6,10,42
2024-01-15,-0.004119030432775617,1.0,0.0002,-0.004319030432775616,0.7985807332393824,2.0,mlp,core6,10,42
2024-01-16,0.0071290049236267805,1.5,0.00030000000000000003,0.006829004923626781,0.8040342449985877,2.0,mlp,core6,10,42
2024-01-17,-0.002821451438649092,1.0,0.0002,-0.003021451438649092,0.8016048945723135,2.0,mlp,core6,10,42
2024-01-18,0.0004811550952581456,0.5,0.0001,0.0003811550952581456,0.8019104303622636,2.0,mlp,core6,10,42
2024-01-19,-0.0023977496020961553,0.0,0.0,-0.0023977496020961553,0.7999876499469457,2.0,mlp,core6,10,42
2024-01-22,0.0020629342179745436,1.5,0.00030000000000000003,0.0017629342179745437,0.8013979755489943,2.0,mlp,core6,10,42
2024-01-23,0.0011828604619950056,1.5,0.00030000000000000003,0.0008828604619950056,0.8021054981359294,2.0,mlp,core6,10,42
2024-01-24,-0.0029391496209427714,1.0,0.0002,-0.0031391496209427715,0.7995875689654999,2.0,mlp,core6,10,42
2024-01-25,-3.202032530680299e-06,0.5,0.0001,-0.0001032020325306803,0.7995050499031964,2.0,mlp,core6,10,42
2024-01-26,0.0017057823133654892,0.5,0.0001,0.0016057823133654892,0.8007888809717774,2.0,mlp,core6,10,42
2024-01-29,0.0006712767790304497,1.0,0.0002,0.0004712767790304497,0.8011662741762852,2.0,mlp,core6,10,42
2024-01-30,0.0012822580465581268,0.5,0.0001,0.0011822580465581268,0.8021134594505611,2.0,mlp,core6,10,42
2024-01-31,0.004476021509617567,0.0,0.0,0.004476021509617567,0.8057037365482156,2.0,mlp,core6,10,42
2024-02-01,-0.0031545041128993034,0.0,0.0,-0.0031545041128993034,0.8031621407974959,2.0,mlp,core6,10,42
2024-02-02,0.0033331279119011015,0.0,0.0,0.0033331279119011015,0.8058391829467703,2.0,mlp,core6,10,42
2024-02-05,-0.0031911387341096997,0.5,0.0001,-0.0032911387341096996,0.8031870543983108,2.0,mlp,core6,10,42
2024-02-06,-0.002954757452243939,0.5,0.0001,-0.003054757452243939,0.8007335127583417,2.0,mlp,core6,10,42
2024-02-07,-0.0012157674063928425,1.0,0.0002,-0.0014157674063928426,0.799599860349772,2.0,mlp,core6,10,42
2024-02-08,-0.0017427302373107523,1.0,0.0002,-0.0019427302373107524,0.7980464535233212,2.0,mlp,core6,10,42
2024-02-09,0.00391788333945442,2.0,0.0004,0.0035178833394544197,0.8008538878462815,2.0,mlp,core6,10,42
2024-02-12,-0.0035158065147697926,2.0,0.0004,-0.003915806514769793,0.7977178989748743,2.0,mlp,core6,10,42
2024-02-13,0.0027240367489866912,1.0,0.0002,0.002524036748986691,0.7997313682672114,2.0,mlp,core6,10,42
2024-02-14,0.0012070134980604053,2.0,0.0004,0.0008070134980604053,0.8003767622762253,2.0,mlp,core6,10,42
2024-02-15,-0.001014232577290386,2.0,0.0004,-0.001414232577290386,0.7992448433849081,2.0,mlp,core6,10,42
2024-02-16,-0.0013420560862869024,1.5,0.00030000000000000003,-0.0016420560862869023,0.7979324385253945,2.0,mlp,core6,10,42
2024-02-19,-0.0009422058355994523,1.0,0.0002,-0.0011422058355994523,0.7970210354376968,2.0,mlp,core6,10,42
2024-02-20,0.0007134023762773722,2.0,0.0004,0.0003134023762773722,0.797270823724146,2.0,mlp,core6,10,42
2024-02-21,0.001170880175777711,1.5,0.00030000000000000003,0.000870880175777711,0.7979651510792534,2.0,mlp,core6,10,42
2024-02-22,-0.00018672775331651792,2.0,0.0004,-0.0005867277533165179,0.7974969627789358,2.0,mlp,core6,10,42
2024-02-23,-0.0015369573957286775,1.0,0.0002,-0.0017369573957286776,0.7961117445313658,2.0,mlp,core6,10,42
2024-02-26,-0.0005433966362033971,1.5,0.00030000000000000003,-0.0008433966362033971,0.795440306563986,2.0,mlp,core6,10,42
2024-02-27,-0.0019410039640206378,2.0,0.0004,-0.002341003964020638,0.793578177653178,2.0,mlp,core6,10,42
2024-02-28,-0.0034453236003173515,2.0,0.0004,-0.0038453236003173517,0.7905266127579514,2.0,mlp,core6,10,42
2024-02-29,-0.000438056536950171,0.5,0.0001,-0.000538056536950171,0.7901012647463239,2.0,mlp,core6,10,42
2024-03-01,0.0008589179487898946,0.0,0.0,0.0008589179487898946,0.7907798969039761,2.0,mlp,core6,10,42
2024-03-04,0.002691156176297227,0.0,0.0,0.002691156176297227,0.7929080091076209,2.0,mlp,core6,10,42
2024-03-05,-0.0037124312948435545,0.5,0.0001,-0.0038124312948435543,0.789885101799767,2.0,mlp,core6,10,42
2024-03-06,0.0016727664042264223,1.0,0.0002,0.0014727664042264222,0.7910484180408967,2.0,mlp,core6,10,42
2024-03-07,-3.503219340927899e-05,0.5,0.0001,-0.00013503219340927898,0.7909416010379157,2.0,mlp,core6,10,42
2024-03-08,0.0007285644678631797,1.0,0.0002,0.0005285644678631798,0.7913596646643791,2.0,mlp,core6,10,42
2024-03-11,0.001267745770746842,0.5,0.0001,0.001167745770746842,0.7922837715659306,2.0,mlp,core6,10,42
2024-03-12,-0.0005428141739685088,0.0,0.0,-0.0005428141739685088,0.7918537087049193,2.0,mlp,core6,10,42
2024-03-13,-0.00012700119987130165,1.0,0.0002,-0.00032700119987130163,0.7915947715920503,2.0,mlp,core6,10,42
2024-03-14,-0.0004718646960100159,1.0,0.0002,-0.0006718646960100159,0.7910629270114715,2.0,mlp,core6,10,42
2024-03-15,-0.0018108731019310653,1.0,0.0002,-0.0020108731019310654,0.7894721998496093,2.0,mlp,core6,10,42
2024-03-18,0.006918058730661869,1.0,0.0002,0.006718058730661869,0.7947759204544238,2.0,mlp,core6,10,42
2024-03-19,0.001422050700057298,1.5,0.00030000000000000003,0.001122050700057298,0.7956676993323584,2.0,mlp,core6,10,42
2024-03-20,-0.001989528303965926,0.5,0.0001,-0.002089528303965926,0.794005129154052,2.0,mlp,core6,10,42
2024-03-21,0.004436879913555458,1.0,0.0002,0.0042368799135554585,0.7973692335370248,2.0,mlp,core6,10,42
2024-03-22,-0.0008418665966019034,0.5,0.0001,-0.0009418665966019035,0.7966182180907982,2.0,mlp,core6,10,42
2024-03-25,-0.002139978634659201,0.5,0.0001,-0.0022399786346592007,0.7948338103022946,2.0,mlp,core6,10,42
2024-03-26,-0.002353156276512891,1.0,0.0002,-0.002553156276512891,0.7928044753707366,2.0,mlp,core6,10,42
2024-03-27,0.0039170375966932625,1.0,0.0002,0.0037170375966932624,0.7957513594125163,2.0,mlp,core6,10,42
2024-03-28,-0.0003538171004038304,0.0,0.0,-0.0003538171004038304,0.7954698089738865,2.0,mlp,core6,10,42
2024-03-29,0.003920490096788853,1.0,0.0002,0.0037204900967888533,0.7984293465204684,2.0,mlp,core6,10,42
2024-04-01,-0.004862804446020164,0.5,0.0001,-0.004962804446020164,0.7944668978097237,2.0,mlp,core6,10,42
2024-04-02,-0.0038259505381574854,0.0,0.0,-0.0038259505381574854,0.7914273067545002,2.0,mlp,core6,10,42
2024-04-03,0.0018433838849887252,2.0,0.0004,0.0014433838849887252,0.7925696401752097,2.0,mlp,core6,10,42
2024-04-04,0.0007045595557428896,2.0,0.0004,0.0003045595557428896,0.7928110248327168,2.0,mlp,core6,10,42
2024-04-05,0.001893850858323276,1.5,0.00030000000000000003,0.0015938508583232761,0.7940746473651347,2.0,mlp,core6,10,42
2024-04-08,0.0004702110236394219,1.0,0.0002,0.00027021102363942193,0.7942892150884453,2.0,mlp,core6,10,42
2024-04-09,-0.0014078039675951004,1.0,0.0002,-0.0016078039675951005,0.7930121537370081,2.0,mlp,core6,10,42
2024-04-10,0.0005961115821264684,1.0,0.0002,0.00039611158212646844,0.7933262750358704,2.0,mlp,core6,10,42
2024-04-11,-0.0022957071487326175,1.0,0.0002,-0.0024957071487326176,0.791346364979986,2.0,mlp,core6,10,42
2024-04-12,0.002090278547257185,1.0,0.0002,0.0018902785472571849,0.7928422300371576,2.0,mlp,core6,10,42
2024-04-15,0.004181287775281817,0.0,0.0,0.004181287775281817,0.7961573315613392,2.0,mlp,core6,10,42
2024-04-16,-0.000785422045737505,0.5,0.0001,-0.000885422045737505,0.7954523963080993,2.0,mlp,core6,10,42
2024-04-17,-0.0015950065208016895,1.5,0.00030000000000000003,-0.0018950065208016894,0.7939450088301081,2.0,mlp,core6,10,42
2024-04-18,0.0011507750750752166,1.0,0.0002,0.0009507750750752166,0.7946998719554842,2.0,mlp,core6,10,42
2024-04-19,0.001126985516748391,0.5,0.0001,0.001026985516748391,0.7955160172141443,2.0,mlp,core6,10,42
2024-04-22,0.0019312670920044184,1.0,0.0002,0.0017312670920044183,0.7968932679159096,2.0,mlp,core6,10,42
2024-04-23,0.002272878948133439,0.5,0.0001,0.002172878948133439,0.7986248205216734,2.0,mlp,core6,10,42
2024-04-24,0.003709884127601981,0.5,0.0001,0.0036098841276019813,0.8015077635851836,2.0,mlp,core6,10,42
2024-04-25,-0.007710991798376199,1.0,0.0002,-0.0079109917983762,0.7951670422411264,2.0,mlp,core6,10,42
2024-04-26,-0.005268667475320399,1.0,0.0002,-0.0054686674753203985,0.7908185380997756,2.0,mlp,core6,10,42
2024-04-29,0.002475781599059701,0.5,0.0001,0.002375781599059701,0.7926973502307884,2.0,mlp,core6,10,42
2024-04-30,-0.004215093562379479,0.0,0.0,-0.004215093562379479,0.7893560567329153,2.0,mlp,core6,10,42
2024-05-01,-0.010097130598296644,0.0,0.0,-0.010097130598296644,0.7813858255395266,2.0,mlp,core6,10,42
2024-05-02,-0.0001691446523182094,0.5,0.0001,-0.0002691446523182094,0.7811755197231854,2.0,mlp,core6,10,42
2024-05-03,-0.0019786748744081706,1.5,0.00030000000000000003,-0.0022786748744081705,0.7793954746938895,2.0,mlp,core6,10,42
2024-05-06,-0.0007726735202595592,1.0,0.0002,-0.0009726735202595591,0.7786373773538446,2.0,mlp,core6,10,42
2024-05-07,0.001525500018033199,1.0,0.0002,0.001325500018033199,0.7796694612115685,2.0,mlp,core6,10,42
2024-05-08,0.0018210043053841218,1.0,0.0002,0.0016210043053841217,0.780933308764969,2.0,mlp,core6,10,42
2024-05-09,0.0008824596734484658,1.5,0.00030000000000000003,0.0005824596734484657,0.7813881709249774,2.0,mlp,core6,10,42
2024-05-10,0.003504595748381689,0.5,0.0001,0.0034045957483816894,0.7840484817695443,2.0,mlp,core6,10,42
2024-05-13,0.001588745042681694,1.0,0.0002,0.001388745042681694,0.7851373252118239,2.0,mlp,core6,10,42
2024-05-14,-0.004351863404735923,0.0,0.0,-0.004351863404735923,0.7817205148185423,2.0,mlp,core6,10,42
2024-05-15,-0.0001552835456095636,1.0,0.0002,-0.00035528354560956357,0.7814427823823619,2.0,mlp,core6,10,42
2024-05-16,0.00026638363488018513,1.0,0.0002,6.638363488018512e-05,0.7814946573947074,2.0,mlp,core6,10,42
2024-05-17,0.0016419512394350022,2.0,0.0004,0.0012419512394350022,0.7824652356530706,2.0,mlp,core6,10,42
2024-05-20,-0.0003832651800621534,1.5,0.00030000000000000003,-0.0006832651800621534,0.7819306044029397,2.0,mlp,core6,10,42
2024-05-21,0.0005386525299400091,1.5,0.00030000000000000003,0.0002386525299400091,0.782117214119918,2.0,mlp,core6,10,42
2024-05-22,-0.0016081455396488309,1.0,0.0002,-0.001808145539648831,0.7807030323677245,2.0,mlp,core6,10,42
2024-05-23,0.0021236073516774923,1.0,0.0002,0.0019236073516774922,0.782204798460264,2.0,mlp,core6,10,42
2024-05-24,0.0013423101408989169,0.5,0.0001,0.0012423101408989168,0.7831765394136511,2.0,mlp,core6,10,42
2024-05-27,0.0016605792043264955,0.5,0.0001,0.0015605792043264955,0.7843987484343764,2.0,mlp,core6,10,42
2024-05-28,0.0005361447692848742,0.0,0.0,0.0005361447692848742,0.7848192997203831,2.0,mlp,core6,10,42
2024-05-29,0.0033251988934352994,0.5,0.0001,0.0032251988934352996,0.787350498057388,2.0,mlp,core6,10,42
2024-05-30,0.0,1.0,0.0002,-0.0002,0.7871930279577766,2.0,mlp,core6,10,42
2024-05-31,0.00101201405050233,1.0,0.0002,0.0008120140505023301,0.7878322397569357,2.0,mlp,core6,10,42
2024-06-03,-0.0007872030837461352,0.5,0.0001,-0.0008872030837461353,0.7871332725643487,2.0,mlp,core6,10,42
2024-06-04,-0.0036814397026319057,1.0,0.0002,-0.0038814397026319058,0.7840780622289549,2.0,mlp,core6,10,42
2024-06-05,0.00059323018649593,0.5,0.0001,0.0004932301864959299,0.7844647931978155,2.0,mlp,core6,10,42
2024-06-06,0.003957349574193358,1.0,0.0002,0.0037573495741933583,0.787412301654507,2.0,mlp,core6,10,42
2024-06-07,-0.001915296248625964,0.5,0.0001,-0.0020152962486259638,0.7858254325968608,2.0,mlp,core6,10,42
2024-06-10,0.0008800098148640245,1.0,0.0002,0.0006800098148640245,0.7863598016037964,2.0,mlp,core6,10,42
2024-06-11,-0.0009657589835114777,0.5,0.0001,-0.0010657589835114778,0.7855217315809648,2.0,mlp,core6,10,42
2024-06-12,0.0045470897312043235,1.0,0.0002,0.004347089731204324,0.7889364650339583,2.0,mlp,core6,10,42
2024-06-13,0.00248325418215245,1.0,0.0002,0.00228325418215245,0.7907378075171997,2.0,mlp,core6,10,42
2024-06-14,-0.0016361500602215528,1.0,0.0002,-0.001836150060221553,0.7892858942443075,2.0,mlp,core6,10,42
2024-06-17,-0.0022923735377844423,0.5,0.0001,-0.002392373537784442,0.7873976275571709,2.0,mlp,core6,10,42
2024-06-18,-0.0007731677615083754,0.0,0.0,-0.0007731677615083754,0.7867888370960555,2.0,mlp,core6,10,42
2024-06-19,-0.002592541044577956,0.5,0.0001,-0.002692541044577956,0.7846703758587587,2.0,mlp,core6,10,42
2024-06-20,-0.0026596300886012614,0.0,0.0,-0.0026596300886012614,0.7825834429174906,2.0,mlp,core6,10,42
2024-06-21,-0.0005513863870874047,1.0,0.0002,-0.0007513863870874047,0.7819954203717224,2.0,mlp,core6,10,42
2024-06-24,0.0008141281286953017,0.5,0.0001,0.0007141281286953017,0.7825538652979208,2.0,mlp,core6,10,42
2024-06-25,0.0039882881683297455,1.0,0.0002,0.0037882881683297454,0.7855184048469096,2.0,mlp,core6,10,42
2024-06-26,-0.0030976783018559217,1.0,0.0002,-0.003297678301855922,0.7829280178475375,2.0,mlp,core6,10,42
2024-06-27,-0.0005271910922601819,0.5,0.0001,-0.000627191092260182,0.7824369723688627,2.0,mlp,core6,10,42
2024-06-28,-0.0005649074446409941,0.5,0.0001,-0.0006649074446409941,0.7819167242009722,2.0,mlp,core6,10,42
2024-07-01,0.0013806050810671877,0.5,0.0001,0.0012806050810671877,0.7829180507309554,2.0,mlp,core6,10,42
2024-07-02,0.001494541356805712,0.0,0.0,0.001494541356805712,0.7840881541367626,2.0,mlp,core6,10,42
2024-07-03,0.00027360027888789773,1.0,0.0002,7.360027888789772e-05,0.7841458632435797,2.0,mlp,core6,10,42
2024-07-04,-0.002558372332714498,2.0,0.0004,-0.0029583723327144982,0.7818260678169474,2.0,mlp,core6,10,42
2024-07-05,0.0026592095382511616,1.0,0.0002,0.0024592095382511615,0.7837487419401763,2.0,mlp,core6,10,42
2024-07-08,-0.00018377506057731807,1.0,0.0002,-0.00038377506057731805,0.7834479587192609,2.0,mlp,core6,10,42
2024-07-09,-0.0005325172969605774,2.0,0.0004,-0.0009325172969605773,0.7827173799464867,2.0,mlp,core6,10,42
2024-07-10,-0.00944618065841496,1.5,0.00030000000000000003,-0.00974618065841496,0.775088874957047,2.0,mlp,core6,10,42
2024-07-11,-0.003522610495565459,1.5,0.00030000000000000003,-0.003822610495565459,0.7721260120886402,2.0,mlp,core6,10,42
2024-07-12,0.0006116432195995003,2.0,0.0004,0.00021164321959950028,0.7722894273237751,2.0,mlp,core6,10,42
2024-07-15,0.0031269544415408745,0.5,0.0001,0.0030269544415408747,0.7746271122359679,2.0,mlp,core6,10,42
2024-07-16,-0.012731107184663415,1.5,0.00030000000000000003,-0.013031107184663415,0.7645328633082747,2.0,mlp,core6,10,42
2024-07-17,-0.0022695844527333975,1.5,0.00030000000000000003,-0.0025695844527333974,0.7625683315491141,2.0,mlp,core6,10,42
2024-07-18,0.0018382392008788884,0.5,0.0001,0.0017382392008788883,0.7638938577163615,2.0,mlp,core6,10,42
2024-07-19,0.005406602576840669,0.5,0.0001,0.005306602576840669,0.767947538830152,2.0,mlp,core6,10,42
2024-07-22,0.00035112129990011454,1.0,0.0002,0.00015112129990011453,0.7680635920604751,2.0,mlp,core6,10,42
2024-07-23,-0.006027193216141313,2.0,0.0004,-0.0064271932161413135,0.7631270989520189,2.0,mlp,core6,10,42
2024-07-24,0.00843524857191369,1.5,0.00030000000000000003,0.00813524857191369,0.769335327593957,2.0,mlp,core6,10,42
2024-07-25,-0.001402769994456321,1.0,0.0002,-0.001602769994456321,0.7681022600152142,2.0,mlp,core6,10,42
2024-07-26,0.0018803892889991403,1.0,0.0002,0.0016803892889991402,0.7693929708257998,2.0,mlp,core6,10,42
2024-07-29,0.0032866125839063898,1.5,0.00030000000000000003,0.00298661258390639,0.7716908495544373,2.0,mlp,core6,10,42
2024-07-30,0.011409438971895725,0.5,0.0001,0.011309438971895725,0.7804182401226436,2.0,mlp,core6,10,42
2024-07-31,0.0034191074082627892,1.0,0.0002,0.003219107408262789,0.7829304902609658,2.0,mlp,core6,10,42
2024-08-01,0.019218448840547353,1.0,0.0002,0.019018448840547354,0.7978206137356987,2.0,mlp,core6,10,42
2024-08-02,0.004227069846820086,1.0,0.0002,0.004027069846820087,0.8010334930724452,2.0,mlp,core6,10,42
2024-08-05,0.00837780610891059,1.0,0.0002,0.00817780610891059,0.807584189665535,2.0,mlp,core6,10,42
2024-08-06,0.003297562478110194,1.5,0.00030000000000000003,0.0029975624781101943,0.8100049737303915,2.0,mlp,core6,10,42
2024-08-07,0.003184896893799305,1.5,0.00030000000000000003,0.002884896893799305,0.8123417545630683,2.0,mlp,core6,10,42
2024-08-08,0.0033618365341681056,1.5,0.00030000000000000003,0.0030618365341681057,0.8148290122254198,2.0,mlp,core6,10,42
2024-08-09,-0.0014602807495975867,0.5,0.0001,-0.0015602807495975867,0.8135576502034308,2.0,mlp,core6,10,42
2024-08-12,0.00021716907212976366,1.5,0.00030000000000000003,-8.283092787023637e-05,0.8134902624683886,2.0,mlp,core6,10,42
2024-08-13,0.00013728502381127328,1.0,0.0002,-6.271497618872673e-05,0.8134392444459482,2.0,mlp,core6,10,42
2024-08-14,-0.0008173780515789986,1.5,0.00030000000000000003,-0.0011173780515789985,0.8125303252879112,2.0,mlp,core6,10,42
2024-08-15,-0.002462609438225627,0.0,0.0,-0.002462609438225627,0.8105293804400127,2.0,mlp,core6,10,42
2024-08-16,0.0006724888226017356,1.0,0.0002,0.0004724888226017356,0.8109123465126609,2.0,mlp,core6,10,42
2024-08-19,0.007566887623397633,0.5,0.0001,0.007466887623397633,0.8169673378764966,2.0,mlp,core6,10,42
2024-08-20,-0.000335115531925112,1.0,0.0002,-0.000535115531925112,0.8165301659649233,2.0,mlp,core6,10,42
2024-08-21,-8.971634088084102e-06,1.5,0.00030000000000000003,-0.00030897163408808413,0.816277881305263,2.0,mlp,core6,10,42
2024-08-22,-0.0033198173623532057,0.5,0.0001,-0.0034198173623532055,0.8134863600342704,2.0,mlp,core6,10,42
2024-08-23,0.0034185148833785206,0.5,0.0001,0.0033185148833785208,0.8161859266274696,2.0,mlp,core6,10,42
2024-08-26,0.0020581440185196698,2.0,0.0004,0.0016581440185196698,0.8175392804397069,2.0,mlp,core6,10,42
2024-08-27,0.003060954622924328,1.5,0.00030000000000000003,0.002760954622924328,0.8197964692954591,2.0,mlp,core6,10,42
2024-08-28,-0.0018237916519865394,1.0,0.0002,-0.0020237916519865395,0.8181373720445709,2.0,mlp,core6,10,42
2024-08-29,0.0,0.5,0.0001,-0.0001,0.8180555583073665,2.0,mlp,core6,10,42
2024-08-30,0.007219974375402671,1.0,0.0002,0.007019974375402672,0.82379828736434,2.0,mlp,core6,10,42
2024-09-02,-0.004482236166950315,1.0,0.0002,-0.004682236166950315,0.819941069228971,2.0,mlp,core6,10,42
2024-09-03,-0.003653286854387261,0.5,0.0001,-0.003753286854387261,0.8168635951924617,2.0,mlp,core6,10,42
2024-09-04,0.0003991504054283723,1.0,0.0002,0.00019915040542837231,0.8170262739086239,2.0,mlp,core6,10,42
2024-09-05,0.007827687950339168,1.5,0.00030000000000000003,0.007527687950339168,0.8231765927458364,2.0,mlp,core6,10,42
2024-09-06,0.0001444168228772469,1.0,0.0002,-5.558317712275312e-05,0.8231308379754786,2.0,mlp,core6,10,42
2024-09-09,0.001479709055274725,1.0,0.0002,0.0012797090552747249,0.8241842059625117,2.0,mlp,core6,10,42
2024-09-10,-0.00275135732954368,1.0,0.0002,-0.00295135732954368,0.8217517438653502,2.0,mlp,core6,10,42
2024-09-11,-0.004259208537405357,1.5,0.00030000000000000003,-0.004559208537405357,0.8180052062990916,2.0,mlp,core6,10,42
2024-09-12,0.0003514014824759215,1.0,0.0002,0.0001514014824759215,0.8181290534999983,2.0,mlp,core6,10,42
2024-09-13,-0.00015892941155470908,2.0,0.0004,-0.000558929411554709,0.8176717771095497,2.0,mlp,core6,10,42
2024-09-16,0.0046494991693180054,1.5,0.00030000000000000003,0.0043494991693180055,0.8212282398248625,2.0,mlp,core6,10,42
2024-09-17,0.0015569395618513227,1.0,0.0002,0.0013569395618513226,0.8223425969127904,2.0,mlp,core6,10,42
2024-09-18,-0.002978856209665537,1.5,0.00030000000000000003,-0.003278856209665537,0.8196462537824305,2.0,mlp,core6,10,42
2024-09-19,-0.0069864803554082755,0.5,0.0001,-0.007086480355408276,0.8138378467066173,2.0,mlp,core6,10,42
2024-09-20,-0.0009595956653356552,1.5,0.00030000000000000003,-0.0012595956653356551,0.8128127400826196,2.0,mlp,core6,10,42
2024-09-23,1.5185913071036339e-05,1.0,0.0002,-0.00018481408692896367,0.812662520838217,2.0,mlp,core6,10,42
2024-09-24,0.005249533336609602,0.5,0.0001,0.005149533336609602,0.8168473535806866,2.0,mlp,core6,10,42
2024-09-25,0.004972787734004669,1.5,0.00030000000000000003,0.004672787734004669,0.8206643078750526,2.0,mlp,core6,10,42
2024-09-26,-0.004650674993172288,1.5,0.00030000000000000003,-0.004950674993172288,0.8166014656082666,2.0,mlp,core6,10,42
2024-09-27,0.005705318122636527,1.0,0.0002,0.005505318122636527,0.8210971164558514,2.0,mlp,core6,10,42
2024-09-30,-0.005052967520896345,1.0,0.0002,-0.005252967520896345,0.8167839199716072,2.0,mlp,core6,10,42
2024-10-01,0.009996210370445624,0.5,0.0001,0.009896210370445625,0.8248669854708434,2.0,mlp,core6,10,42
2024-10-02,0.0006407609907910228,1.0,0.0002,0.0004407609907910228,0.8252305546606303,2.0,mlp,core6,10,42
2024-10-03,0.004955020849592984,0.5,0.0001,0.0048550208495929835,0.8292370662092289,2.0,mlp,core6,10,42
2024-10-04,-0.006526136407046579,0.5,0.0001,-0.006626136407046579,0.8237424282947474,2.0,mlp,core6,10,42
2024-10-07,-0.003292919285740936,1.0,0.0002,-0.0034929192857409363,0.8208651624804737,2.0,mlp,core6,10,42
2024-10-08,0.00020683842012658715,1.0,0.0002,6.838420126587143e-06,0.8208707759013221,2.0,mlp,core6,10,42
2024-10-09,-0.0036516370601020753,1.0,0.0002,-0.0038516370601020754,0.8177090795993058,2.0,mlp,core6,10,42
2024-10-10,0.004336730751674622,0.5,0.0001,0.004236730751674622,0.8211734928027677,2.0,mlp,core6,10,42
2024-10-11,0.002545822353567928,0.5,0.0001,0.0024458223535679282,0.8231819372876222,2.0,mlp,core6,10,42
2024-10-14,-0.0012201005010865629,1.5,0.00030000000000000003,-0.0015201005010865628,0.821930618012266,2.0,mlp,core6,10,42
2024-10-15,0.0019351050141267478,1.5,0.00030000000000000003,0.001635105014126748,0.8232745608870421,2.0,mlp,core6,10,42
2024-10-16,0.004782867734320462,0.5,0.0001,0.0046828677343204615,0.8271298467647069,2.0,mlp,core6,10,42
2024-10-17,-0.002536646803491749,0.5,0.0001,-0.0026366468034917487,0.8249489974981621,2.0,mlp,core6,10,42
2024-10-18,0.001787755056284368,1.0,0.0002,0.001587755056284368,0.8262588144401165,2.0,mlp,core6,10,42
2024-10-21,-0.0023632826819266484,2.0,0.0004,-0.0027632826819266485,0.823975627767385,2.0,mlp,core6,10,42
2024-10-22,0.005489099363330752,1.5,0.00030000000000000003,0.005189099363330752,0.8282513191728328,2.0,mlp,core6,10,42
2024-10-23,-0.005354946886654943,1.0,0.0002,-0.005554946886654943,0.8236504270860259,2.0,mlp,core6,10,42
2024-10-24,0.0030038966797292233,0.5,0.0001,0.0029038966797292234,0.8260422228264985,2.0,mlp,core6,10,42
2024-10-25,0.0006508084625238553,0.0,0.0,0.0006508084625238553,0.8265798180955161,2.0,mlp,core6,10,42
2024-10-28,0.0008181078883353621,0.0,0.0,0.0008181078883353621,0.8272560495650388,2.0,mlp,core6,10,42
2024-10-29,-0.004207884267088957,0.5,0.0001,-0.004307884267088957,0.8236923262442635,2.0,mlp,core6,10,42
2024-10-30,0.006955499411560595,1.5,0.00030000000000000003,0.006655499411560595,0.8291744100368892,2.0,mlp,core6,10,42
2024-10-31,0.006096496246755123,2.0,0.0004,0.005696496246755123,0.8338977989515698,2.0,mlp,core6,10,42
2024-11-01,0.0007881938508944586,1.0,0.0002,0.0005881938508944586,0.8343882925091876,2.0,mlp,core6,10,42
2024-11-04,0.0003275531344115734,0.5,0.0001,0.00022755313441157342,0.8345781601804644,2.0,mlp,core6,10,42
2024-11-05,0.010040638968348503,0.5,0.0001,0.009940638968348504,0.8428744003616869,2.0,mlp,core6,10,42
2024-11-06,-0.0020136517705395818,0.5,0.0001,-0.0021136517705395816,0.84109285739302,2.0,mlp,core6,10,42
2024-11-07,-0.001146552967838943,0.5,0.0001,-0.001246552967838943,0.8400443905954086,2.0,mlp,core6,10,42
2024-11-08,0.00375005800742656,0.5,0.0001,0.00365005800742656,0.8431106013498951,2.0,mlp,core6,10,42
2024-11-11,0.0015446991892531514,1.0,0.0002,0.0013446991892531513,0.8442443314919811,2.0,mlp,core6,10,42
2024-11-12,0.0015762813854962587,0.5,0.0001,0.0014762813854962587,0.8454906736833734,2.0,mlp,core6,10,42
2024-11-13,0.0009574391879141331,0.5,0.0001,0.000857439187914133,0.8462156305200055,2.0,mlp,core6,10,42
2024-11-14,-0.008823821932310238,0.0,0.0,-0.008823821932310238,0.8387487744799593,2.0,mlp,core6,10,42
2024-11-15,-0.001055828994140029,0.5,0.0001,-0.001155828994140029,0.8377793243276159,2.0,mlp,core6,10,42
2024-11-18,-0.0005129544297233224,0.5,0.0001,-0.0006129544297233224,0.8372658037796387,2.0,mlp,core6,10,42
2024-11-19,0.0030892701470293105,1.0,0.0002,0.0028892701470293104,0.8396848908716277,2.0,mlp,core6,10,42
2024-11-20,0.0004400922916829586,1.0,0.0002,0.0002400922916829586,0.8398864927413686,2.0,mlp,core6,10,42
2024-11-21,-0.00263661946519278,1.5,0.00030000000000000003,-0.00293661946519278,0.8374200657182318,2.0,mlp,core6,10,42
2024-11-22,-0.002097220771247521,1.0,0.0002,-0.002297220771247521,0.8354963269490044,2.0,mlp,core6,10,42
2024-11-25,-0.004572932957671583,0.0,0.0,-0.004572932957671583,0.8316756582594858,2.0,mlp,core6,10,42
2024-11-26,-0.0041247582994401455,0.5,0.0001,-0.004224758299440146,0.8281620296198117,2.0,mlp,core6,10,42
2024-11-27,-9.99670537566999e-05,0.5,0.0001,-0.0001999670537566999,0.8279964244987155,2.0,mlp,core6,10,42
2024-11-28,0.0016147649148479104,0.0,0.0,0.0016147649148479104,0.8293334440746155,2.0,mlp,core6,10,42
2024-11-29,-0.004444031379534863,1.0,0.0002,-0.004644031379534863,0.8254819935362353,2.0,mlp,core6,10,42
2024-12-02,-0.0019600535088102333,0.5,0.0001,-0.002060053508810233,0.8237814564589914,2.0,mlp,core6,10,42
2024-12-03,0.0038198089750949293,0.5,0.0001,0.0037198089750949295,0.8268457661142443,2.0,mlp,core6,10,42
2024-12-04,-0.004341552470577881,1.5,0.00030000000000000003,-0.004641552470577881,0.8230079181057499,2.0,mlp,core6,10,42
2024-12-05,-0.00254877406405285,1.0,0.0002,-0.00274877406405285,0.8207456552859507,2.0,mlp,core6,10,42
2024-12-06,0.005868176715011941,0.5,0.0001,0.005768176715011941,0.8254798612637183,2.0,mlp,core6,10,42
2024-12-09,-0.00246311814407818,0.5,0.0001,-0.00256311814407818,0.8233640588537421,2.0,mlp,core6,10,42
2024-12-10,0.0016532901499886066,1.0,0.0002,0.0014532901499886065,0.8245606457303288,2.0,mlp,core6,10,42
2024-12-11,-0.0023034197511151433,1.0,0.0002,-0.0025034197511151434,0.8224964243238153,2.0,mlp,core6,10,42
2024-12-12,0.004092028873856179,0.5,0.0001,0.003992028873856179,0.8257798537983595,2.0,mlp,core6,10,42
2024-12-13,-0.005876068316865712,0.5,0.0001,-0.005976068316865713,0.8208449369773692,2.0,mlp,core6,10,42
2024-12-16,-0.0007021294441074133,0.5,0.0001,-0.0008021294441074133,0.8201865130843731,2.0,mlp,core6,10,42
2024-12-17,-0.0029712431132793427,1.0,0.0002,-0.0031712431132793427,0.8175855022531496,2.0,mlp,core6,10,42
2024-12-18,0.01580628356896341,0.5,0.0001,0.01570628356896341,0.830426731993411,2.0,mlp,core6,10,42
2024-12-19,-0.004279301851056516,1.0,0.0002,-0.004479301851056516,0.8267069999956261,2.0,mlp,core6,10,42
2024-12-20,-4.750024527311325e-05,1.0,0.0002,-0.00024750024527311323,0.8265023898103583,2.0,mlp,core6,10,42
2024-12-23,-0.00019390686793485656,1.0,0.0002,-0.00039390686793485655,0.8261768248426474,2.0,mlp,core6,10,42
2024-12-24,0.0004743147874251008,0.5,0.0001,0.0003743147874251008,0.826486075045214,2.0,mlp,core6,10,42
2024-12-25,0.002580961285275407,1.0,0.0002,0.002380961285275407,0.8284539063927159,2.0,mlp,core6,10,42
2024-12-26,-0.0028929266845807433,1.0,0.0002,-0.0030929266845807434,0.8258915591986887,2.0,mlp,core6,10,42
2024-12-27,-0.0022424173075705767,1.0,0.0002,-0.0024424173075705768,0.8238743873603254,2.0,mlp,core6,10,42
2024-12-30,0.0,1.5,0.00030000000000000003,-0.00030000000000000003,0.8236272250441173,2.0,mlp,core6,10,42
2024-12-31,-0.002425607992336154,1.5,0.00030000000000000003,-0.002725607992336154,0.8213823400968314,2.0,mlp,core6,10,42
2025-01-01,0.006312706507742405,2.0,0.0004,0.005912706507742405,0.8262389328044667,2.0,mlp,core6,10,42
2025-01-02,0.004490069666644558,1.5,0.00030000000000000003,0.004190069666644558,0.8297009314942115,2.0,mlp,core6,10,42
2025-01-03,-0.0006269700825214386,0.5,0.0001,-0.0007269700825214386,0.8290977637395751,2.0,mlp,core6,10,42
2025-01-06,2.6682973839342594e-05,1.0,0.0002,-0.00017331702616065742,0.8289540669807673,2.0,mlp,core6,10,42
2025-01-07,0.0028822930762544274,1.0,0.0002,0.0026822930762544273,0.8311775647351628,2.0,mlp,core6,10,42
2025-01-08,0.001864411635324359,0.0,0.0,0.001864411635324359,0.8327272218578756,2.0,mlp,core6,10,42
2025-01-09,-0.0032145543955266476,1.0,0.0002,-0.0034145543955266477,0.8298838294622062,2.0,mlp,core6,10,42
2025-01-10,-0.00025570415891706944,1.0,0.0002,-0.0004557041589170694,0.8295056479497023,2.0,mlp,core6,10,42
2025-01-13,0.0036618614103645086,0.5,0.0001,0.003561861410364509,0.8324602321068137,2.0,mlp,core6,10,42
2025-01-14,0.005184100416954607,2.0,0.0004,0.004784100416954607,0.8364428054503341,2.0,mlp,core6,10,42
2025-01-15,-0.002356678305659443,0.5,0.0001,-0.002456678305659443,0.8343879345562594,2.0,mlp,core6,10,42
2025-01-16,0.000512739468831569,1.0,0.0002,0.000312739468831569,0.834648880595712,2.0,mlp,core6,10,42
2025-01-17,0.005068931262940168,0.0,0.0,0.005068931262940168,0.8388796584001416,2.0,mlp,core6,10,42
2025-01-20,-0.000810138022643514,1.0,0.0002,-0.001010138022643514,0.8380322741607694,2.0,mlp,core6,10,42
2025-01-21,0.003170360956573859,0.5,0.0001,0.003070360956573859,0.8406053357357015,2.0,mlp,core6,10,42
2025-01-22,-0.0025073234864976257,0.5,0.0001,-0.0026073234864976255,0.8384136057009626,2.0,mlp,core6,10,42
2025-01-23,-0.00032170338090509176,1.0,0.0002,-0.0005217033809050917,0.8379762024882715,2.0,mlp,core6,10,42
2025-01-24,0.003768871261854656,1.0,0.0002,0.003568871261854656,0.84096683167545,2.0,mlp,core6,10,42
2025-01-27,0.0020196184123051353,0.5,0.0001,0.0019196184123051352,0.8425811670896721,2.0,mlp,core6,10,42
2025-01-28,-0.0003885901824105531,0.5,0.0001,-0.0004885901824105531,0.8421694902035481,2.0,mlp,core6,10,42
2025-01-29,0.00320993535569869,1.0,0.0002,0.0030099353556986897,0.8447043659276026,2.0,mlp,core6,10,42
2025-01-30,0.0,1.0,0.0002,-0.0002,0.844535425054417,2.0,mlp,core6,10,42
2025-01-31,-0.0019647057633847,1.0,0.0002,-0.0021647057633847,0.8427072543524192,2.0,mlp,core6,10,42
2025-02-03,0.000916704535484314,1.0,0.0002,0.000716704535484314,0.8433112264636992,2.0,mlp,core6,10,42
2025-02-04,-0.0006290033925324678,0.5,0.0001,-0.0007290033925324679,0.8426964497186464,2.0,mlp,core6,10,42
2025-02-05,-0.0004672664508689195,0.5,0.0001,-0.0005672664508689195,0.8422184162944547,2.0,mlp,core6,10,42
2025-02-06,-0.0002973133232444525,1.0,0.0002,-0.0004973133232444525,0.8417995698549496,2.0,mlp,core6,10,42
2025-02-07,0.0018355939246248454,0.0,0.0,0.0018355939246248454,0.8433447720311272,2.0,mlp,core6,10,42
2025-02-10,0.006893686018884182,1.5,0.00030000000000000003,0.006593686018884182,0.848905522663568,2.0,mlp,core6,10,42
2025-02-11,-0.006427964268368669,2.0,0.0004,-0.006827964268368669,0.8431092260876004,2.0,mlp,core6,10,42
2025-02-12,-0.004261185240466148,1.5,0.00030000000000000003,-0.004561185240466148,0.8392636487294688,2.0,mlp,core6,10,42
2025-02-13,-0.003463784232735634,1.0,0.0002,-0.003663784232735634,0.8361887678061456,2.0,mlp,core6,10,42
2025-02-14,-0.002253931135783205,1.0,0.0002,-0.002453931135783205,0.8341368181534339,2.0,mlp,core6,10,42
2025-02-17,0.0027541426243260503,0.5,0.0001,0.0026541426243260505,0.8363507362370146,2.0,mlp,core6,10,42
2025-02-18,-0.0021703517413698137,1.0,0.0002,-0.0023703517413698138,0.8343682908129793,2.0,mlp,core6,10,42
2025-02-19,0.002204705961048603,1.0,0.0002,0.002004705961048603,0.836040953899282,2.0,mlp,core6,10,42
2025-02-20,-0.001428640418453142,1.5,0.00030000000000000003,-0.001728640418453142,0.8345957397148897,2.0,mlp,core6,10,42
2025-02-21,0.0014937501982785761,2.0,0.0004,0.0010937501982785762,0.8355085789706853,2.0,mlp,core6,10,42
2025-02-24,-0.0009208344854414463,1.0,0.0002,-0.0011208344854414464,0.8345721121424928,2.0,mlp,core6,10,42
2025-02-25,-0.002134420443326235,1.5,0.00030000000000000003,-0.0024344204433262347,0.8325404127312632,2.0,mlp,core6,10,42
2025-02-26,0.0010084984824061394,1.5,0.00030000000000000003,0.0007084984824061393,0.8331302663502251,2.0,mlp,core6,10,42
2025-02-27,0.0036095448303967714,0.0,0.0,0.0036095448303967714,0.8361374873961767,2.0,mlp,core6,10,42
2025-02-28,-0.0007717976695857942,0.0,0.0,-0.0007717976695857942,0.835492158431951,2.0,mlp,core6,10,42
2025-03-03,0.0033577154390513897,1.0,0.0002,0.0031577154390513896,0.8381304049198379,2.0,mlp,core6,10,42
2025-03-04,-0.01261320209596306,0.5,0.0001,-0.01271320209596306,0.8274750836993207,2.0,mlp,core6,10,42
2025-03-05,-0.0006719275552313775,1.0,0.0002,-0.0008719275552313775,0.8267535853725758,2.0,mlp,core6,10,42
2025-03-06,0.0060217599384486675,1.0,0.0002,0.005821759938448668,0.8315667462748667,2.0,mlp,core6,10,42
2025-03-07,0.004571678815409541,0.0,0.0,0.004571678815409541,0.8353684023524106,2.0,mlp,core6,10,42
2025-03-10,0.0034225956624140963,1.0,0.0002,0.003222595662414096,0.8380604569423493,2.0,mlp,core6,10,42
2025-03-11,-0.0039769927388988435,0.5,0.0001,-0.004076992738898844,0.8346436905446372,2.0,mlp,core6,10,42
2025-03-12,0.003398734494112432,1.0,0.0002,0.003198734494112432,0.8373134941078756,2.0,mlp,core6,10,42
2025-03-13,0.0019005152862519026,1.5,0.00030000000000000003,0.0016005152862519027,0.8386536271545803,2.0,mlp,core6,10,42
2025-03-14,-0.005682212766259909,2.0,0.0004,-0.006082212766259909,0.8335527573570305,2.0,mlp,core6,10,42
2025-03-17,-0.0002538974513299763,2.0,0.0004,-0.0006538974513299763,0.8330076993334457,2.0,mlp,core6,10,42
2025-03-18,-0.003201560233719647,1.0,0.0002,-0.003401560233719647,0.8301741734690107,2.0,mlp,core6,10,42
2025-03-19,-0.002313551667612046,1.5,0.00030000000000000003,-0.002613551667612046,0.8280044703735323,2.0,mlp,core6,10,42
2025-03-20,0.0020384720992296934,0.5,0.0001,0.0019384720992296934,0.8296095339373889,2.0,mlp,core6,10,42
2025-03-21,0.0017143575532827526,1.0,0.0002,0.0015143575532827525,0.8308658594013824,2.0,mlp,core6,10,42
2025-03-24,-0.002770389492070535,1.0,0.0002,-0.0029703894920705353,0.8283978641832963,2.0,mlp,core6,10,42
2025-03-25,0.0002747204853221774,1.5,0.00030000000000000003,-2.5279514677822618e-05,0.8283769226873297,2.0,mlp,core6,10,42
2025-03-26,-0.0024931647567427717,1.0,0.0002,-0.002693164756742772,0.8261459671538491,2.0,mlp,core6,10,42
2025-03-27,-0.004992415615561185,2.0,0.0004,-0.005392415615561186,0.8216910447398359,2.0,mlp,core6,10,42
2025-03-28,-0.005277366377413273,0.5,0.0001,-0.005377366377413273,0.8172725109432303,2.0,mlp,core6,10,42
2025-03-31,0.0030761658999836072,1.0,0.0002,0.002876165899983607,0.8196231222701992,2.0,mlp,core6,10,42
2025-04-01,-0.005205963971093297,1.0,0.0002,-0.005405963971093297,0.8151922692013315,2.0,mlp,core6,10,42
2025-04-02,0.009185118484310806,1.0,0.0002,0.008985118484310805,0.8225168683275996,2.0,mlp,core6,10,42
2025-04-03,0.014251945540308952,1.0,0.0002,0.014051945540308952,0.8340748305673246,2.0,mlp,core6,10,42
2025-04-04,0.0053827769588679075,1.0,0.0002,0.005182776958867908,0.8383976543811605,2.0,mlp,core6,10,42
2025-04-07,-0.0018876043614000082,1.0,0.0002,-0.0020876043614000083,0.8366474117812869,2.0,mlp,core6,10,42
2025-04-08,-0.011400874122045934,1.5,0.00030000000000000003,-0.011700874122045934,0.8268579057314985,2.0,mlp,core6,10,42
2025-04-09,0.011289085727185011,0.0,0.0,0.011289085727185011,0.8361923755135021,2.0,mlp,core6,10,42
2025-04-10,-0.0036174149718135595,1.0,0.0002,-0.0038174149718135596,0.8330002822199005,2.0,mlp,core6,10,42
2025-04-11,0.00047984899720177054,1.5,0.00030000000000000003,0.00017984899720177052,0.8331500964853266,2.0,mlp,core6,10,42
2025-04-14,0.004570277626044117,1.0,0.0002,0.004370277626044117,0.8367911937111329,2.0,mlp,core6,10,42
2025-04-15,0.005079341535747517,1.0,0.0002,0.004879341535747517,0.8408741837393554,2.0,mlp,core6,10,42
2025-04-16,0.0005481168627738953,1.5,0.00030000000000000003,0.00024811686277389524,0.8410828188038124,2.0,mlp,core6,10,42
2025-04-17,-0.000548718380741775,1.5,0.00030000000000000003,-0.0008487183807417751,0.8403689763557676,2.0,mlp,core6,10,42
2025-04-18,-0.00022323010489344597,2.0,0.0004,-0.0006232301048934459,0.8398452331104842,2.0,mlp,core6,10,42
2025-04-21,-0.0005032619519624859,2.0,0.0004,-0.0009032619519624859,0.8390866328658785,2.0,mlp,core6,10,42
2025-04-22,0.0011582272127270699,1.0,0.0002,0.0009582272127270699,0.8398906685113261,2.0,mlp,core6,10,42
2025-04-23,-0.0001322990283370018,1.5,0.00030000000000000003,-0.00043229902833700183,0.8395275845914194,2.0,mlp,core6,10,42
2025-04-24,0.004365140121080913,2.0,0.0004,0.0039651401210809125,0.842856429099837,2.0,mlp,core6,10,42
2025-04-25,-0.005581788020208478,1.0,0.0002,-0.005781788020208478,0.8379832118953119,2.0,mlp,core6,10,42
2025-04-28,-0.0013515478640329093,1.0,0.0002,-0.0015515478640329094,0.8366830408328003,2.0,mlp,core6,10,42
2025-04-29,0.005638405214995146,1.5,0.00030000000000000003,0.005338405214995146,0.8411495939412802,2.0,mlp,core6,10,42
2025-04-30,-0.0005462123081088066,0.5,0.0001,-0.0006462123081088067,0.8406060327207147,2.0,mlp,core6,10,42
2025-05-01,0.004701792495325208,0.5,0.0001,0.0046017924953252074,0.8444743272536139,2.0,mlp,core6,10,42
2025-05-02,0.002546577650718973,1.0,0.0002,0.002346577650718973,0.8464559518365532,2.0,mlp,core6,10,42
2025-05-05,-0.00024181092157959938,1.5,0.00030000000000000003,-0.0005418109215795994,0.8459973327572121,2.0,mlp,core6,10,42
2025-05-06,0.0014539600815623999,1.0,0.0002,0.0012539600815623998,0.8470581796415979,2.0,mlp,core6,10,42
2025-05-07,0.005392103688791394,1.0,0.0002,0.005192103688791395,0.851456193540736,2.0,mlp,core6,10,42
2025-05-08,-0.00318653421709314,2.0,0.0004,-0.00358653421709314,0.8484024167682463,2.0,mlp,core6,10,42
2025-05-09,-0.004922947380691767,0.5,0.0001,-0.005022947380691767,0.8441409360711677,2.0,mlp,core6,10,42
2025-05-12,-0.0069281551986932755,0.5,0.0001,-0.007028155198693276,0.8382081825628893,2.0,mlp,core6,10,42
2025-05-13,-0.005137225263752043,2.0,0.0004,-0.005537225263752043,0.8335668350381185,2.0,mlp,core6,10,42
2025-05-14,-0.003962260612752289,1.5,0.00030000000000000003,-0.0042622606127522885,0.8300139559490389,2.0,mlp,core6,10,42
2025-05-15,-0.002292157798365224,0.0,0.0,-0.002292157798365224,0.8281114329871584,2.0,mlp,core6,10,42
2025-05-16,0.0020183594315312803,0.5,0.0001,0.0019183594315312802,0.8297000483649882,2.0,mlp,core6,10,42
2025-05-19,0.004098511766642332,1.5,0.00030000000000000003,0.003798511766642332,0.8328516737614864,2.0,mlp,core6,10,42
2025-05-20,0.00036776711931452155,0.5,0.0001,0.00026776711931452156,0.8330746840549857,2.0,mlp,core6,10,42
2025-05-21,0.0015914390346551954,1.0,0.0002,0.0013914390346551953,0.834233856689163,2.0,mlp,core6,10,42
2025-05-22,0.0003567484673112631,1.5,0.00030000000000000003,5.6748467311263056e-05,0.8342811981819093,2.0,mlp,core6,10,42
2025-05-23,0.0008697607554495335,1.5,0.00030000000000000003,0.0005697607554495334,0.8347565388676428,2.0,mlp,core6,10,42
2025-05-26,0.0005441422108560801,2.0,0.0004,0.00014414221085608004,0.8348768625206817,2.0,mlp,core6,10,42
2025-05-27,0.0014648489886894822,1.0,0.0002,0.0012648489886894821,0.8359328556759212,2.0,mlp,core6,10,42
2025-05-28,-0.0003845997853204608,0.0,0.0,-0.0003845997853204608,0.835611356079086,2.0,mlp,core6,10,42
2025-05-29,0.0006989206885918975,1.0,0.0002,0.0004989206885918975,0.8360282598722562,2.0,mlp,core6,10,42
2025-05-30,0.004172527376795188,2.0,0.0004,0.0037725273767951874,0.8391821993703987,2.0,mlp,core6,10,42
2025-06-02,-0.00575121893780306,2.0,0.0004,-0.00615121893780306,0.8340202059333643,2.0,mlp,core6,10,42
2025-06-03,-0.0026892394525930285,2.0,0.0004,-0.0030892394525930287,0.8314437178089352,2.0,mlp,core6,10,42
2025-06-04,0.0014905029674991965,1.0,0.0002,0.0012905029674991964,0.8325166983940763,2.0,mlp,core6,10,42
2025-06-05,-0.00167438096832484,1.0,0.0002,-0.0018743809683248402,0.8309562449387938,2.0,mlp,core6,10,42
2025-06-06,-0.0002848344847734552,1.0,0.0002,-0.00048483448477345517,0.8305533686959097,2.0,mlp,core6,10,42
2025-06-09,0.0009147820237558335,2.0,0.0004,0.0005147820237558335,0.8309809226398842,2.0,mlp,core6,10,42
2025-06-10,-0.003077541579841636,1.0,0.0002,-0.003277541579841636,0.8282573481138769,2.0,mlp,core6,10,42
2025-06-11,-0.0013624423299916089,1.0,0.0002,-0.001562442329991609,0.8269632437730572,2.0,mlp,core6,10,42
2025-06-12,0.004543371440377086,0.5,0.0001,0.004443371440377086,0.83063774863268,2.0,mlp,core6,10,42
2025-06-13,0.0040054018900264055,0.5,0.0001,0.0039054018900264056,0.8338817228661174,2.0,mlp,core6,10,42
2025-06-16,-0.0014433828182518482,0.5,0.0001,-0.0015433828182518483,0.8325947241425916,2.0,mlp,core6,10,42
2025-06-17,-0.0019018636958207935,1.0,0.0002,-0.0021018636958207936,0.8308447235185844,2.0,mlp,core6,10,42
2025-06-18,-0.0013142283769411733,0.5,0.0001,-0.0014142283769411734,0.8296697193337526,2.0,mlp,core6,10,42
2025-06-19,-0.002636594173964113,0.5,0.0001,-0.002736594173964113,0.8273992500135093,2.0,mlp,core6,10,42
2025-06-20,-0.007358842500252649,0.0,0.0,-0.007358842500252649,0.8213105492478328,2.0,mlp,core6,10,42
2025-06-23,0.0020476078207138926,0.0,0.0,0.0020476078207138926,0.8229922711517075,2.0,mlp,core6,10,42
2025-06-24,0.0009495677804807201,1.5,0.00030000000000000003,0.0006495677804807201,0.8235268604146323,2.0,mlp,core6,10,42
2025-06-25,-0.003456132486462593,1.0,0.0002,-0.003656132486462593,0.8205159371067958,2.0,mlp,core6,10,42
2025-06-26,-0.003976009873440489,2.0,0.0004,-0.004376009873440489,0.8169253512647012,2.0,mlp,core6,10,42
2025-06-27,0.0027184293721802533,2.0,0.0004,0.002318429372180253,0.818819334993952,2.0,mlp,core6,10,42
2025-06-30,-0.0015285530826076865,1.0,0.0002,-0.0017285530826076866,0.8174039623083494,2.0,mlp,core6,10,42
2025-07-01,0.0028877813747385517,1.0,0.0002,0.0026877813747385516,0.8196009654538793,2.0,mlp,core6,10,42
2025-07-02,0.003971401049057022,1.5,0.00030000000000000003,0.003671401049057022,0.8226100492982549,2.0,mlp,core6,10,42
2025-07-03,-0.0004624822104233317,1.5,0.00030000000000000003,-0.0007624822104233317,0.8219828237695496,2.0,mlp,core6,10,42
2025-07-04,0.001601597759872675,0.0,0.0,0.001601597759872675,0.8232993096187526,2.0,mlp,core6,10,42
2025-07-07,0.00281825392448809,2.0,0.0004,0.00241825392448809,0.8252902564052665,2.0,mlp,core6,10,42
2025-07-08,-0.0034065604559145868,1.0,0.0002,-0.003606560455914587,0.8223137972018637,2.0,mlp,core6,10,42
2025-07-09,-0.0038285079644992948,0.5,0.0001,-0.003928507964499295,0.8190833309002385,2.0,mlp,core6,10,42
2025-07-10,0.0005545363019336946,2.0,0.0004,0.0001545363019336946,0.8192099090091715,2.0,mlp,core6,10,42
2025-07-11,0.002694407943636179,2.0,0.0004,0.002294407943636179,0.8210895107319076,2.0,mlp,core6,10,42
2025-07-14,0.001283485908061266,1.0,0.0002,0.0010834859080612659,0.8219791496460426,2.0,mlp,core6,10,42
2025-07-15,-0.0027515844121808186,0.5,0.0001,-0.0028515844121808184,0.8196352067157743,2.0,mlp,core6,10,42
2025-07-16,-0.0022396594868041575,0.5,0.0001,-0.0023396594868041573,0.817717539428663,2.0,mlp,core6,10,42
2025-07-17,0.004868068470386788,0.5,0.0001,0.004768068470386788,0.821616472646095,2.0,mlp,core6,10,42
2025-07-18,-0.001691446639597416,1.0,0.0002,-0.001891446639597416,0.8200624289298707,2.0,mlp,core6,10,42
2025-07-21,0.0013879194157198071,1.0,0.0002,0.001187919415719807,0.8210365970112988,2.0,mlp,core6,10,42
2025-07-22,-0.002235898864455521,1.0,0.0002,-0.002435898864455521,0.8190366348969625,2.0,mlp,core6,10,42
2025-07-23,0.0001231538481079042,1.0,0.0002,-7.684615189209581e-05,0.8189736950833121,2.0,mlp,core6,10,42
2025-07-24,-2.5930485207936727e-05,0.0,0.0,-2.5930485207936727e-05,0.818952458698026,2.0,mlp,core6,10,42
2025-07-25,-0.002409600419923663,1.0,0.0002,-0.0026096004199236632,0.8168153200179101,2.0,mlp,core6,10,42
2025-07-28,-0.002118427350069396,0.0,0.0,-0.002118427350069396,0.8150849561040285,2.0,mlp,core6,10,42
2025-07-29,-0.0004008819814771414,0.5,0.0001,-0.0005008819814771414,0.8146766947361429,2.0,mlp,core6,10,42
2025-07-30,0.003826302330708131,0.5,0.0001,0.0037263023307081314,0.8177124264025118,2.0,mlp,core6,10,42
2025-07-31,-0.009524927008897066,0.5,0.0001,-0.009624927008897066,0.8098420039841195,2.0,mlp,core6,10,42
2025-08-01,0.0026815818491741084,1.5,0.00030000000000000003,0.0023815818491741084,0.8117707090015069,2.0,mlp,core6,10,42
2025-08-04,-0.0026725729621830396,1.5,0.00030000000000000003,-0.0029725729621830396,0.809357661340437,2.0,mlp,core6,10,42
2025-08-05,-0.004295745282433927,0.0,0.0,-0.004295745282433927,0.805880866984932,2.0,mlp,core6,10,42
2025-08-06,-0.0013211431360105053,1.0,0.0002,-0.0015211431360105053,0.8046550068356757,2.0,mlp,core6,10,42
2025-08-07,-0.0013366361381486058,1.5,0.00030000000000000003,-0.0016366361381486057,0.8033380793727463,2.0,mlp,core6,10,42
2025-08-08,-0.0007106091361492872,1.5,0.00030000000000000003,-0.0010106091361492871,0.8025262185703156,2.0,mlp,core6,10,42
2025-08-11,0.0019216291839256883,1.5,0.00030000000000000003,0.0016216291839256883,0.8038276185072147,2.0,mlp,core6,10,42
2025-08-12,-0.000707210332620889,2.0,0.0004,-0.001107210332620889,0.8029376122623575,2.0,mlp,core6,10,42
2025-08-13,0.0006214866880327463,1.0,0.0002,0.00042148668803274633,0.8032760397772469,2.0,mlp,core6,10,42
2025-08-14,9.661819785833359e-05,1.0,0.0002,-0.00010338180214166642,0.8031929956526376,2.0,mlp,core6,10,42
2025-08-15,0.003788285452174023,1.0,0.0002,0.0035882854521740227,0.806075081394226,2.0,mlp,core6,10,42
2025-08-18,0.0038985674764262512,1.0,0.0002,0.003698567476426251,0.8090564044738283,2.0,mlp,core6,10,42
2025-08-19,-0.002289247961016372,1.5,0.00030000000000000003,-0.0025892479610163718,0.8069615568281973,2.0,mlp,core6,10,42
2025-08-20,-0.0015943594626151025,1.0,0.0002,-0.0017943594626151026,0.805513577722736,2.0,mlp,core6,10,42
2025-08-21,-0.0017128796316683292,0.5,0.0001,-0.0018128796316683293,0.8040532785646501,2.0,mlp,core6,10,42
2025-08-22,0.00272633065469563,1.0,0.0002,0.00252633065469563,0.8060845830102965,2.0,mlp,core6,10,42
2025-08-25,0.0014963106368668377,1.5,0.00030000000000000003,0.0011963106368668378,0.8070489105711661,2.0,mlp,core6,10,42
2025-08-26,0.00032790645491331816,1.0,0.0002,0.00012790645491331815,0.8071521373362589,2.0,mlp,core6,10,42
2025-08-27,0.0009963949742086697,1.5,0.00030000000000000003,0.0006963949742086697,0.8077142340281217,2.0,mlp,core6,10,42
2025-08-28,-0.0006197668553795666,0.5,0.0001,-0.0007197668553795666,0.80713286809385,2.0,mlp,core6,10,42
2025-08-29,-0.0010954949357255828,1.0,0.0002,-0.0012954949357255829,0.8060872315507768,2.0,mlp,core6,10,42
2025-09-01,0.004105548141524196,1.0,0.0002,0.0039055481415241956,0.8092354440398664,2.0,mlp,core6,10,42
2025-09-02,0.0005643032491207123,0.5,0.0001,0.0004643032491207123,0.8096111746858378,2.0,mlp,core6,10,42
2025-09-03,-0.0003945806820411235,1.0,0.0002,-0.0005945806820411235,0.809129795521405,2.0,mlp,core6,10,42
2025-09-04,-0.003056486777495593,0.5,0.0001,-0.0031564867774955927,0.806575788020564,2.0,mlp,core6,10,42
2025-09-05,0.002707448787987232,1.0,0.0002,0.002507448787987232,0.808598235502656,2.0,mlp,core6,10,42
2025-09-08,-0.0006810043705627322,0.5,0.0001,-0.0007810043705627323,0.8079667167466991,2.0,mlp,core6,10,42
2025-09-09,0.0011047864754800685,0.5,0.0001,0.0010047864754800684,0.8087785507763242,2.0,mlp,core6,10,42
2025-09-10,0.00220265903044492,0.5,0.0001,0.0021026590304449202,0.8104791362997442,2.0,mlp,core6,10,42
2025-09-11,-0.0009192502475343645,0.5,0.0001,-0.0010192502475343645,0.8096530552394493,2.0,mlp,core6,10,42
2025-09-12,0.0009386555175296962,1.0,0.0002,0.0007386555175296962,0.8102511099359867,2.0,mlp,core6,10,42
2025-09-15,0.0003791492199525237,0.5,0.0001,0.0002791492199525237,0.8104772909012911,2.0,mlp,core6,10,42
2025-09-16,-0.00015760480891913176,0.5,0.0001,-0.00025760480891913175,0.8102685080536352,2.0,mlp,core6,10,42
2025-09-17,-0.002013932913541794,1.0,0.0002,-0.002213932913541794,0.8084746279348488,2.0,mlp,core6,10,42
2025-09-18,0.003691314603202045,0.5,0.0001,0.003591314603202045,0.8113781146724696,2.0,mlp,core6,10,42
2025-09-19,0.0037351059436332434,1.0,0.0002,0.0035351059436332434,0.8142464222681821,2.0,mlp,core6,10,42
2025-09-22,-0.0010444025101605803,1.0,0.0002,-0.0012444025101605804,0.8132331719764223,2.0,mlp,core6,10,42
2025-09-23,-0.0002569353673607111,1.5,0.00030000000000000003,-0.0005569353673607111,0.8127802536610377,2.0,mlp,core6,10,42
2025-09-24,5.062227137386799e-05,1.0,0.0002,-0.00014937772862613202,0.8126588423928737,2.0,mlp,core6,10,42
2025-09-25,-0.003329724189825356,1.0,0.0002,-0.003529724189825356,0.8097903808188041,2.0,mlp,core6,10,42
2025-09-26,-0.002743040182394907,1.0,0.0002,-0.002943040182394907,0.8074071351887374,2.0,mlp,core6,10,42
2025-09-29,0.002227654491434805,1.0,0.0002,0.002027654491434805,0.8090442778928194,2.0,mlp,core6,10,42
2025-09-30,-0.0034365656902082264,1.5,0.00030000000000000003,-0.0037365656902082264,0.8060212308021858,2.0,mlp,core6,10,42
2025-10-01,0.002237221247924026,1.0,0.0002,0.002037221247924026,0.8076632743798539,2.0,mlp,core6,10,42
2025-10-02,0.0029144197033019736,1.5,0.00030000000000000003,0.0026144197033019737,0.809774845158026,2.0,mlp,core6,10,42
2025-10-03,-0.003260652389144525,1.5,0.00030000000000000003,-0.003560652389144525,0.806891518420945,2.0,mlp,core6,10,42
2025-10-06,-0.005453289588331245,1.0,0.0002,-0.0056532895883312445,0.8023299270009431,2.0,mlp,core6,10,42
2025-10-07,0.0025921238484443165,2.0,0.0004,0.0021921238484443164,0.8040887335682425,2.0,mlp,core6,10,42
2025-10-08,-0.0005171931115910411,0.0,0.0,-0.0005171931115910411,0.8036728644141331,2.0,mlp,core6,10,42
2025-10-09,0.0048119863495230675,1.0,0.0002,0.004611986349523068,0.8073793926942932,2.0,mlp,core6,10,42
2025-10-10,-0.001295901442063041,0.5,0.0001,-0.001395901442063041,0.8062523706357392,2.0,mlp,core6,10,42
2025-10-13,-0.0003930328966816887,0.0,0.0,-0.0003930328966816887,0.8059354869310518,2.0,mlp,core6,10,42
2025-10-14,-0.0011116683381260373,0.5,0.0001,-0.0012116683381260373,0.8049589604189652,2.0,mlp,core6,10,42
2025-10-15,0.005968993529677391,1.0,0.0002,0.005768993529677391,0.8096027634532781,2.0,mlp,core6,10,42
2025-10-16,-0.004041700507514179,0.5,0.0001,-0.004141700507514179,0.8062496312769988,2.0,mlp,core6,10,42
2025-10-17,-0.0006568366952706128,1.0,0.0002,-0.0008568366952706128,0.8055588070073723,2.0,mlp,core6,10,42
2025-10-20,-0.0017250359524041414,1.0,0.0002,-0.0019250359524041415,0.8040080773421073,2.0,mlp,core6,10,42
2025-10-21,0.001432778182788752,0.5,0.0001,0.001332778182788752,0.8050796417663748,2.0,mlp,core6,10,42
2025-10-22,-0.001654652296565473,1.0,0.0002,-0.0018546522965654732,0.8035864989598547,2.0,mlp,core6,10,42
2025-10-23,0.0008395146287512034,1.0,0.0002,0.0006395146287512034,0.8041004042814065,2.0,mlp,core6,10,42
2025-10-24,-0.0035213590745115653,0.5,0.0001,-0.003621359074511565,0.8011884679855437,2.0,mlp,core6,10,42
2025-10-27,0.0021608296083286405,0.5,0.0001,0.0020608296083286406,0.8028395809022197,2.0,mlp,core6,10,42
2025-10-28,-0.006582674570381641,1.0,0.0002,-0.006782674570381641,0.7973941812927384,2.0,mlp,core6,10,42
2025-10-29,-0.002157247974537313,0.5,0.0001,-0.002257247974537313,0.7955942648921076,2.0,mlp,core6,10,42
2025-10-30,0.0,0.5,0.0001,-0.0001,0.7955147054656184,2.0,mlp,core6,10,42
2025-10-31,-0.00016793771646916866,0.0,0.0,-0.00016793771646916866,0.7953811085425648,2.0,mlp,core6,10,42
2025-11-03,0.0065451269038021564,0.0,0.0,0.0065451269038021564,0.8005869788348627,2.0,mlp,core6,10,42
2025-11-04,-0.00014001430827192962,1.5,0.00030000000000000003,-0.00044001430827192965,0.8002347091091593,2.0,mlp,core6,10,42
2025-11-05,-0.0039061309944372624,1.0,0.0002,-0.004106130994437262,0.7969488405672617,2.0,mlp,core6,10,42
2025-11-06,0.0018426438691676594,0.5,0.0001,0.0017426438691676594,0.7983376385783165,2.0,mlp,core6,10,42
2025-11-07,-0.0017681863391771913,1.0,0.0002,-0.0019681863391771913,0.7967663613440157,2.0,mlp,core6,10,42
2025-11-10,0.002694559603696689,1.0,0.0002,0.002494559603696689,0.7987539425226089,2.0,mlp,core6,10,42
2025-11-11,-0.0010843233758350834,0.5,0.0001,-0.0011843233758350835,0.797807959556939,2.0,mlp,core6,10,42
2025-11-12,0.00127546934527345,1.0,0.0002,0.00107546934527345,0.7986659775608577,2.0,mlp,core6,10,42
2025-11-13,-0.0013993328902870417,1.0,0.0002,-0.0015993328902870418,0.7973886447945914,2.0,mlp,core6,10,42
2025-11-14,0.0023631041403859854,1.0,0.0002,0.0021631041403859853,0.7991134794736433,2.0,mlp,core6,10,42
2025-11-17,-0.002591025666333735,1.5,0.00030000000000000003,-0.002891025666333735,0.7968032218941717,2.0,mlp,core6,10,42
2025-11-18,0.0008225894998759031,1.0,0.0002,0.0006225894998759031,0.7972993032135903,2.0,mlp,core6,10,42
2025-11-19,0.0005773363991465885,1.0,0.0002,0.00037733639914658854,0.7976001532617071,2.0,mlp,core6,10,42
2025-11-20,-0.0016249173932010308,0.5,0.0001,-0.0017249173932010308,0.7962243588845261,2.0,mlp,core6,10,42
2025-11-21,-0.0010591961436148267,1.0,0.0002,-0.0012591961436148268,0.7952217562423666,2.0,mlp,core6,10,42
2025-11-24,0.000885396875673905,0.0,0.0,0.000885396875673905,0.7959258431008115,2.0,mlp,core6,10,42
2025-11-25,-0.0031115494202822447,0.5,0.0001,-0.0032115494202822445,0.7933696879208134,2.0,mlp,core6,10,42
2025-11-26,-0.0011709495447576046,1.0,0.0002,-0.0013709495447576047,0.7922820181083339,2.0,mlp,core6,10,42
2025-11-27,0.0027888003569387365,1.0,0.0002,0.0025888003569387364,0.7943330780796088,2.0,mlp,core6,10,42
2025-11-28,-0.0033356091880705208,0.5,0.0001,-0.0034356091880705206,0.7916040600581702,2.0,mlp,core6,10,42
2025-12-01,0.0016546955303056166,1.0,0.0002,0.0014546955303056165,0.7927556029461086,2.0,mlp,core6,10,42
2025-12-02,-0.004594753845594823,0.5,0.0001,-0.004694753845594824,0.7890338105305605,2.0,mlp,core6,10,42
2025-12-03,0.0006630554998992011,0.5,0.0001,0.000563055499899201,0.7894780803571863,2.0,mlp,core6,10,42
2025-12-04,0.004368237758171745,0.5,0.0001,0.004268237758171744,0.7928477605090157,2.0,mlp,core6,10,42
2025-12-05,-0.0016356517662643455,1.0,0.0002,-0.0018356517662643456,0.7913923681170586,2.0,mlp,core6,10,42
2025-12-08,-0.004183022101642564,1.5,0.00030000000000000003,-0.004483022101642564,0.7878445386397186,2.0,mlp,core6,10,42
2025-12-09,-0.0032943967380560935,1.0,0.0002,-0.0034943967380560935,0.7850914972538007,2.0,mlp,core6,10,42
2025-12-10,0.0027121995808556676,0.5,0.0001,0.0026121995808556678,0.7871423129338604,2.0,mlp,core6,10,42
2025-12-11,0.0027978167054243386,1.0,0.0002,0.0025978167054243385,0.7891871643839463,2.0,mlp,core6,10,42
2025-12-12,-0.002981960504257586,1.0,0.0002,-0.003181960504257586,0.7866760019964095,2.0,mlp,core6,10,42
2025-12-15,-0.0014359027554746717,0.5,0.0001,-0.0015359027554746718,0.7854677441572775,2.0,mlp,core6,10,42
2025-12-16,0.0011802349472418427,0.5,0.0001,0.0010802349472418427,0.7863162338644474,2.0,mlp,core6,10,42
2025-12-17,-0.0011961330892518163,1.0,0.0002,-0.0013961330892518164,0.7852184317517333,2.0,mlp,core6,10,42
2021-10-11,-0.0018810552137438208,1.0,0.0005,-0.002381055213743821,0.9976189447862562,5.0,mlp,core6,10,42
2021-10-12,0.0027688354020938277,1.0,0.0005,0.0022688354020938277,0.9998823779659869,5.0,mlp,core6,10,42
2021-10-13,-0.005148288493728614,1.0,0.0005,-0.005648288493728615,0.9942347538354397,5.0,mlp,core6,10,42
2021-10-14,-0.0024862934806151316,1.0,0.0005,-0.0029862934806151316,0.99126567707186,5.0,mlp,core6,10,42
2021-10-15,0.001715492417133646,0.5,0.00025,0.001465492417133646,0.9927183694049736,5.0,mlp,core6,10,42
2021-10-18,-0.007334027934120968,1.0,0.0005,-0.007834027934120968,0.98494138596834,5.0,mlp,core6,10,42
2021-10-19,-0.00031399319414049387,0.5,0.00025,-0.0005639931941404939,0.9843858857300266,5.0,mlp,core6,10,42
2021-10-20,0.005221676372457296,0.5,0.00025,0.0049716763724572954,0.989279933779491,5.0,mlp,core6,10,42
2021-10-21,0.0009370132465846837,1.0,0.0005,0.00043701324658468365,0.9897122622151331,5.0,mlp,core6,10,42
2021-10-22,-0.004395750846015289,1.0,0.0005,-0.00489575084601529,0.9848668775700817,5.0,mlp,core6,10,42
2021-10-25,-0.0006050039664842188,0.5,0.00025,-0.0008550039664842188,0.9840248124833004,5.0,mlp,core6,10,42
2021-10-26,-0.002054450196737889,1.0,0.0005,-0.002554450196737889,0.9815111701074576,5.0,mlp,core6,10,42
2021-10-27,0.002527875592932105,0.5,0.00025,0.002277875592932105,0.9837469304460356,5.0,mlp,core6,10,42
2021-10-28,-0.0012472320813685656,0.0,0.0,-0.0012472320813685656,0.9825199697144354,5.0,mlp,core6,10,42
2021-10-29,0.0037699831882491708,0.5,0.00025,0.0035199831882491706,0.9859784234899492,5.0,mlp,core6,10,42
2021-11-01,-0.0029376031015999615,1.0,0.0005,-0.0034376031015999615,0.9825890210032496,5.0,mlp,core6,10,42
2021-11-02,-4.24577810917981e-05,1.5,0.00075,-0.0007924577810917981,0.9818103606879403,5.0,mlp,core6,10,42
2021-11-03,0.002043744781985879,1.0,0.0005,0.001543744781985879,0.983326025309152,5.0,mlp,core6,10,42
2021-11-04,0.0013821785687468946,1.0,0.0005,0.0008821785687468946,0.9841934944547709,5.0,mlp,core6,10,42
2021-11-05,-3.585556987673044e-05,0.5,0.00025,-0.00028585556987673045,0.9839121572625446,5.0,mlp,core6,10,42
2021-11-08,-0.006732033740263432,1.5,0.00075,-0.007482033740263432,0.9765504933044508,5.0,mlp,core6,10,42
2021-11-09,-0.004622036649379879,1.5,0.00075,-0.005372036649379879,0.9713044282644492,5.0,mlp,core6,10,42
2021-11-10,-0.0004972041351720691,1.5,0.00075,-0.001247204135172069,0.9700930133650068,5.0,mlp,core6,10,42
2021-11-11,0.00239980085825664,1.5,0.00075,0.00164980085825664,0.9716934736510451,5.0,mlp,core6,10,42
2021-11-12,-0.003386915399460122,1.5,0.00075,-0.004136915399460122,0.9676736599563431,5.0,mlp,core6,10,42
2021-11-15,0.002159643219783902,1.0,0.0005,0.0016596432197839022,0.9692796529850533,5.0,mlp,core6,10,42
2021-11-16,-0.0002960085985250771,0.0,0.0,-0.0002960085985250771,0.9689927378733942,5.0,mlp,core6,10,42
2021-11-17,0.0005099446862004697,0.5,0.00025,0.0002599446862004697,0.9692446223865712,5.0,mlp,core6,10,42
2021-11-18,-0.005823075363878161,1.5,0.00075,-0.0065730753638781605,0.9628737044375906,5.0,mlp,core6,10,42
2021-11-19,0.001262856530956924,0.0,0.0,0.001262856530956924,0.9640896757837263,5.0,mlp,core6,10,42
2021-11-22,0.003461019499809481,1.0,0.0005,0.002961019499809481,0.966944364113287,5.0,mlp,core6,10,42
2021-11-23,-0.0009149910038104281,1.5,0.00075,-0.001664991003810428,0.9653344104458531,5.0,mlp,core6,10,42
2021-11-24,0.0028031933834427036,2.0,0.001,0.0018031933834427036,0.9670750950675787,5.0,mlp,core6,10,42
2021-11-25,-0.014404091285541654,0.5,0.00025,-0.014654091285541654,0.9529034883444846,5.0,mlp,core6,10,42
2021-11-26,-0.0006814748048782349,0.0,0.0,-0.0006814748048782349,0.9522541086256973,5.0,mlp,core6,10,42
2021-11-29,-0.0009045947808772326,0.5,0.00025,-0.0011545947808772326,0.9511546410018091,5.0,mlp,core6,10,42
2021-11-30,0.0028608156135305762,0.5,0.00025,0.002610815613530576,0.9536379303894187,5.0,mlp,core6,10,42
2021-12-01,-0.0032434556051157415,1.0,0.0005,-0.0037434556051157415,0.9500680291336515,5.0,mlp,core6,10,42
2021-12-02,0.0029586522014142247,1.0,0.0005,0.0024586522014142247,0.9524039159849743,5.0,mlp,core6,10,42
2021-12-03,-0.008808707469142973,0.0,0.0,-0.008808707469142973,0.9440144684965964,5.0,mlp,core6,10,42
2021-12-06,-0.0040413219248875976,1.0,0.0005,-0.004541321924887598,0.9397273948934017,5.0,mlp,core6,10,42
2021-12-07,0.001837127550970763,1.5,0.00075,0.001087127550970763,0.9407489984347923,5.0,mlp,core6,10,42
2021-12-08,-0.0003315925714559853,1.5,0.00075,-0.0010815925714559853,0.9397314913064806,5.0,mlp,core6,10,42
2021-12-09,-0.0023934353957884014,1.0,0.0005,-0.0028934353957884014,0.9370124389469975,5.0,mlp,core6,10,42
2021-12-10,0.005331739725079387,1.0,0.0005,0.004831739725079387,0.9415398391711512,5.0,mlp,core6,10,42
2021-12-13,6.787513848394156e-05,1.0,0.0005,-0.00043212486151605846,0.9411329763985377,5.0,mlp,core6,10,42
2021-12-14,-0.002600121428258717,0.5,0.00025,-0.0028501214282587173,0.9384506331356633,5.0,mlp,core6,10,42
2021-12-15,-0.0015097318682819605,1.5,0.00075,-0.0022597318682819603,0.9363299863331572,5.0,mlp,core6,10,42
2021-12-16,0.0058479420258663595,0.5,0.00025,0.005597942025866359,0.9415715073137304,5.0,mlp,core6,10,42
2021-12-17,0.005984518153127283,0.5,0.00025,0.005734518153127283,0.9469709662148883,5.0,mlp,core6,10,42
2021-12-20,-0.004124362341826782,0.5,0.00025,-0.004374362341826782,0.9428285720814746,5.0,mlp,core6,10,42
2021-12-21,0.004629780305549502,1.0,0.0005,0.004129780305549502,0.9467222469499661,5.0,mlp,core6,10,42
2021-12-22,0.0016204218845814466,0.0,0.0,0.0016204218845814466,0.9482563363975439,5.0,mlp,core6,10,42
2021-12-23,0.0006702710015815683,1.0,0.0005,0.00017027100158156826,0.9484177969536984,5.0,mlp,core6,10,42
2021-12-24,0.0013191220932640135,1.0,0.0005,0.0008191220932640135,0.949194666924828,5.0,mlp,core6,10,42
2021-12-27,0.000237992950133048,1.0,0.0005,-0.000262007049866952,0.9489459712303977,5.0,mlp,core6,10,42
2021-12-28,0.0019295630627311766,0.5,0.00025,0.0016795630627311766,0.9505397858322038,5.0,mlp,core6,10,42
2021-12-29,-0.0010666782618500292,0.5,0.00025,-0.0013166782618500292,0.949288230759175,5.0,mlp,core6,10,42
2021-12-30,0.0,1.0,0.0005,-0.0005,0.9488135866437954,5.0,mlp,core6,10,42
2021-12-31,-0.00276800716528669,0.0,0.0,-0.00276800716528669,0.946187263837444,5.0,mlp,core6,10,42
2022-01-03,-0.0019714131485670805,1.0,0.0005,-0.0024714131485670805,0.9438488441925895,5.0,mlp,core6,10,42
2022-01-04,-0.0026496339560253546,0.5,0.00025,-0.002899633956025355,0.9411120280346135,5.0,mlp,core6,10,42
2022-01-05,0.006142141355667263,0.0,0.0,0.006142141355667263,0.9468924711423208,5.0,mlp,core6,10,42
2022-01-06,-9.584822691977024e-06,1.0,0.0005,-0.000509584822691977,0.9464099491103054,5.0,mlp,core6,10,42
2022-01-07,-0.0015001134888734668,1.0,0.0005,-0.002000113488873467,0.9445170218050859,5.0,mlp,core6,10,42
2022-01-10,-0.0021251339640002698,0.0,0.0,-0.0021251339640002698,0.9425097966024715,5.0,mlp,core6,10,42
2022-01-11,0.002336337463930249,2.0,0.001,0.0013363374639302492,0.9437693077537928,5.0,mlp,core6,10,42
2022-01-12,0.003323864148114808,1.5,0.00075,0.002573864148114808,0.9461984417391114,5.0,mlp,core6,10,42
2022-01-13,0.004053928656503558,0.5,0.00025,0.003803928656503558,0.9497977131063817,5.0,mlp,core6,10,42
2022-01-14,0.0001005803628686408,0.5,0.00025,-0.0001494196371313592,0.9496557946767412,5.0,mlp,core6,10,42
2022-01-17,0.0018527407373767346,1.5,0.00075,0.0011027407373767346,0.9507030188080171,5.0,mlp,core6,10,42
2022-01-18,0.0016383838083129376,2.0,0.001,0.0006383838083129376,0.9513099322217384,5.0,mlp,core6,10,42
2022-01-19,-0.0005780452629551291,1.5,0.00075,-0.0013280452629551292,0.9500465495726491,5.0,mlp,core6,10,42
2022-01-20,0.0041633566142991185,0.5,0.00025,0.003913356614299118,0.9537644205213112,5.0,mlp,core6,10,42
2022-01-21,0.007628254126757383,1.0,0.0005,0.007128254126757383,0.9605630956878466,5.0,mlp,core6,10,42
2022-01-24,-0.0013467598182614893,1.5,0.00075,-0.002096759818261489,0.9585490255859034,5.0,mlp,core6,10,42
2022-01-25,0.0015969257801771164,2.0,0.001,0.0005969257801771164,0.9591212082108393,5.0,mlp,core6,10,42
2022-01-26,-7.388880476355553e-05,0.5,0.00025,-0.00032388880476355553,0.9588105595890886,5.0,mlp,core6,10,42
2022-01-27,0.0029639195854542777,0.5,0.00025,0.0027139195854542775,0.9614126943454977,5.0,mlp,core6,10,42
2022-01-28,-0.0034659432130865753,0.0,0.0,-0.0034659432130865753,0.9580804925425557,5.0,mlp,core6,10,42
2022-01-31,-0.0005961819551885128,1.5,0.00075,-0.0013461819551885128,0.9567907418718767,5.0,mlp,core6,10,42
2022-02-01,-0.0015165427612373605,0.5,0.00025,-0.0017665427612373605,0.955100530112804,5.0,mlp,core6,10,42
2022-02-02,-0.008448406588286161,1.0,0.0005,-0.008948406588286162,0.9465539022366671,5.0,mlp,core6,10,42
2022-02-03,0.006015921069774777,1.5,0.00075,0.005265921069774777,0.9515383803741327,5.0,mlp,core6,10,42
2022-02-04,0.005652247287798673,2.0,0.001,0.004652247287798673,0.9559651722234648,5.0,mlp,core6,10,42
2022-02-07,-0.0015190290287137032,2.0,0.001,-0.002519029028713703,0.9535570682041946,5.0,mlp,core6,10,42
2022-02-08,-0.0004140547662245808,0.5,0.00025,-0.0006640547662245808,0.9529238540881865,5.0,mlp,core6,10,42
2022-02-09,-0.005349350511096418,1.0,0.0005,-0.005849350511096418,0.9473498684552398,5.0,mlp,core6,10,42
2022-02-10,0.002394292037934065,1.0,0.0005,0.0018942920379340649,0.9491444257681926,5.0,mlp,core6,10,42
2022-02-11,0.0032010102513595484,1.0,0.0005,0.0027010102513595484,0.9517080745922133,5.0,mlp,core6,10,42
2022-02-14,0.00014503448619507253,1.0,0.0005,-0.0003549655138049275,0.9513702510465234,5.0,mlp,core6,10,42
2022-02-15,0.0007258615805767477,1.5,0.00075,-2.413841942325236e-05,0.9513472864723768,5.0,mlp,core6,10,42
2022-02-16,0.0024910110514611006,0.0,0.0,0.0024910110514611006,0.953717103076757,5.0,mlp,core6,10,42
2022-02-17,0.0008926686132326722,1.0,0.0005,0.0003926686132326722,0.9540915978490384,5.0,mlp,core6,10,42
2022-02-18,-0.0011759830067603616,1.0,0.0005,-0.0016759830067603616,0.9524925565441507,5.0,mlp,core6,10,42
2022-02-21,-0.008670688577694818,2.0,0.001,-0.00967068857769482,0.9432812976572398,5.0,mlp,core6,10,42
2022-02-22,0.0019625938730314374,1.0,0.0005,0.0014625938730314374,0.9446609351037385,5.0,mlp,core6,10,42
2022-02-23,0.004030582960695028,1.0,0.0005,0.0035305829606950283,0.94799613890485,5.0,mlp,core6,10,42
2022-02-24,-0.0063922060071490705,0.5,0.00025,-0.006642206007149071,0.9416993532562621,5.0,mlp,core6,10,42
2022-02-25,0.004375324468128383,1.0,0.0005,0.003875324468128383,0.9453487438015568,5.0,mlp,core6,10,42
2022-02-28,0.004662117746192962,1.0,0.0005,0.0041621177461929615,0.9492833965844745,5.0,mlp,core6,10,42
2022-03-01,-0.0001204361324198544,1.0,0.0005,-0.0006204361324198544,0.9486944268653272,5.0,mlp,core6,10,42
2022-03-02,-7.291772635653615e-05,1.0,0.0005,-0.0005729177263565362,0.9481509030112805,5.0,mlp,core6,10,42
2022-03-03,0.0030552230309695005,0.5,0.00025,0.0028052230309695003,0.9508106777612422,5.0,mlp,core6,10,42
2022-03-04,0.0029235700785648078,1.0,0.0005,0.0024235700785648078,0.9531150340702443,5.0,mlp,core6,10,42
2022-03-07,-0.004255152307450771,1.5,0.00075,-0.005005152307450771,0.9483445481582016,5.0,mlp,core6,10,42
2022-03-08,-0.003572027198970318,1.0,0.0005,-0.004072027198970318,0.9444828633641063,5.0,mlp,core6,10,42
2022-03-09,-0.005692928680218756,2.0,0.001,-0.006692928680218756,0.9381615069199215,5.0,mlp,core6,10,42
2022-03-10,-0.0038133212947286665,0.5,0.00025,-0.004063321294728667,0.934349455290959,5.0,mlp,core6,10,42
2022-03-11,-0.005066527985036373,2.0,0.001,-0.006066527985036373,0.928681198172633,5.0,mlp,core6,10,42
2022-03-14,0.0007431231497321278,1.0,0.0005,0.00024312314973212778,0.9289069820706297,5.0,mlp,core6,10,42
2022-03-15,0.004635464167222381,1.0,0.0005,0.00413546416722238,0.9327484436096656,5.0,mlp,core6,10,42
2022-03-16,0.007185321883298457,1.5,0.00075,0.006435321883298457,0.9387509800804394,5.0,mlp,core6,10,42
2022-03-17,0.002861933200620115,1.0,0.0005,0.002361933200620115,0.9409682471874061,5.0,mlp,core6,10,42
2022-03-18,0.002758111513685435,1.0,0.0005,0.002258111513685435,0.9430930584203925,5.0,mlp,core6,10,42
2022-03-21,0.008164658618625253,0.5,0.00025,0.007914658618625253,0.9505573180233851,5.0,mlp,core6,10,42
2022-03-22,-0.0005722243804484606,1.0,0.0005,-0.0010722243804484606,0.9495381072919867,5.0,mlp,core6,10,42
2022-03-23,0.007409858837490901,1.5,0.00075,0.0066598588374909016,0.9558618970473697,5.0,mlp,core6,10,42
2022-03-24,0.001323287928244099,1.0,0.0005,0.000823287928244099,0.9566488466082773,5.0,mlp,core6,10,42
2022-03-25,0.002620057261083275,0.5,0.00025,0.002370057261083275,0.9589161591534882,5.0,mlp,core6,10,42
2022-03-28,-0.001886429061414674,1.0,0.0005,-0.002386429061414674,0.9566277737638242,5.0,mlp,core6,10,42
2022-03-29,0.0054538019467145205,1.0,0.0005,0.00495380194671452,0.9613667182917767,5.0,mlp,core6,10,42
2022-03-30,0.002467251440975815,1.5,0.00075,0.001717251440975815,0.9630176266740694,5.0,mlp,core6,10,42
2022-03-31,0.0001964059192687273,0.5,0.00025,-5.35940807312727e-05,0.9629660146296398,5.0,mlp,core6,10,42
2022-04-01,-0.005108687037136406,1.0,0.0005,-0.005608687037136406,0.9575650396261837,5.0,mlp,core6,10,42
2022-04-04,0.005996747291646898,1.0,0.0005,0.005496747291646897,0.9628285326643247,5.0,mlp,core6,10,42
2022-04-05,-0.00339095045637805,0.5,0.00025,-0.0036409504563780504,0.9593229216789068,5.0,mlp,core6,10,42
2022-04-06,-0.0037891899191890843,0.5,0.00025,-0.0040391899191890845,0.9554480342044144,5.0,mlp,core6,10,42
2022-04-07,-7.272453512996435e-05,1.0,0.0005,-0.0005727245351299644,0.9549008256731839,5.0,mlp,core6,10,42
2022-04-08,-0.0006256795604713261,0.0,0.0,-0.0006256795604713261,0.954303363744283,5.0,mlp,core6,10,42
2022-04-11,-0.005358206850360148,2.0,0.001,-0.006358206850360148,0.9482357055596025,5.0,mlp,core6,10,42
2022-04-12,0.0014411502052098513,0.5,0.00025,0.0011911502052098513,0.949365196714867,5.0,mlp,core6,10,42
2022-04-13,-0.004344525863416493,0.5,0.00025,-0.004594525863416493,0.945003313764733,5.0,mlp,core6,10,42
2022-04-14,-0.0009665568795753643,0.5,0.00025,-0.0012165568795753643,0.943853663482151,5.0,mlp,core6,10,42
2022-04-15,-0.0007279458222910762,1.5,0.00075,-0.0014779458222910762,0.9424586989033534,5.0,mlp,core6,10,42
2022-04-18,-0.003516166063491255,0.5,0.00025,-0.0037661660634912553,0.9389092429353015,5.0,mlp,core6,10,42
2022-04-19,-0.0008929162286221981,1.5,0.00075,-0.0016429162286221981,0.9373666937028797,5.0,mlp,core6,10,42
2022-04-20,-0.004355701617896557,0.5,0.00025,-0.004605701617896557,0.9330494624051301,5.0,mlp,core6,10,42
2022-04-21,-0.004325332643929869,0.0,0.0,-0.004325332643929869,0.929013713106988,5.0,mlp,core6,10,42
2022-04-22,-0.0008389830472879112,0.0,0.0,-0.0008389830472879112,0.9282342863509933,5.0,mlp,core6,10,42
2022-04-25,-0.003381064161658287,0.0,0.0,-0.003381064161658287,0.9250958666717894,5.0,mlp,core6,10,42
2022-04-26,-0.002821429807227105,1.5,0.00075,-0.0035714298072271047,0.9217919517190152,5.0,mlp,core6,10,42
2022-04-27,0.004341316904174164,1.0,0.0005,0.003841316904174164,0.9253328467252852,5.0,mlp,core6,10,42
2022-04-28,-0.001692765043117106,0.5,0.00025,-0.001942765043117106,0.9235351424174193,5.0,mlp,core6,10,42
2022-04-29,-0.010617080610245466,0.5,0.00025,-0.010867080610245466,0.9134990115783747,5.0,mlp,core6,10,42
2022-05-02,0.0023563331815239508,0.5,0.00025,0.0021063331815239505,0.9154231448577514,5.0,mlp,core6,10,42
2022-05-03,-0.0018020160496234894,0.5,0.00025,-0.0020520160496234896,0.9135446818723065,5.0,mlp,core6,10,42
2022-05-04,0.00436525559052825,0.5,0.00025,0.0041152555905282495,0.9173041517315789,5.0,mlp,core6,10,42
2022-05-05,-0.0036710442509502172,1.0,0.0005,-0.004171044250950218,0.9134780355231261,5.0,mlp,core6,10,42
2022-05-06,-0.010862603259738535,1.0,0.0005,-0.011362603259738535,0.9030985470189915,5.0,mlp,core6,10,42
2022-05-09,0.00434498432878172,1.5,0.00075,0.0035949843287817205,0.9063451721428702,5.0,mlp,core6,10,42
2022-05-10,0.004570566990878433,2.0,0.001,0.003570566990878433,0.9095813382968657,5.0,mlp,core6,10,42
2022-05-11,-0.011141303344629705,1.5,0.00075,-0.011891303344629706,0.8987652306865634,5.0,mlp,core6,10,42
2022-05-12,-0.0029409856360871345,2.0,0.001,-0.0039409856360871345,0.8952232098222132,5.0,mlp,core6,10,42
2022-05-13,-0.0011751742858905345,1.0,0.0005,-0.0016751742858905345,0.8937235549209867,5.0,mlp,core6,10,42
2022-05-16,0.0026411936851218343,0.5,0.00025,0.002391193685121834,0.8958606210417582,5.0,mlp,core6,10,42
2022-05-17,-0.00011876772623509169,1.0,0.0005,-0.0006187677262350917,0.8953062914022527,5.0,mlp,core6,10,42
2022-05-18,0.004273007623851299,0.5,0.00025,0.004023007623851299,0.8989081154382459,5.0,mlp,core6,10,42
2022-05-19,-0.0004354828561190516,1.0,0.0005,-0.0009354828561190516,0.8980672023070272,5.0,mlp,core6,10,42
2022-05-20,0.006643886546953581,1.0,0.0005,0.006143886546953581,0.9035848253095417,5.0,mlp,core6,10,42
2022-05-23,0.004073541262187064,0.5,0.00025,0.0038235412621870635,0.9070397191729987,5.0,mlp,core6,10,42
2022-05-24,-0.0004531948361545801,1.5,0.00075,-0.0012031948361545801,0.9059483736667027,5.0,mlp,core6,10,42
2022-05-25,-0.0001200209662783891,1.0,0.0005,-0.0006200209662783891,0.9053866666806636,5.0,mlp,core6,10,42
2022-05-26,-0.004534262654487975,1.0,0.0005,-0.005034262654487975,0.9008287123967218,5.0,mlp,core6,10,42
2022-05-27,-0.00019894297292921692,1.0,0.0005,-0.0006989429729292169,0.9001990844983793,5.0,mlp,core6,10,42
2022-05-30,-0.001095719519071281,1.0,0.0005,-0.001595719519071281,0.8987626192481951,5.0,mlp,core6,10,42
2022-05-31,0.005557590047828853,1.0,0.0005,0.005057590047828853,0.9033081921266655,5.0,mlp,core6,10,42
2022-06-01,0.005200926621910185,1.0,0.0005,0.004700926621910184,0.9075545776548233,5.0,mlp,core6,10,42
2022-06-02,0.0010799674782902002,0.5,0.00025,0.0008299674782902002,0.9083078184390501,5.0,mlp,core6,10,42
2022-06-03,-0.0027248845290159807,1.5,0.00075,-0.0034748845290159805,0.9051515536531719,5.0,mlp,core6,10,42
2022-06-06,0.002064171014353633,1.5,0.00075,0.001314171014353633,0.9063410775885801,5.0,mlp,core6,10,42
2022-06-07,0.009099305549170822,0.5,0.00025,0.008849305549170822,0.914361566715926,5.0,mlp,core6,10,42
2022-06-08,-0.0035649140081659425,0.5,0.00025,-0.0038149140081659427,0.910873355966533,5.0,mlp,core6,10,42
2022-06-09,-0.002188529819250107,1.0,0.0005,-0.002688529819250107,0.9084244457874566,5.0,mlp,core6,10,42
2022-06-10,-0.008171280613169074,1.0,0.0005,-0.008671280613169075,0.900547242502171,5.0,mlp,core6,10,42
2022-06-13,-0.002206138684414327,1.0,0.0005,-0.002706138684414327,0.8981102367720932,5.0,mlp,core6,10,42
2022-06-14,0.0039816200733184814,1.0,0.0005,0.0034816200733184814,0.9012371154004918,5.0,mlp,core6,10,42
2022-06-15,0.0010176817886531353,1.5,0.00075,0.0002676817886531353,0.9014783601635428,5.0,mlp,core6,10,42
2022-06-16,0.006446178304031491,1.0,0.0005,0.005946178304031491,0.9068387112303011,5.0,mlp,core6,10,42
2022-06-17,0.0005926209851168096,1.0,0.0005,9.26209851168096e-05,0.9069227035250774,5.0,mlp,core6,10,42
2022-06-20,0.00945991335902363,1.0,0.0005,0.00895991335902363,0.9150486523719936,5.0,mlp,core6,10,42
2022-06-21,0.002308717288542539,1.0,0.0005,0.0018087172885425389,0.9167037166893964,5.0,mlp,core6,10,42
2022-06-22,0.008437089607468806,1.5,0.00075,0.007687089607468806,0.9237505003030875,5.0,mlp,core6,10,42
2022-06-23,0.002885152236558497,1.5,0.00075,0.002135152236558497,0.9257228482498316,5.0,mlp,core6,10,42
2022-06-24,-0.0003725224523805082,1.0,0.0005,-0.0008725224523805082,0.9249151342800521,5.0,mlp,core6,10,42
2022-06-27,0.004160969125223346,1.0,0.0005,0.003660969125223346,0.9283012200301033,5.0,mlp,core6,10,42
2022-06-28,0.003810008871369064,1.0,0.0005,0.003310008871369064,0.9313739053037057,5.0,mlp,core6,10,42
2022-06-29,0.000902429805137217,0.5,0.00025,0.000652429805137217,0.9319815613992528,5.0,mlp,core6,10,42
2022-06-30,0.008659759245347232,1.0,0.0005,0.008159759245347231,0.9395863065613735,5.0,mlp,core6,10,42
2022-07-01,-0.0028652788896579295,1.0,0.0005,-0.0033652788896579296,0.9364243365988909,5.0,mlp,core6,10,42
2022-07-04,0.004522792994976044,1.0,0.0005,0.004022792994976043,0.940191377860486,5.0,mlp,core6,10,42
2022-07-05,-0.0016382770845666528,1.0,0.0005,-0.002138277084566653,0.9381809881820998,5.0,mlp,core6,10,42
2022-07-06,-0.008649336596135981,1.0,0.0005,-0.009149336596135982,0.9295972545331264,5.0,mlp,core6,10,42
2022-07-07,-0.00029654284298885614,1.0,0.0005,-0.0007965428429888561,0.9288567904931659,5.0,mlp,core6,10,42
2022-07-08,5.933409556746483e-05,1.5,0.00075,-0.0006906659044325352,0.9282152607778716,5.0,mlp,core6,10,42
2022-07-11,-0.00616241799434647,1.0,0.0005,-0.00666241799434647,0.9220311027218382,5.0,mlp,core6,10,42
2022-07-12,0.005020845841499977,1.0,0.0005,0.004520845841499976,0.9261994631983119,5.0,mlp,core6,10,42
2022-07-13,0.00438899765140377,1.0,0.0005,0.00388899765140377,0.9298014507354216,5.0,mlp,core6,10,42
2022-07-14,0.0019897606689482927,1.0,0.0005,0.0014897606689482927,0.9311866323666584,5.0,mlp,core6,10,42
2022-07-15,-0.0026128145400434732,0.5,0.00025,-0.0028628145400434735,0.9285208177360251,5.0,mlp,core6,10,42
2022-07-18,-0.004423326477990486,1.0,0.0005,-0.004923326477990486,0.9239494066087001,5.0,mlp,core6,10,42
2022-07-19,0.001269860687898472,1.0,0.0005,0.0007698606878984719,0.9246607189344552,5.0,mlp,core6,10,42
2022-07-20,-0.00646345841960283,0.5,0.00025,-0.00671345841960283,0.9184530476456487,5.0,mlp,core6,10,42
2022-07-21,-0.0020011223386973143,0.5,0.00025,-0.0022511223386973145,0.916385497473049,5.0,mlp,core6,10,42
2022-07-22,0.0014239012671168894,0.0,0.0,0.0014239012671168894,0.9176903399440683,5.0,mlp,core6,10,42
2022-07-25,0.0066424302058294415,0.5,0.00025,0.006392430205829441,0.9235566113927246,5.0,mlp,core6,10,42
2022-07-26,-0.006161487312056124,0.5,0.00025,-0.006411487312056124,0.9176352398968146,5.0,mlp,core6,10,42
2022-07-27,-0.004684755898779258,0.5,0.00025,-0.004934755898779258,0.9131069339838062,5.0,mlp,core6,10,42
2022-07-28,-0.004327826900407672,1.0,0.0005,-0.004827826900407672,0.9086986117649705,5.0,mlp,core6,10,42
2022-07-29,-0.004392793518491089,1.0,0.0005,-0.00489279351849109,0.904252537087065,5.0,mlp,core6,10,42
2022-08-01,0.003701075562275946,1.0,0.0005,0.003201075562275946,0.9071471177856605,5.0,mlp,core6,10,42
2022-08-02,0.0033401576802134514,0.5,0.00025,0.003090157680213451,0.9099503454187693,5.0,mlp,core6,10,42
2022-08-03,-0.0039171886164695024,0.5,0.00025,-0.004167188616469503,0.9061584106977877,5.0,mlp,core6,10,42
2022-08-04,-0.005443296395242214,1.0,0.0005,-0.005943296395242215,0.9007728426819691,5.0,mlp,core6,10,42
2022-08-05,-0.000561958528123796,2.0,0.001,-0.001561958528123796,0.8993658728584397,5.0,mlp,core6,10,42
2022-08-08,-0.0016418673912994564,1.0,0.0005,-0.0021418673912994564,0.8974395504225167,5.0,mlp,core6,10,42
2022-08-09,-0.007128661032766104,1.0,0.0005,-0.007628661032766104,0.8905932882949453,5.0,mlp,core6,10,42
2022-08-10,0.0017707471270114183,1.0,0.0005,0.0012707471270114183,0.8917250071573818,5.0,mlp,core6,10,42
2022-08-11,0.002866974362405017,0.0,0.0,0.002866974362405017,0.8942815598912174,5.0,mlp,core6,10,42
2022-08-12,-0.002955145959276706,0.5,0.00025,-0.003205145959276706,0.8914152569630764,5.0,mlp,core6,10,42
2022-08-15,0.001295266905799508,1.0,0.0005,0.0007952669057995081,0.892124170016264,5.0,mlp,core6,10,42
2022-08-16,0.0009806266170926392,1.5,0.00075,0.0002306266170926392,0.8923299175956214,5.0,mlp,core6,10,42
2022-08-17,0.006234957021661103,0.5,0.00025,0.0059849570216611025,0.8976704738015735,5.0,mlp,core6,10,42
2022-08-18,0.0004061204381287098,1.5,0.00075,-0.0003438795618712902,0.8973617832723378,5.0,mlp,core6,10,42
2022-08-19,0.0018861736170947552,0.5,0.00025,0.0016361736170947552,0.8988300229471171,5.0,mlp,core6,10,42
2022-08-22,-0.000867742267473659,0.0,0.0,-0.000867742267473659,0.8980500701449315,5.0,mlp,core6,10,42
2022-08-23,0.0018844185979105532,0.5,0.00025,0.0016344185979105532,0.8995178598814312,5.0,mlp,core6,10,42
2022-08-24,0.0016570624429732561,1.0,0.0005,0.001157062442973256,0.9005586582138837,5.0,mlp,core6,10,42
2022-08-25,-0.0021388689056038857,1.0,0.0005,-0.0026388689056038857,0.8981822019730508,5.0,mlp,core6,10,42
2022-08-26,0.007191567390691489,1.0,0.0005,0.0066915673906914885,0.9041924487066731,5.0,mlp,core6,10,42
2022-08-29,-0.006023418449331075,1.0,0.0005,-0.006523418449331075,0.8982940230050342,5.0,mlp,core6,10,42
2022-08-30,0.004700659483205527,1.0,0.0005,0.004200659483205527,0.9020674503114773,5.0,mlp,core6,10,42
2022-08-31,0.0009763507841853425,1.5,0.00075,0.00022635078418534248,0.9022716339862433,5.0,mlp,core6,10,42
2022-09-01,-0.004284652466594707,1.0,0.0005,-0.004784652466594708,0.8979545777871527,5.0,mlp,core6,10,42
2022-09-02,-0.001144230380305089,0.5,0.00025,-0.001394230380305089,0.8967026222346679,5.0,mlp,core6,10,42
2022-09-05,0.012522020610049367,0.5,0.00025,0.012272020610049367,0.907706975295817,5.0,mlp,core6,10,42
2022-09-06,0.0009320846293121576,1.0,0.0005,0.0004320846293121576,0.9080991815277618,5.0,mlp,core6,10,42
2022-09-07,0.0031794385868124664,0.0,0.0,0.0031794385868124664,0.910986427106164,5.0,mlp,core6,10,42
2022-09-08,0.0017421117518097162,1.0,0.0005,0.0012421117518097162,0.9121179740530118,5.0,mlp,core6,10,42
2022-09-09,0.0024628045393910725,1.0,0.0005,0.0019628045393910725,0.9139082833529433,5.0,mlp,core6,10,42
2022-09-12,0.0013037016615271568,1.0,0.0005,0.0008037016615271568,0.9146427929587575,5.0,mlp,core6,10,42
2022-09-13,-0.006861745554488152,0.5,0.00025,-0.0071117455544881525,0.9081380861419884,5.0,mlp,core6,10,42
2022-09-14,0.001586149308423046,1.0,0.0005,0.001086149308423046,0.9091244596962043,5.0,mlp,core6,10,42
2022-09-15,0.00016973656602203846,1.5,0.00075,-0.0005802634339779616,0.9085969280153076,5.0,mlp,core6,10,42
2022-09-16,-0.0017472830950282514,1.5,0.00075,-0.002497283095028251,0.9063279042667803,5.0,mlp,core6,10,42
2022-09-19,-0.0020992077770642936,0.5,0.00025,-0.002349207777064294,0.9041987517055065,5.0,mlp,core6,10,42
2022-09-20,0.003048188518732786,0.5,0.00025,0.002798188518732786,0.9067288702711812,5.0,mlp,core6,10,42
2022-09-21,-0.013527663424611092,0.5,0.00025,-0.013777663424611092,0.8942362650792071,5.0,mlp,core6,10,42
2022-09-22,0.014985590940341353,0.5,0.00025,0.014735590940341353,0.9074133648854328,5.0,mlp,core6,10,42
2022-09-23,-0.006275733234360814,0.5,0.00025,-0.006525733234360814,0.9014918273328968,5.0,mlp,core6,10,42
2022-09-26,0.0034126628597732633,0.5,0.00025,0.003162662859773263,0.9043429420535916,5.0,mlp,core6,10,42
2022-09-27,-0.0003126184456050396,0.0,0.0,-0.0003126184456050396,0.9040602277687528,5.0,mlp,core6,10,42
2022-09-28,-0.0032573898643022403,1.0,0.0005,-0.0037573898643022403,0.9006633210322158,5.0,mlp,core6,10,42
2022-09-29,0.0,1.0,0.0005,-0.0005,0.9002129893716997,5.0,mlp,core6,10,42
2022-09-30,-0.00636552379000932,0.0,0.0,-0.00636552379000932,0.8944826621717787,5.0,mlp,core6,10,42
2022-10-03,-0.0025329807540401816,1.5,0.00075,-0.0032829807540401814,0.8915460928070461,5.0,mlp,core6,10,42
2022-10-04,-5.691999103873968e-05,1.0,0.0005,-0.0005569199910387397,0.8910495729650294,5.0,mlp,core6,10,42
2022-10-05,-0.008348911767825484,1.5,0.00075,-0.009098911767825485,0.882941991519862,5.0,mlp,core6,10,42
2022-10-06,-0.005130875535542145,1.0,0.0005,-0.005630875535542146,0.87797025506051,5.0,mlp,core6,10,42
2022-10-07,0.001032893153023906,2.0,0.001,3.289315302390603e-05,0.8779991342704602,5.0,mlp,core6,10,42
2022-10-10,-0.005809391557704657,1.5,0.00075,-0.006559391557704657,0.8722399941614545,5.0,mlp,core6,10,42
2022-10-11,0.007914843772596214,1.5,0.00075,0.007164843772596214,0.8784894574518315,5.0,mlp,core6,10,42
2022-10-12,-0.010953953838907182,2.0,0.001,-0.011953953838907183,0.8679880350294856,5.0,mlp,core6,10,42
2022-10-13,0.005752742988988757,1.5,0.00075,0.005002742988988757,0.8723303560862555,5.0,mlp,core6,10,42
2022-10-14,0.007671282743103802,0.5,0.00025,0.007421282743103802,0.878804166304164,5.0,mlp,core6,10,42
2022-10-17,-0.0003414946550037712,1.0,0.0005,-0.0008414946550037712,0.878064657295424,5.0,mlp,core6,10,42
2022-10-18,-0.003255001734942198,1.0,0.0005,-0.003755001734942198,0.8747675229838884,5.0,mlp,core6,10,42
2022-10-19,0.006306890514679253,0.5,0.00025,0.006056890514679253,0.8800658940963989,5.0,mlp,core6,10,42
2022-10-20,-0.004063837695866823,0.5,0.00025,-0.004313837695866823,0.8762694326675992,5.0,mlp,core6,10,42
2022-10-21,-0.003975012572482228,1.5,0.00075,-0.004725012572482228,0.8721290485813629,5.0,mlp,core6,10,42
2022-10-24,-0.00027592526748776436,0.5,0.00025,-0.0005259252674877644,0.8716703738782039,5.0,mlp,core6,10,42
2022-10-25,-0.0022218108642846346,0.5,0.00025,-0.002471810864284635,0.8695157695779767,5.0,mlp,core6,10,42
2022-10-26,-0.0010354594269301742,1.0,0.0005,-0.0015354594269301742,0.8681806633927138,5.0,mlp,core6,10,42
2022-10-27,-0.007921240874566138,1.5,0.00075,-0.008671240874566138,0.8606524597377949,5.0,mlp,core6,10,42
2022-10-28,-0.0026893556787399575,1.5,0.00075,-0.0034393556787399573,0.8576923698129741,5.0,mlp,core6,10,42
2022-10-31,-0.0030026304739294574,1.0,0.0005,-0.0035026304739294574,0.8546881903812105,5.0,mlp,core6,10,42
2022-11-01,-0.00219661455048481,1.0,0.0005,-0.00269661455048481,0.852383425770901,5.0,mlp,core6,10,42
2022-11-02,0.0028019812889397144,1.0,0.0005,0.0023019812889397144,0.854345596468028,5.0,mlp,core6,10,42
2022-11-03,0.00595795689150691,1.5,0.00075,0.0052079568915069105,0.8587949915048823,5.0,mlp,core6,10,42
2022-11-04,-0.00043479411397129297,1.5,0.00075,-0.001184794113971293,0.8577774962538393,5.0,mlp,core6,10,42
2022-11-07,-0.0048588900826871395,1.0,0.0005,-0.00535889008268714,0.8531807609360124,5.0,mlp,core6,10,42
2022-11-08,0.008618651801953092,1.0,0.0005,0.008118651801953092,0.8601074384581773,5.0,mlp,core6,10,42
2022-11-09,-0.010306420736014843,0.5,0.00025,-0.010556420736014843,0.8510277824596368,5.0,mlp,core6,10,42
2022-11-10,0.0027943216264247894,1.5,0.00075,0.0020443216264247896,0.8527675569600074,5.0,mlp,core6,10,42
2022-11-11,0.0074828764190897346,2.0,0.001,0.0064828764190897345,0.8582959436459883,5.0,mlp,core6,10,42
2022-11-14,-0.008276345426565968,1.5,0.00075,-0.009026345426565968,0.8505486679804192,5.0,mlp,core6,10,42
2022-11-15,-0.004363823274616152,1.0,0.0005,-0.0048638232746161525,0.8464117495729023,5.0,mlp,core6,10,42
2022-11-16,-0.004350238363258541,1.0,0.0005,-0.004850238363258541,0.8423064508340111,5.0,mlp,core6,10,42
2022-11-17,-0.0008878879889380187,1.0,0.0005,-0.0013878879889380187,0.8411374238278936,5.0,mlp,core6,10,42
2022-11-18,0.008136648684740067,1.0,0.0005,0.007636648684740066,0.8475608948292546,5.0,mlp,core6,10,42
2022-11-21,0.00015485216863453388,1.0,0.0005,-0.00034514783136546613,0.8472683610244541,5.0,mlp,core6,10,42
2022-11-22,-0.0015247310511767864,1.0,0.0005,-0.0020247310511767864,0.8455528704652083,5.0,mlp,core6,10,42
2022-11-23,-0.003583887795684859,0.5,0.00025,-0.0038338877956848594,0.8423111156345255,5.0,mlp,core6,10,42
2022-11-24,0.0012477027485147119,1.5,0.00075,0.0004977027485147118,0.8427303361918813,5.0,mlp,core6,10,42
2022-11-25,0.0009889001375995576,1.5,0.00075,0.00023890013759955762,0.8429316645851569,5.0,mlp,core6,10,42
2022-11-28,-0.0024691422004252672,1.0,0.0005,-0.0029691422004252672,0.8404288806077624,5.0,mlp,core6,10,42
2022-11-29,-0.00436058291234076,0.5,0.00025,-0.0046105829123407605,0.8365540135717946,5.0,mlp,core6,10,42
2022-11-30,-0.006672701798379421,1.0,0.0005,-0.007172701798379422,0.8305536610942067,5.0,mlp,core6,10,42
2022-12-01,-0.003334423734486336,0.0,0.0,-0.003334423734486336,0.8277842432538897,5.0,mlp,core6,10,42
2022-12-02,0.0018348717130720615,1.0,0.0005,0.0013348717130720615,0.828889229024736,5.0,mlp,core6,10,42
2022-12-05,0.0011880189122166485,0.5,0.00025,0.0009380189122166485,0.8296667427976938,5.0,mlp,core6,10,42
2022-12-06,-0.004159364598308457,0.0,0.0,-0.004159364598308457,0.8262158563193072,5.0,mlp,core6,10,42
2022-12-07,-0.002952400012873113,1.0,0.0005,-0.003452400012873113,0.8233634286863145,5.0,mlp,core6,10,42
2022-12-08,0.0036410109605640173,1.0,0.0005,0.0031410109605640173,0.8259496222403458,5.0,mlp,core6,10,42
2022-12-09,0.002476770168868825,1.0,0.0005,0.001976770168868825,0.8275823348145791,5.0,mlp,core6,10,42
2022-12-12,-0.004802351351827383,0.5,0.00025,-0.005052351351827383,0.8234010980865302,5.0,mlp,core6,10,42
2022-12-13,-0.002950516645796597,1.5,0.00075,-0.003700516645796597,0.8203540886168937,5.0,mlp,core6,10,42
2022-12-14,0.0027505503967404366,1.0,0.0005,0.0022505503967404365,0.8222003368364982,5.0,mlp,core6,10,42
2022-12-15,-0.007077896676491946,1.0,0.0005,-0.007577896676491946,0.8159697876365744,5.0,mlp,core6,10,42
2022-12-16,0.0043524280190467834,0.5,0.00025,0.004102428019046783,0.8193172449560702,5.0,mlp,core6,10,42
2022-12-19,-0.017483464092947543,1.0,0.0005,-0.017983464092947543,0.80458308270067,5.0,mlp,core6,10,42
2022-12-20,-0.0010594684135867283,0.5,0.00025,-0.0013094684135867283,0.8035295065677673,5.0,mlp,core6,10,42
2022-12-21,-0.0015938324431772344,0.0,0.0,-0.0015938324431772344,0.8022488151711494,5.0,mlp,core6,10,42
2022-12-22,-0.0005602606106549501,0.0,0.0,-0.0005602606106549501,0.8017993467600645,5.0,mlp,core6,10,42
2022-12-23,0.002401196070422884,1.0,0.0005,0.001901196070422884,0.8033237245273924,5.0,mlp,core6,10,42
2022-12-26,0.008957143407315016,1.0,0.0005,0.008457143407315015,0.810117548468219,5.0,mlp,core6,10,42
2022-12-27,-0.0009832553041633219,1.0,0.0005,-0.0014832553041633219,0.8089159373174578,5.0,mlp,core6,10,42
2022-12-28,-0.0010460851481184363,1.0,0.0005,-0.0015460851481184363,0.8076652844006951,5.0,mlp,core6,10,42
2022-12-29,0.0019140188815072179,1.0,0.0005,0.0014140188815072179,0.8088073383627756,5.0,mlp,core6,10,42
2022-12-30,-0.010658379818778485,1.0,0.0005,-0.011158379818778486,0.7997823588811085,5.0,mlp,core6,10,42
2023-01-02,-0.0023219786817207932,0.5,0.00025,-0.0025719786817207935,0.7977253357040499,5.0,mlp,core6,10,42
2023-01-03,0.00644789868965745,1.0,0.0005,0.005947898689657449,0.8024701251829907,5.0,mlp,core6,10,42
2023-01-04,-0.0018494331743568182,0.0,0.0,-0.0018494331743568182,0.800986010312047,5.0,mlp,core6,10,42
2023-01-05,0.0015223058871924877,1.0,0.0005,0.0010223058871924877,0.8018048630259479,5.0,mlp,core6,10,42
2023-01-06,0.003530668094754219,1.0,0.0005,0.003030668094754219,0.8042348674425395,5.0,mlp,core6,10,42
2023-01-09,-0.001192903786431998,1.0,0.0005,-0.001692903786431998,0.8028733751902654,5.0,mlp,core6,10,42
2023-01-10,-0.0007430015321006067,1.0,0.0005,-0.0012430015321006067,0.8018754023548211,5.0,mlp,core6,10,42
2023-01-11,-0.007049948209896684,0.5,0.00025,-0.007299948209896684,0.7960217534468409,5.0,mlp,core6,10,42
2023-01-12,0.005990563047816977,2.0,0.001,0.004990563047816977,0.7999943501948512,5.0,mlp,core6,10,42
2023-01-13,0.0011797772021964192,0.5,0.00025,0.0009297772021964192,0.8007381667035482,5.0,mlp,core6,10,42
2023-01-16,-0.001127414871007204,0.5,0.00025,-0.001377414871007204,0.7996352180449477,5.0,mlp,core6,10,42
2023-01-17,0.0018458844569977373,0.5,0.00025,0.0015958844569977373,0.8009113434606936,5.0,mlp,core6,10,42
2023-01-18,-0.0026106549630640075,1.0,0.0005,-0.0031106549630640075,0.7984199846151834,5.0,mlp,core6,10,42
2023-01-19,0.00344680726993829,1.0,0.0005,0.00294680726993829,0.8007727744303115,5.0,mlp,core6,10,42
2023-01-20,0.0034248796582687646,0.0,0.0,0.0034248796582687646,0.8035153248163532,5.0,mlp,core6,10,42
2023-01-23,-0.0031695384095655754,0.5,0.00025,-0.0034195384095655756,0.8007676733004692,5.0,mlp,core6,10,42
2023-01-24,-0.0045304648810997605,0.5,0.00025,-0.004780464881099761,0.7969396315603363,5.0,mlp,core6,10,42
2023-01-25,0.0010794992485898547,0.5,0.00025,0.0008294992485898547,0.797600692385887,5.0,mlp,core6,10,42
2023-01-26,0.002311724136234261,1.0,0.0005,0.001811724136234261,0.7990457248113597,5.0,mlp,core6,10,42
2023-01-27,-0.00056700618006289,0.5,0.00025,-0.0008170061800628901,0.798392899516036,5.0,mlp,core6,10,42
2023-01-30,0.0024148464726749808,0.5,0.00025,0.0021648464726749805,0.8001212975683619,5.0,mlp,core6,10,42
2023-01-31,-0.008310816716402769,1.0,0.0005,-0.00881081671640277,0.7930715754645967,5.0,mlp,core6,10,42
2023-02-01,0.0005695238942280412,1.0,0.0005,6.952389422804116e-05,0.7931267128889247,5.0,mlp,core6,10,42
2023-02-02,0.006896128412336111,1.0,0.0005,0.006396128412336111,0.7981996531918163,5.0,mlp,core6,10,42
2023-02-03,-0.0019998126663267612,0.5,0.00025,-0.0022498126663267615,0.7964038535018078,5.0,mlp,core6,10,42
2023-02-06,-0.0011953710345551372,0.5,0.00025,-0.0014453710345551372,0.7952527544401482,5.0,mlp,core6,10,42
2023-02-07,-0.0014835135953035206,1.0,0.0005,-0.0019835135953035206,0.7936753597900137,5.0,mlp,core6,10,42
2023-02-08,0.002595946963992901,1.0,0.0005,0.002095946963992901,0.7953388612507616,5.0,mlp,core6,10,42
2023-02-09,0.005558582408411894,1.0,0.0005,0.0050585824084118935,0.7993621484230111,5.0,mlp,core6,10,42
2023-02-10,0.004324286070186645,1.0,0.0005,0.0038242860701866448,0.8024191379522597,5.0,mlp,core6,10,42
2023-02-13,0.0036214795836713165,0.0,0.0,0.0036214795836713165,0.8053250824779009,5.0,mlp,core6,10,42
2023-02-14,0.003018487128429115,2.0,0.001,0.002018487128429115,0.8069506207910837,5.0,mlp,core6,10,42
2023-02-15,0.0013556950143538415,1.0,0.0005,0.0008556950143538415,0.8076411244141244,5.0,mlp,core6,10,42
2023-02-16,-0.0020859588985331357,1.0,0.0005,-0.0025859588985331357,0.8055525976616245,5.0,mlp,core6,10,42
2023-02-17,0.0012700034421868622,0.0,0.0,0.0012700034421868622,0.8065756522335172,5.0,mlp,core6,10,42
2023-02-20,0.002245520241558552,1.0,0.0005,0.0017455202415585518,0.8079835463608391,5.0,mlp,core6,10,42
2023-02-21,-0.00038926315028220415,1.0,0.0005,-0.0008892631502822042,0.8072650363670262,5.0,mlp,core6,10,42
2023-02-22,-0.001068603633029852,1.0,0.0005,-0.001568603633029852,0.805998757498163,5.0,mlp,core6,10,42
2023-02-23,-0.00360759231261909,1.5,0.00075,-0.00435759231261909,0.8024865435085085,5.0,mlp,core6,10,42
2023-02-24,-0.0009623568330425769,1.5,0.00075,-0.001712356833042577,0.8011124001923069,5.0,mlp,core6,10,42
2023-02-27,-0.0003261340534663759,1.5,0.00075,-0.001076134053466376,0.8002502958578057,5.0,mlp,core6,10,42
2023-02-28,0.0009748355369083583,1.0,0.0005,0.0004748355369083583,0.8006302831367005,5.0,mlp,core6,10,42
2023-03-01,-0.0006018440471962094,1.0,0.0005,-0.0011018440471962094,0.7997481134252213,5.0,mlp,core6,10,42
2023-03-02,-0.003715530998306349,0.5,0.00025,-0.003965530998306349,0.7965766874905966,5.0,mlp,core6,10,42
2023-03-03,0.0033822997647803277,0.5,0.00025,0.0031322997647803275,0.7990718044614529,5.0,mlp,core6,10,42
2023-03-06,-0.0030859243124723434,0.5,0.00025,-0.0033359243124723437,0.7964061614015387,5.0,mlp,core6,10,42
2023-03-07,-0.0026916691567748785,0.5,0.00025,-0.0029416691567748787,0.7940633979602784,5.0,mlp,core6,10,42
2023-03-08,-0.0029433188028633595,0.0,0.0,-0.0029433188028633595,0.7917262162303963,5.0,mlp,core6,10,42
2023-03-09,0.00037434743717312813,0.5,0.00025,0.00012434743717312812,0.7918246653563272,5.0,mlp,core6,10,42
2023-03-10,-0.005653844913467765,1.0,0.0005,-0.006153844913467765,0.7869518991670659,5.0,mlp,core6,10,42
2023-03-13,0.0052614346641348675,1.0,0.0005,0.004761434664134867,0.7906989192187668,5.0,mlp,core6,10,42
2023-03-14,-0.011519511928781867,0.5,0.00025,-0.011769511928781867,0.7813927788569466,5.0,mlp,core6,10,42
2023-03-15,0.0016010559629648924,1.0,0.0005,0.0011010559629648924,0.7822531360355248,5.0,mlp,core6,10,42
2023-03-16,-0.005609167681541294,1.0,0.0005,-0.006109167681541294,0.7774742204580724,5.0,mlp,core6,10,42
2023-03-17,-0.0036536166444420815,1.0,0.0005,-0.004153616644442082,0.7742448905953531,5.0,mlp,core6,10,42
2023-03-20,0.003230998874641955,1.0,0.0005,0.002730998874641955,0.7763593525202663,5.0,mlp,core6,10,42
2023-03-21,-0.0028436250577215105,2.0,0.001,-0.0038436250577215106,0.773375318259123,5.0,mlp,core6,10,42
2023-03-22,0.001348145150586788,2.0,0.001,0.00034814515058678806,0.7736445651257585,5.0,mlp,core6,10,42
2023-03-23,0.002599389525130391,2.0,0.001,0.001599389525130391,0.7748819241393948,5.0,mlp,core6,10,42
2023-03-24,-0.0014310282422229648,1.5,0.00075,-0.0021810282422229646,0.7731918847784587,5.0,mlp,core6,10,42
2023-03-27,-0.008572756545618176,1.5,0.00075,-0.009322756545618177,0.7659836050736214,5.0,mlp,core6,10,42
2023-03-28,-0.00042076618410646915,1.0,0.0005,-0.0009207661841064692,0.7652783132724897,5.0,mlp,core6,10,42
2023-03-29,0.004880485823377967,1.5,0.00075,0.004130485823377967,0.7684392844964003,5.0,mlp,core6,10,42
2023-03-30,0.00022379709116648883,2.0,0.001,-0.0007762029088335112,0.7678428196885123,5.0,mlp,core6,10,42
2023-03-31,0.00189361214870587,1.5,0.00075,0.00114361214870587,0.7687209340654046,5.0,mlp,core6,10,42
2023-04-03,-0.008538238442270085,0.5,0.00025,-0.008788238442270085,0.7619652312012734,5.0,mlp,core6,10,42
2023-04-04,0.001526056556031108,2.0,0.001,0.0005260565560311079,0.7623660680066147,5.0,mlp,core6,10,42
2023-04-05,0.004568317614030093,1.5,0.00075,0.003818317614030093,0.7652770237924231,5.0,mlp,core6,10,42
2023-04-06,-0.000804443952802103,0.5,0.00025,-0.001054443952802103,0.7644700820624668,5.0,mlp,core6,10,42
2023-04-07,-0.0028469269163906574,0.0,0.0,-0.0028469269163906574,0.7622936916090678,5.0,mlp,core6,10,42
2023-04-10,0.003035553585505113,1.5,0.00075,0.002285553585505113,0.7640359546891328,5.0,mlp,core6,10,42
2023-04-11,0.0004731274675577879,1.5,0.00075,-0.0002768725324422121,0.7638244141194811,5.0,mlp,core6,10,42
2023-04-12,-0.0027938857674598694,1.5,0.00075,-0.003543885767459869,0.7611175076494446,5.0,mlp,core6,10,42
2023-04-13,0.004943933570757508,0.5,0.00025,0.004693933570757508,0.7646901426698915,5.0,mlp,core6,10,42
2023-04-14,-0.002424361649900675,0.0,0.0,-0.002424361649900675,0.7628362572139455,5.0,mlp,core6,10,42
2023-04-17,0.00030339579097926617,0.5,0.00025,5.339579097926616e-05,0.7628769894592871,5.0,mlp,core6,10,42
2023-04-18,-0.00036033394280821085,1.0,0.0005,-0.0008603339428082109,0.762220660491068,5.0,mlp,core6,10,42
2023-04-19,-0.0009593164431862533,0.0,0.0,-0.0009593164431862533,0.7614894496781226,5.0,mlp,core6,10,42
2023-04-20,-0.007920053525594994,0.5,0.00025,-0.008170053525594995,0.7552680401150765,5.0,mlp,core6,10,42
2023-04-21,-0.00040146363608073443,0.5,0.00025,-0.0006514636360807344,0.7547760104514476,5.0,mlp,core6,10,42
2023-04-24,-0.004251604783348739,0.0,0.0,-0.004251604783348739,0.7515670011550554,5.0,mlp,core6,10,42
2023-04-25,0.005051650281529874,2.0,0.001,0.004051650281529874,0.7546120878068739,5.0,mlp,core6,10,42
2023-04-26,-0.0033013909705914557,0.5,0.00025,-0.003551390970591456,0.7519321652519375,5.0,mlp,core6,10,42
2023-04-27,0.005691731290426105,0.5,0.00025,0.005441731290426105,0.7560239780438668,5.0,mlp,core6,10,42
2023-04-28,0.0010761671874206513,1.0,0.0005,0.0005761671874206513,0.756459574252919,5.0,mlp,core6,10,42
2023-05-01,-0.006865546805784106,0.5,0.00025,-0.0071155468057841065,0.7510769507456388,5.0,mlp,core6,10,42
2023-05-02,0.0001335377455689013,0.5,0.00025,-0.0001164622544310987,0.7509894786307038,5.0,mlp,core6,10,42
2023-05-03,-0.006300199820543639,1.0,0.0005,-0.00680019982054364,0.7458826001128891,5.0,mlp,core6,10,42
2023-05-04,-0.0030175416031852365,0.5,0.00025,-0.0032675416031852367,0.7434453976859283,5.0,mlp,core6,10,42
2023-05-05,-0.003789358161156997,0.5,0.00025,-0.004039358161156997,0.7404423554514111,5.0,mlp,core6,10,42
2023-05-08,0.0015444568998645991,1.0,0.0005,0.001044456899864599,0.7412157155785144,5.0,mlp,core6,10,42
2023-05-09,0.0011761894056689925,1.0,0.0005,0.0006761894056689925,0.741716917792704,5.0,mlp,core6,10,42
2023-05-10,-0.004414724768139422,2.0,0.001,-0.005414724768139422,0.7377007248269838,5.0,mlp,core6,10,42
2023-05-11,0.002131871646270156,1.0,0.0005,0.001631871646270156,0.7389045577232619,5.0,mlp,core6,10,42
2023-05-12,0.0068186596618033946,1.5,0.00075,0.006068659661803395,0.7433887180066397,5.0,mlp,core6,10,42
2023-05-15,-0.002385721047176048,1.0,0.0005,-0.002885721047176048,0.7412435055368548,5.0,mlp,core6,10,42
2023-05-16,-0.0016263932193396613,2.0,0.001,-0.0026263932193396613,0.7392967086200333,5.0,mlp,core6,10,42
2023-05-17,0.0011958024697378278,1.0,0.0005,0.0006958024697378278,0.7398111130957602,5.0,mlp,core6,10,42
2023-05-18,-0.0006996528245508671,1.5,0.00075,-0.001449652824550867,0.7387386438260268,5.0,mlp,core6,10,42
2023-05-19,0.002257133601233363,1.5,0.00075,0.0015071336012333631,0.7398520216586666,5.0,mlp,core6,10,42
2023-05-22,0.00011968413309659809,0.0,0.0,0.00011968413309659809,0.7399405702064986,5.0,mlp,core6,10,42
2023-05-23,-0.00044896628241986036,1.0,0.0005,-0.0009489662824198604,0.7392383915543782,5.0,mlp,core6,10,42
2023-05-24,0.002174503984861076,0.0,0.0,0.002174503984861076,0.7408458683825755,5.0,mlp,core6,10,42
2023-05-25,0.005070478247944266,1.0,0.0005,0.004570478247944265,0.7442318883090975,5.0,mlp,core6,10,42
2023-05-26,-0.00041780037281569093,0.5,0.00025,-0.0006678003728156909,0.7437348899766234,5.0,mlp,core6,10,42
2023-05-29,-0.0022347310004988685,2.0,0.001,-0.0032347310004988685,0.7413291076718634,5.0,mlp,core6,10,42
2023-05-30,0.0033472462091594934,1.5,0.00075,0.0025972462091594936,0.7432545218865038,5.0,mlp,core6,10,42
2023-05-31,-0.007097594905644655,1.5,0.00075,-0.007847594905644656,0.7374217614869498,5.0,mlp,core6,10,42
2023-06-01,-0.008675303601194173,0.0,0.0,-0.008675303601194173,0.7310244038239231,5.0,mlp,core6,10,42
2023-06-02,-0.005666133685735986,2.0,0.001,-0.006666133685735986,0.7261512974204973,5.0,mlp,core6,10,42
2023-06-05,0.0006179769843583927,1.0,0.0005,0.00011797698435839265,0.726236966560755,5.0,mlp,core6,10,42
2023-06-06,0.0025928242248483002,0.5,0.00025,0.0023428242248483,0.7279384121189938,5.0,mlp,core6,10,42
2023-06-07,-0.0015119640156626701,0.5,0.00025,-0.0017619640156626701,0.7266558108312215,5.0,mlp,core6,10,42
2023-06-08,0.005099482659716159,1.0,0.0005,0.004599482659716159,0.7299980516327218,5.0,mlp,core6,10,42
2023-06-09,0.0006795090448576957,1.5,0.00075,-7.049095514230432e-05,0.7299465933728102,5.0,mlp,core6,10,42
2023-06-12,0.006674988893792033,1.5,0.00075,0.005924988893792033,0.7342715188316055,5.0,mlp,core6,10,42
2023-06-13,-0.006322845467366278,2.0,0.001,-0.007322845467366278,0.7288945619681133,5.0,mlp,core6,10,42
2023-06-14,-0.002075044671073556,1.5,0.00075,-0.0028250446710735557,0.7268354022700507,5.0,mlp,core6,10,42
2023-06-15,0.0020764331420650706,0.5,0.00025,0.0018264331420650706,0.7281629185375829,5.0,mlp,core6,10,42
2023-06-16,-0.00046287088480312377,1.0,0.0005,-0.0009628708848031238,0.7274617916639298,5.0,mlp,core6,10,42
2023-06-19,-0.00905515078920871,0.5,0.00025,-0.00930515078920871,0.720692649999109,5.0,mlp,core6,10,42
2023-06-20,0.0015071473899297416,0.5,0.00025,0.0012571473899297416,0.7215986668829969,5.0,mlp,core6,10,42
2023-06-21,0.0011592076625674963,1.5,0.00075,0.0004092076625674963,0.7218939505867839,5.0,mlp,core6,10,42
2023-06-22,0.0035905379336327314,1.0,0.0005,0.0030905379336327314,0.7241249912251323,5.0,mlp,core6,10,42
2023-06-23,0.0009374368455610238,0.5,0.00025,0.0006874368455610238,0.7246227814248919,5.0,mlp,core6,10,42
2023-06-26,-0.0043184582609683275,0.5,0.00025,-0.004568458260968328,0.7213123724930055,5.0,mlp,core6,10,42
2023-06-27,0.0025571055011823773,1.0,0.0005,0.0020571055011823773,0.7227961881425318,5.0,mlp,core6,10,42
2023-06-28,0.0031467090593650937,1.5,0.00075,0.002396709059365094,0.7245285203147275,5.0,mlp,core6,10,42
2023-06-29,0.0,1.5,0.00075,-0.00075,0.7239851239244914,5.0,mlp,core6,10,42
2023-06-30,-0.0005220342427492142,2.0,0.001,-0.0015220342427492142,0.7228831937746373,5.0,mlp,core6,10,42
2023-07-03,0.0028793805395253003,1.5,0.00075,0.0021293805395253005,0.7244224871798108,5.0,mlp,core6,10,42
2023-07-04,-0.0009401467686984688,1.5,0.00075,-0.0016901467686984688,0.7231981068539314,5.0,mlp,core6,10,42
2023-07-05,-3.397907130420208e-05,1.0,0.0005,-0.0005339790713042021,0.7228119342004646,5.0,mlp,core6,10,42
2023-07-06,-0.002664630301296711,0.5,0.00025,-0.002914630301296711,0.7207052046349051,5.0,mlp,core6,10,42
2023-07-07,-0.0037120021443115547,0.0,0.0,-0.0037120021443115547,0.7180299453698838,5.0,mlp,core6,10,42
2023-07-10,0.006911244796356186,1.0,0.0005,0.006411244796356186,0.7226334111207645,5.0,mlp,core6,10,42
2023-07-11,-0.005917636677622795,1.0,0.0005,-0.0064176366776227955,0.7179958124370802,5.0,mlp,core6,10,42
2023-07-12,-0.00732910365331918,1.5,0.00075,-0.00807910365331918,0.7121950498457519,5.0,mlp,core6,10,42
2023-07-13,0.0026622781297191978,2.0,0.001,0.0016622781297191977,0.7133789161012049,5.0,mlp,core6,10,42
2023-07-14,-0.0008929950417950749,0.5,0.00025,-0.001142995041795075,0.71256352753718,5.0,mlp,core6,10,42
2023-07-17,0.0037544043734669685,0.5,0.00025,0.0035044043734669683,0.7150606382794543,5.0,mlp,core6,10,42
2023-07-18,0.005972522572847083,1.0,0.0005,0.005472522572847083,0.7189738237633931,5.0,mlp,core6,10,42
2023-07-19,-0.008025263552553952,0.5,0.00025,-0.008275263552553952,0.7130241258843636,5.0,mlp,core6,10,42
2023-07-20,0.007315629627555609,0.5,0.00025,0.0070656296275556085,0.718062090273374,5.0,mlp,core6,10,42
2023-07-21,-0.006672378280200064,0.5,0.00025,-0.006922378280200064,0.7130913928558306,5.0,mlp,core6,10,42
2023-07-24,-0.002567967021605,0.5,0.00025,-0.002817967021605,0.7110819248273724,5.0,mlp,core6,10,42
2023-07-25,0.003636101959273219,0.5,0.00025,0.003386101959273219,0.7134897207262341,5.0,mlp,core6,10,42
2023-07-26,0.010863518808037043,1.5,0.00075,0.010113518808037042,0.72070561243614,5.0,mlp,core6,10,42
2023-07-27,0.002962487342301756,1.0,0.0005,0.002462487342301756,0.7224803408842898,5.0,mlp,core6,10,42
2023-07-28,0.008033493591938168,1.0,0.0005,0.007533493591938167,0.727923141902643,5.0,mlp,core6,10,42
2023-07-31,0.011236992111662403,1.5,0.00075,0.010486992111662402,0.7355568661496724,5.0,mlp,core6,10,42
2023-08-01,0.0009200996719300747,0.5,0.00025,0.0006700996719300747,0.7360497625643652,5.0,mlp,core6,10,42
2023-08-02,-0.003953890278353356,0.5,0.00025,-0.004203890278353356,0.7329554901231365,5.0,mlp,core6,10,42
2023-08-03,-0.007211848635051865,0.5,0.00025,-0.007461848635051865,0.7274862871996075,5.0,mlp,core6,10,42
2023-08-04,0.002849567521479912,1.0,0.0005,0.002349567521479912,0.7291955653523338,5.0,mlp,core6,10,42
2023-08-07,0.0005468341987580061,1.5,0.00075,-0.00020316580124199392,0.7290474177510369,5.0,mlp,core6,10,42
2023-08-08,0.002638850943185389,0.0,0.0,0.002638850943185389,0.7309712652169961,5.0,mlp,core6,10,42
2023-08-09,-0.004435008340806235,1.0,0.0005,-0.004935008340806235,0.7273639159262606,5.0,mlp,core6,10,42
2023-08-10,0.00420426506025251,0.5,0.00025,0.00395426506025251,0.7302401056450962,5.0,mlp,core6,10,42
2023-08-11,0.003170889671309851,1.5,0.00075,0.0024208896713098513,0.7320079363744286,5.0,mlp,core6,10,42
2023-08-14,-1.3747107004746795e-05,1.0,0.0005,-0.0005137471070047468,0.7316318694148118,5.0,mlp,core6,10,42
2023-08-15,0.0033031298080459237,0.0,0.0,0.0033031298080459237,0.7340485444511923,5.0,mlp,core6,10,42
2023-08-16,0.00043242931133136153,0.0,0.0,0.00043242931133136153,0.734365968557753,5.0,mlp,core6,10,42
2023-08-17,-0.0036051627321285196,0.5,0.00025,-0.00385516273212852,0.7315348682440258,5.0,mlp,core6,10,42
2023-08-18,0.002627620742714498,0.5,0.00025,0.002377620742714498,0.7332741807207817,5.0,mlp,core6,10,42
2023-08-21,-0.0051462684641592205,0.5,0.00025,-0.005396268464159221,0.7293172363837759,5.0,mlp,core6,10,42
2023-08-22,-0.0009850157075561583,0.5,0.00025,-0.0012350157075561583,0.7284165181410505,5.0,mlp,core6,10,42
2023-08-23,0.001438685692846775,0.5,0.00025,0.001188685692846775,0.7292823764345979,5.0,mlp,core6,10,42
2023-08-24,-0.0016392266188631766,2.0,0.001,-0.0026392266188631766,0.7273576349740439,5.0,mlp,core6,10,42
2023-08-25,-0.0011359742929926142,1.5,0.00075,-0.0018859742929926142,0.725985857172671,5.0,mlp,core6,10,42
2023-08-28,0.001471052411943674,1.0,0.0005,0.0009710524119436741,0.7266908274903155,5.0,mlp,core6,10,42
2023-08-29,0.0010713257070165128,0.0,0.0,0.0010713257070165128,0.727469350054859,5.0,mlp,core6,10,42
2023-08-30,-0.0017481172690168023,0.0,0.0,-0.0017481172690168023,0.7261976483213477,5.0,mlp,core6,10,42
2023-08-31,0.0005970648489892483,0.5,0.00025,0.00034706484898924827,0.7264496859984987,5.0,mlp,core6,10,42
2023-09-01,-9.782947017811239e-05,1.0,0.0005,-0.0005978294701781124,0.7260153929676072,5.0,mlp,core6,10,42
2023-09-04,-0.0027699110796675086,1.0,0.0005,-0.0032699110796675086,0.7236413871901333,5.0,mlp,core6,10,42
2023-09-05,0.0017542542395858618,1.5,0.00075,0.0010042542395858618,0.7243681071211587,5.0,mlp,core6,10,42
2023-09-06,-0.0034875016135629267,0.5,0.00025,-0.003737501613562927,0.7216607801519799,5.0,mlp,core6,10,42
2023-09-07,0.0012338820670265704,0.0,0.0,0.0012338820670265704,0.7225512244470859,5.0,mlp,core6,10,42
2023-09-08,-0.0026487422874197364,1.0,0.0005,-0.0031487422874197364,0.7202760968518425,5.0,mlp,core6,10,42
2023-09-11,0.0006460557924583554,1.5,0.00075,-0.00010394420754164459,0.720201228323744,5.0,mlp,core6,10,42
2023-09-12,-0.001174801742308773,0.5,0.00025,-0.001424801742308773,0.7191750843588154,5.0,mlp,core6,10,42
2023-09-13,-0.00012010562932118773,1.0,0.0005,-0.0006201056293211877,0.718729119840537,5.0,mlp,core6,10,42
2023-09-14,-0.0018161547341151163,1.0,0.0005,-0.0023161547341151163,0.717064431987072,5.0,mlp,core6,10,42
2023-09-15,-5.067135498393327e-05,1.0,0.0005,-0.0005506713549839333,0.7166695651446989,5.0,mlp,core6,10,42
2023-09-18,0.0025724668412294704,1.5,0.00075,0.0018224668412294704,0.7179756716632935,5.0,mlp,core6,10,42
2023-09-19,0.0022549773566424847,0.5,0.00025,0.0020049773566424844,0.7194151966275985,5.0,mlp,core6,10,42
2023-09-20,-0.005638559714498115,0.5,0.00025,-0.005888559714498115,0.7151788772827394,5.0,mlp,core6,10,42
2023-09-21,0.0018476637051207945,0.0,0.0,0.0018476637051207945,0.7165002873369638,5.0,mlp,core6,10,42
2023-09-22,0.0023689038353040814,0.5,0.00025,0.0021189038353040812,0.7180184825437985,5.0,mlp,core6,10,42
2023-09-25,-0.000687324209138751,1.5,0.00075,-0.001437324209138751,0.7169864571962292,5.0,mlp,core6,10,42
2023-09-26,0.0023542012786492705,1.5,0.00075,0.0016042012786492705,0.7181366477876376,5.0,mlp,core6,10,42
2023-09-27,-0.006414430099539459,1.0,0.0005,-0.006914430099539459,0.7131711421345924,5.0,mlp,core6,10,42
2023-09-28,0.0,0.5,0.00025,-0.00025,0.7129928493490588,5.0,mlp,core6,10,42
2023-09-29,-0.0035810942063108087,1.0,0.0005,-0.004081094206310809,0.7100830583624393,5.0,mlp,core6,10,42
2023-10-02,-0.004667551664169878,0.5,0.00025,-0.004917551664169878,0.7065911882370903,5.0,mlp,core6,10,42
2023-10-03,-0.00021012237994000316,0.5,0.00025,-0.00046012237994000316,0.7062660698179141,5.0,mlp,core6,10,42
2023-10-04,0.0009851382346823812,1.5,0.00075,0.00023513823468238114,0.706432139974787,5.0,mlp,core6,10,42
2023-10-05,-0.0006741237593814731,0.5,0.00025,-0.0009241237593814731,0.7057793092498457,5.0,mlp,core6,10,42
2023-10-06,0.003881914890371263,0.5,0.00025,0.003631914890371263,0.708342639632426,5.0,mlp,core6,10,42
2023-10-09,-0.0008639762090751901,1.0,0.0005,-0.0013639762090751901,0.7073764771240939,5.0,mlp,core6,10,42
2023-10-10,0.0027938074490521103,0.5,0.00025,0.00254380744905211,0.7091759066758864,5.0,mlp,core6,10,42
2023-10-11,0.004863109905272722,0.5,0.00025,0.004613109905272722,0.7124474130755536,5.0,mlp,core6,10,42
2023-10-12,-0.0004602371482178569,1.5,0.00075,-0.001210237148217857,0.7115851827500979,5.0,mlp,core6,10,42
2023-10-13,0.003943602143408498,0.5,0.00025,0.0036936021434084976,0.7142134953063213,5.0,mlp,core6,10,42
2023-10-16,-0.00509140663780272,1.5,0.00075,-0.00584140663780272,0.7100414838540307,5.0,mlp,core6,10,42
2023-10-17,0.0018028459817287512,0.5,0.00025,0.0015528459817287512,0.7111440689190941,5.0,mlp,core6,10,42
2023-10-18,0.0021299507352523506,1.0,0.0005,0.0016299507352523506,0.7123031987170991,5.0,mlp,core6,10,42
2023-10-19,-0.0014527785533573478,1.5,0.00075,-0.0022027785533573476,0.7107341525074773,5.0,mlp,core6,10,42
2023-10-20,0.00019421169417910278,1.0,0.0005,-0.00030578830582089723,0.7105168183150931,5.0,mlp,core6,10,42
2023-10-23,-0.003892699140124023,1.0,0.0005,-0.004392699140124023,0.7073957316982368,5.0,mlp,core6,10,42
2023-10-24,0.0014173821546137333,1.0,0.0005,0.0009173821546137333,0.7080446839187468,5.0,mlp,core6,10,42
2023-10-25,0.002833132282830775,1.5,0.00075,0.002083132282830775,0.7095196346575046,5.0,mlp,core6,10,42
2023-10-26,-0.009034718968905509,0.5,0.00025,-0.009284718968905509,0.7029319442467892,5.0,mlp,core6,10,42
2023-10-27,0.0014209039800334722,1.0,0.0005,0.0009209039800334722,0.7035792770719388,5.0,mlp,core6,10,42
2023-10-30,0.006500827148556709,1.0,0.0005,0.006000827148556709,0.707801334698954,5.0,mlp,core6,10,42
2023-10-31,0.0012479155557230115,0.5,0.00025,0.0009979155557230115,0.7085076606612115,5.0,mlp,core6,10,42
2023-11-01,-0.0015829537296667695,1.5,0.00075,-0.0023329537296667693,0.7068547450717745,5.0,mlp,core6,10,42
2023-11-02,-0.0014470776077359915,1.5,0.00075,-0.0021970776077359913,0.7053017303394553,5.0,mlp,core6,10,42
2023-11-03,0.0016838081937748939,0.5,0.00025,0.0014338081937748939,0.7063129977394996,5.0,mlp,core6,10,42
2023-11-06,0.00315606061485596,0.5,0.00025,0.00290606061485596,0.7083655861239911,5.0,mlp,core6,10,42
2023-11-07,0.0028850913658970967,1.0,0.0005,0.0023850913658970967,0.7100551027673542,5.0,mlp,core6,10,42
2023-11-08,0.0009385905068484135,1.0,0.0005,0.0004385905068484135,0.7103665261947673,5.0,mlp,core6,10,42
2023-11-09,-4.1512364987283945e-05,1.0,0.0005,-0.000541512364987284,0.7099818539371597,5.0,mlp,core6,10,42
2023-11-10,-0.002519539775676094,2.0,0.001,-0.003519539775676094,0.7074830445622197,5.0,mlp,core6,10,42
2023-11-13,-0.006238332483917475,1.5,0.00075,-0.0069883324839174745,0.7025389178200846,5.0,mlp,core6,10,42
2023-11-14,0.0028187346761114895,2.0,0.001,0.0018187346761114895,0.7038166497112419,5.0,mlp,core6,10,42
2023-11-15,0.0016439763676316943,1.0,0.0005,0.0011439763676316943,0.7046217993256574,5.0,mlp,core6,10,42
2023-11-16,0.0010204102145507932,1.0,0.0005,0.0005204102145507932,0.7049884917074216,5.0,mlp,core6,10,42
2023-11-17,0.002218162757344544,2.0,0.001,0.001218162757344544,0.7058472824323762,5.0,mlp,core6,10,42
2023-11-20,-0.0015455274260602891,2.0,0.001,-0.002545527426060289,0.7040505288163345,5.0,mlp,core6,10,42
2023-11-21,-0.0011261124163866043,1.5,0.00075,-0.0018761124163866043,0.7027296508774585,5.0,mlp,core6,10,42
2023-11-22,-0.0032813657890073955,1.5,0.00075,-0.004031365789007395,0.6998966906039901,5.0,mlp,core6,10,42
2023-11-23,0.002452032844303176,2.0,0.001,0.0014520328443031758,0.7009129635863662,5.0,mlp,core6,10,42
2023-11-24,0.0002489727921783924,1.5,0.00075,-0.0005010272078216076,0.7005617871212946,5.0,mlp,core6,10,42
2023-11-27,-0.0038455737521871924,1.0,0.0005,-0.004345573752187193,0.6975174442073949,5.0,mlp,core6,10,42
2023-11-28,0.002429344276606571,1.0,0.0005,0.001929344276606571,0.6988631954962098,5.0,mlp,core6,10,42
2023-11-29,-0.0009440325666218996,1.0,0.0005,-0.0014440325666218996,0.6978540142822999,5.0,mlp,core6,10,42
2023-11-30,-0.005192265365622006,0.0,0.0,-0.005192265365622006,0.6942305710536816,5.0,mlp,core6,10,42
2023-12-01,-0.0007109838770702481,1.5,0.00075,-0.0014609838770702481,0.6932163113824028,5.0,mlp,core6,10,42
2023-12-04,-0.0031399064464494586,0.0,0.0,-0.0031399064464494586,0.6910396770175092,5.0,mlp,core6,10,42
2023-12-05,0.0011699743729423062,1.5,0.00075,0.0004199743729423062,0.6913298959725429,5.0,mlp,core6,10,42
2023-12-06,0.0014564974699169397,0.5,0.00025,0.0012064974699169397,0.6921639837429117,5.0,mlp,core6,10,42
2023-12-07,0.0018227137043140829,0.5,0.00025,0.0015727137043140829,0.6932525595257767,5.0,mlp,core6,10,42
2023-12-08,-0.001212257464430877,1.0,0.0005,-0.001712257464430877,0.6920655326559929,5.0,mlp,core6,10,42
2023-12-11,-0.004866993360337801,0.5,0.00025,-0.0051169933603378015,0.6885242379204736,5.0,mlp,core6,10,42
2023-12-12,-0.004214316140860319,0.5,0.00025,-0.004464316140860319,0.6854504480517517,5.0,mlp,core6,10,42
2023-12-13,-0.006497760070487857,1.0,0.0005,-0.006997760070487857,0.6806538302760772,5.0,mlp,core6,10,42
2023-12-14,0.003220339240215253,1.0,0.0005,0.002720339240215253,0.68250543959958,5.0,mlp,core6,10,42
2023-12-15,0.0001238082186318934,0.5,0.00025,-0.0001261917813681066,0.6824193130223635,5.0,mlp,core6,10,42
2023-12-18,0.005120698129758239,0.0,0.0,0.005120698129758239,0.685913776322268,5.0,mlp,core6,10,42
2023-12-19,0.00451871647965163,1.0,0.0005,0.0040187164796516295,0.6886702693187945,5.0,mlp,core6,10,42
2023-12-20,-0.003982107969932258,1.5,0.00075,-0.004732107969932258,0.6854114072486956,5.0,mlp,core6,10,42
2023-12-21,0.0021368410671129823,0.5,0.00025,0.0018868410671129823,0.6867046696397602,5.0,mlp,core6,10,42
2023-12-22,-5.600909935310483e-05,1.5,0.00075,-0.0008060090993531048,0.6861511794274623,5.0,mlp,core6,10,42
2023-12-25,0.002651425136718899,1.0,0.0005,0.002151425136718899,0.6876273823224719,5.0,mlp,core6,10,42
2023-12-26,-0.006813159823650494,0.5,0.00025,-0.0070631598236504944,0.6827705602220099,5.0,mlp,core6,10,42
2023-12-27,0.0030505373142659664,1.5,0.00075,0.0023005373142659666,0.6843412993728829,5.0,mlp,core6,10,42
2023-12-28,0.003756462232558988,0.5,0.00025,0.003506462232558988,0.6867409162933142,5.0,mlp,core6,10,42
2023-12-29,-8.20435889181681e-06,1.0,0.0005,-0.0005082043588918168,0.6863919115662247,5.0,mlp,core6,10,42
2024-01-01,-0.0012527855578809977,0.0,0.0,-0.0012527855578809977,0.6855320096923682,5.0,mlp,core6,10,42
2024-01-02,-0.004446446953807026,0.5,0.00025,-0.004696446953807026,0.6823124449737112,5.0,mlp,core6,10,42
2024-01-03,0.004319314582971856,1.0,0.0005,0.003819314582971856,0.6849184108449425,5.0,mlp,core6,10,42
2024-01-04,-0.0006277162028709427,1.0,0.0005,-0.0011277162028709427,0.6841460172553882,5.0,mlp,core6,10,42
2024-01-05,-0.0006341561092995107,1.5,0.00075,-0.0013841561092995107,0.6831990523659511,5.0,mlp,core6,10,42
2024-01-08,3.5140314139425755e-05,1.0,0.0005,-0.00046485968586057426,0.6828814606690881,5.0,mlp,core6,10,42
2024-01-09,0.004332591197453439,1.0,0.0005,0.0038325911974534392,0.6854986661441526,5.0,mlp,core6,10,42
2024-01-10,-0.005884604383027181,0.5,0.00025,-0.006134604383027181,0.6812934030222654,5.0,mlp,core6,10,42
2024-01-11,0.002739474264672026,1.0,0.0005,0.002239474264672026,0.6828191420650246,5.0,mlp,core6,10,42
2024-01-12,-0.0027897076215595007,1.5,0.00075,-0.0035397076215595005,0.6804021619437103,5.0,mlp,core6,10,42
2024-01-15,-0.004119030432775617,1.0,0.0005,-0.004619030432775617,0.677259363651166,5.0,mlp,core6,10,42
2024-01-16,0.0071290049236267805,1.5,0.00075,0.006379004923626781,0.6815796044664691,5.0,mlp,core6,10,42
2024-01-17,-0.002821451438649092,1.0,0.0005,-0.003321451438649092,0.6793157709086601,5.0,mlp,core6,10,42
2024-01-18,0.0004811550952581456,0.5,0.00025,0.0002311550952581456,0.6794727982103949,5.0,mlp,core6,10,42
2024-01-19,-0.0023977496020961553,0.0,0.0,-0.0023977496020961553,0.6778435925788507,5.0,mlp,core6,10,42
2024-01-22,0.0020629342179745436,1.5,0.00075,0.0013129342179745436,0.6787335566259823,5.0,mlp,core6,10,42
2024-01-23,0.0011828604619950056,1.5,0.00075,0.0004328604619950056,0.6790273535468749,5.0,mlp,core6,10,42
2024-01-24,-0.0029391496209427714,1.0,0.0005,-0.0034391496209427714,0.6766920768813145,5.0,mlp,core6,10,42
2024-01-25,-3.202032530680299e-06,0.5,0.00025,-0.0002532020325306803,0.6765207370720507,5.0,mlp,core6,10,42
2024-01-26,0.0017057823133654892,0.5,0.00025,0.0014557823133654892,0.6775056039957051,5.0,mlp,core6,10,42
2024-01-29,0.0006712767790304497,1.0,0.0005,0.00017127677903044968,0.6776216449733327,5.0,mlp,core6,10,42
2024-01-30,0.0012822580465581268,0.5,0.00025,0.0010322580465581268,0.6783211253688782,5.0,mlp,core6,10,42
2024-01-31,0.004476021509617567,0.0,0.0,0.004476021509617567,0.6813573053164573,5.0,mlp,core6,10,42
2024-02-01,-0.0031545041128993034,0.0,0.0,-0.0031545041128993034,0.6792079608944825,5.0,mlp,core6,10,42
2024-02-02,0.0033331279119011015,0.0,0.0,0.0033331279119011015,0.6814718479069254,5.0,mlp,core6,10,42
2024-02-05,-0.0031911387341096997,0.5,0.00025,-0.0034411387341097,0.6791268087348876,5.0,mlp,core6,10,42
2024-02-06,-0.002954757452243939,0.5,0.00025,-0.0032047574522439393,0.6769503720335759,5.0,mlp,core6,10,42
2024-02-07,-0.0012157674063928425,1.0,0.0005,-0.0017157674063928425,0.6757888826494952,5.0,mlp,core6,10,42
2024-02-08,-0.0017427302373107523,1.0,0.0005,-0.0022427302373107523,0.6742732704883387,5.0,mlp,core6,10,42
2024-02-09,0.00391788333945442,2.0,0.001,0.00291788333945442,0.6762407212305361,5.0,mlp,core6,10,42
2024-02-12,-0.0035158065147697926,2.0,0.001,-0.004515806514769793,0.6731869489760507,5.0,mlp,core6,10,42
2024-02-13,0.0027240367489866912,1.0,0.0005,0.0022240367489866912,0.6746841414895117,5.0,mlp,core6,10,42
2024-02-14,0.0012070134980604053,2.0,0.001,0.00020701349806040523,0.6748238102137274,5.0,mlp,core6,10,42
2024-02-15,-0.001014232577290386,2.0,0.001,-0.002014232577290386,0.6734645581112637,5.0,mlp,core6,10,42
2024-02-16,-0.0013420560862869024,1.5,0.00075,-0.0020920560862869022,0.6720556324835685,5.0,mlp,core6,10,42
2024-02-19,-0.0009422058355994523,1.0,0.0005,-0.0014422058355994523,0.6710863899285532,5.0,mlp,core6,10,42
2024-02-20,0.0007134023762773722,2.0,0.001,-0.0002865976237226278,0.670894058163887,5.0,mlp,core6,10,42
2024-02-21,0.001170880175777711,1.5,0.00075,0.00042088017577771096,0.6711764241730153,5.0,mlp,core6,10,42
2024-02-22,-0.00018672775331651792,2.0,0.001,-0.001186727753316518,0.6703799204830774,5.0,mlp,core6,10,42
2024-02-23,-0.0015369573957286775,1.0,0.0005,-0.0020369573957286775,0.6690143851461015,5.0,mlp,core6,10,42
2024-02-26,-0.0005433966362033971,1.5,0.00075,-0.001293396636203397,0.6681490841907818,5.0,mlp,core6,10,42
2024-02-27,-0.0019410039640206378,2.0,0.001,-0.002941003964020638,0.66618405508562,5.0,mlp,core6,10,42
2024-02-28,-0.0034453236003173515,2.0,0.001,-0.0044453236003173515,0.6632226513833928,5.0,mlp,core6,10,42
2024-02-29,-0.000438056536950171,0.5,0.00025,-0.000688056536950171,0.662766316702655,5.0,mlp,core6,10,42
2024-03-01,0.0008589179487898946,0.0,0.0,0.0008589179487898946,0.6633355785879242,5.0,mlp,core6,10,42
2024-03-04,0.002691156176297227,0.0,0.0,0.002691156176297227,0.6651207182271989,5.0,mlp,core6,10,42
2024-03-05,-0.0037124312948435545,0.5,0.00025,-0.003962431294843555,0.6624852230784466,5.0,mlp,core6,10,42
2024-03-06,0.0016727664042264223,1.0,0.0005,0.0011727664042264223,0.6632621634913695,5.0,mlp,core6,10,42
2024-03-07,-3.503219340927899e-05,0.5,0.00025,-0.000285032193409279,0.6630731124221042,5.0,mlp,core6,10,42
2024-03-08,0.0007285644678631797,1.0,0.0005,0.00022856446786317973,0.6632246673751994,5.0,mlp,core6,10,42
2024-03-11,0.001267745770746842,0.5,0.00025,0.001017745770746842,0.6638996614754754,5.0,mlp,core6,10,42
2024-03-12,-0.0005428141739685088,0.0,0.0,-0.0005428141739685088,0.6635392873291336,5.0,mlp,core6,10,42
2024-03-13,-0.00012700119987130165,1.0,0.0005,-0.0006270011998713017,0.6631232473998165,5.0,mlp,core6,10,42
2024-03-14,-0.0004718646960100159,1.0,0.0005,-0.0009718646960100159,0.6624787813265651,5.0,mlp,core6,10,42
2024-03-15,-0.0018108731019310653,1.0,0.0005,-0.0023108731019310653,0.6609478769301975,5.0,mlp,core6,10,42
2024-03-18,0.006918058730661869,1.0,0.0005,0.006418058730661869,0.6651898792222418,5.0,mlp,core6,10,42
2024-03-19,0.001422050700057298,1.5,0.00075,0.0006720507000572979,0.6656369205462441,5.0,mlp,core6,10,42
2024-03-20,-0.001989528303965926,0.5,0.00025,-0.0022395283039659264,0.6641462078225161,5.0,mlp,core6,10,42
2024-03-21,0.004436879913555458,1.0,0.0005,0.003936879913555458,0.6667608716877567,5.0,mlp,core6,10,42
2024-03-22,-0.0008418665966019034,0.5,0.00025,-0.0010918665966019034,0.6660328577640396,5.0,mlp,core6,10,42
2024-03-25,-0.002139978634659201,0.5,0.00025,-0.002389978634659201,0.6644410534640026,5.0,mlp,core6,10,42
2024-03-26,-0.002353156276512891,1.0,0.0005,-0.002853156276512891,0.662545299301939,5.0,mlp,core6,10,42
2024-03-27,0.0039170375966932625,1.0,0.0005,0.0034170375966932624,0.6648092414991661,5.0,mlp,core6,10,42
2024-03-28,-0.0003538171004038304,0.0,0.0,-0.0003538171004038304,0.6645740206210172,5.0,mlp,core6,10,42
2024-03-29,0.003920490096788853,1.0,0.0005,0.0034204900967888534,0.6668471894771346,5.0,mlp,core6,10,42
2024-04-01,-0.004862804446020164,0.5,0.00025,-0.005112804446020164,0.6634377302019598,5.0,mlp,core6,10,42
2024-04-02,-0.0038259505381574854,0.0,0.0,-0.0038259505381574854,0.6608994502610597,5.0,mlp,core6,10,42
2024-04-03,0.0018433838849887252,2.0,0.001,0.0008433838849887252,0.6614568422070078,5.0,mlp,core6,10,42
2024-04-04,0.0007045595557428896,2.0,0.001,-0.0002954404442571104,0.6612614211036894,5.0,mlp,core6,10,42
2024-04-05,0.001893850858323276,1.5,0.00075,0.001143850858323276,0.6620178055477949,5.0,mlp,core6,10,42
2024-04-08,0.0004702110236394219,1.0,0.0005,-2.97889763605781e-05,0.6619980847150352,5.0,mlp,core6,10,42
2024-04-09,-0.0014078039675951004,1.0,0.0005,-0.0019078039675951004,0.6607351221424755,5.0,mlp,core6,10,42
2024-04-10,0.0005961115821264684,1.0,0.0005,9.611158212646841e-05,0.6607986264404312,5.0,mlp,core6,10,42
2024-04-11,-0.0022957071487326175,1.0,0.0005,-0.0027957071487326175,0.658951226996619,5.0,mlp,core6,10,42
2024-04-12,0.002090278547257185,1.0,0.0005,0.001590278547257185,0.6599991429966006,5.0,mlp,core6,10,42
2024-04-15,0.004181287775281817,0.0,0.0,0.004181287775281817,0.6627587893449087,5.0,mlp,core6,10,42
2024-04-16,-0.000785422045737505,0.5,0.00025,-0.001035422045737505,0.6620725542834147,5.0,mlp,core6,10,42
2024-04-17,-0.0015950065208016895,1.5,0.00075,-0.0023450065208016893,0.6605199898263763,5.0,mlp,core6,10,42
2024-04-18,0.0011507750750752166,1.0,0.0005,0.0006507750750752166,0.6609498397723442,5.0,mlp,core6,10,42
2024-04-19,0.001126985516748391,0.5,0.00025,0.0008769855167483911,0.6615294832091216,5.0,mlp,core6,10,42
2024-04-22,0.0019312670920044184,1.0,0.0005,0.0014312670920044184,0.6624763085888296,5.0,mlp,core6,10,42
2024-04-23,0.002272878948133439,0.5,0.00025,0.0020228789481334386,0.663816417967111,5.0,mlp,core6,10,42
2024-04-24,0.003709884127601981,0.5,0.00025,0.003459884127601981,0.6661131458552769,5.0,mlp,core6,10,42
2024-04-25,-0.007710991798376199,1.0,0.0005,-0.0082109917983762,0.6606436962778687,5.0,mlp,core6,10,42
2024-04-26,-0.005268667475320399,1.0,0.0005,-0.005768667475320399,0.6568326624743751,5.0,mlp,core6,10,42
2024-04-29,0.002475781599059701,0.5,0.00025,0.0022257815990597007,0.6582946285281719,5.0,mlp,core6,10,42
2024-04-30,-0.004215093562379479,0.0,0.0,-0.004215093562379479,0.6555198550773138,5.0,mlp,core6,10,42
2024-05-01,-0.010097130598296644,0.0,0.0,-0.010097130598296644,0.6489009854908216,5.0,mlp,core6,10,42
2024-05-02,-0.0001691446523182094,0.5,0.00025,-0.0004191446523182094,0.6486290021128692,5.0,mlp,core6,10,42
2024-05-03,-0.0019786748744081706,1.5,0.00075,-0.0027286748744081704,0.6468591044519914,5.0,mlp,core6,10,42
2024-05-06,-0.0007726735202595592,1.0,0.0005,-0.0012726735202595592,0.6460358639984165,5.0,mlp,core6,10,42
2024-05-07,0.001525500018033199,1.0,0.0005,0.001025500018033199,0.646698373788597,5.0,mlp,core6,10,42
2024-05-08,0.0018210043053841218,1.0,0.0005,0.0013210043053841218,0.6475526651246566,5.0,mlp,core6,10,42
2024-05-09,0.0008824596734484658,1.5,0.00075,0.00013245967344846575,0.6476384397392196,5.0,mlp,core6,10,42
2024-05-10,0.003504595748381689,0.5,0.00025,0.003254595748381689,0.6497462410516834,5.0,mlp,core6,10,42
2024-05-13,0.001588745042681694,1.0,0.0005,0.001088745042681694,0.6504536490506295,5.0,mlp,core6,10,42
2024-05-14,-0.004351863404735923,0.0,0.0,-0.004351863404735923,0.6476229636188492,5.0,mlp,core6,10,42
2024-05-15,-0.0001552835456095636,1.0,0.0005,-0.0006552835456095636,0.6471985869470309,5.0,mlp,core6,10,42
2024-05-16,0.00026638363488018513,1.0,0.0005,-0.00023361636511981488,0.6470473907656377,5.0,mlp,core6,10,42
2024-05-17,0.0016419512394350022,2.0,0.001,0.0006419512394350022,0.6474627636401129,5.0,mlp,core6,10,42
2024-05-20,-0.0003832651800621534,1.5,0.00075,-0.0011332651800621534,0.6467290166346927,5.0,mlp,core6,10,42
2024-05-21,0.0005386525299400091,1.5,0.00075,-0.0002113474700599909,0.6465923320932125,5.0,mlp,core6,10,42
2024-05-22,-0.0016081455396488309,1.0,0.0005,-0.002108145539648831,0.6452292213523392,5.0,mlp,core6,10,42
2024-05-23,0.0021236073516774923,1.0,0.0005,0.0016236073516774923,0.6462768202596441,5.0,mlp,core6,10,42
2024-05-24,0.0013423101408989169,0.5,0.00025,0.0010923101408989169,0.6469827549842415,5.0,mlp,core6,10,42
2024-05-27,0.0016605792043264955,0.5,0.00025,0.0014105792043264955,0.6478953754039801,5.0,mlp,core6,10,42
2024-05-28,0.0005361447692848742,0.0,0.0,0.0005361447692848742,0.6482427411205468,5.0,mlp,core6,10,42
2024-05-29,0.0033251988934352994,0.5,0.00025,0.003075198893435299,0.6502362164807182,5.0,mlp,core6,10,42
2024-05-30,0.0,1.0,0.0005,-0.0005,0.6499110983724778,5.0,mlp,core6,10,42
2024-05-31,0.00101201405050233,1.0,0.0005,0.0005120140505023301,0.650243861986422,5.0,mlp,core6,10,42
2024-06-03,-0.0007872030837461352,0.5,0.00025,-0.0010372030837461352,0.6495694270475827,5.0,mlp,core6,10,42
2024-06-04,-0.0036814397026319057,1.0,0.0005,-0.004181439702631906,0.6468532916557101,5.0,mlp,core6,10,42
2024-06-05,0.00059323018649593,0.5,0.00025,0.00034323018649592995,0.6470753112316406,5.0,mlp,core6,10,42
2024-06-06,0.003957349574193358,1.0,0.0005,0.0034573495741933584,0.6493124767833984,5.0,mlp,core6,10,42
2024-06-07,-0.001915296248625964,0.5,0.00025,-0.002165296248625964,0.6479065229132334,5.0,mlp,core6,10,42
2024-06-10,0.0008800098148640245,1.0,0.0005,0.0003800098148640245,0.6481527337510549,5.0,mlp,core6,10,42
2024-06-11,-0.0009657589835114777,0.5,0.00025,-0.0012157589835114777,0.6473647362423095,5.0,mlp,core6,10,42
2024-06-12,0.0045470897312043235,1.0,0.0005,0.004047089731204323,0.6499846794186995,5.0,mlp,core6,10,42
2024-06-13,0.00248325418215245,1.0,0.0005,0.00198325418215245,0.6512737642524917,5.0,mlp,core6,10,42
2024-06-14,-0.0016361500602215528,1.0,0.0005,-0.002136150060221553,0.6498825457617631,5.0,mlp,core6,10,42
2024-06-17,-0.0022923735377844423,0.5,0.00025,-0.0025423735377844425,0.6482303015747504,5.0,mlp,core6,10,42
2024-06-18,-0.0007731677615083754,0.0,0.0,-0.0007731677615083754,0.6477291108035399,5.0,mlp,core6,10,42
2024-06-19,-0.002592541044577956,0.5,0.00025,-0.0028425410445779564,0.6458879142203129,5.0,mlp,core6,10,42
2024-06-20,-0.0026596300886012614,0.0,0.0,-0.0026596300886012614,0.6441700912897886,5.0,mlp,core6,10,42
2024-06-21,-0.0005513863870874047,1.0,0.0005,-0.0010513863870874047,0.6434928196248377,5.0,mlp,core6,10,42
2024-06-24,0.0008141281286953017,0.5,0.00025,0.0005641281286953017,0.6438558320250015,5.0,mlp,core6,10,42
2024-06-25,0.0039882881683297455,1.0,0.0005,0.0034882881683297455,0.6461017867059645,5.0,mlp,core6,10,42
2024-06-26,-0.0030976783018559217,1.0,0.0005,-0.0035976783018559218,0.6437773203271422,5.0,mlp,core6,10,42
2024-06-27,-0.0005271910922601819,0.5,0.00025,-0.0007771910922601819,0.6432769823283848,5.0,mlp,core6,10,42
2024-06-28,-0.0005649074446409941,0.5,0.00025,-0.0008149074446409941,0.6427527711265193,5.0,mlp,core6,10,42
2024-07-01,0.0013806050810671877,0.5,0.00025,0.0011306050810671877,0.6434794706754249,5.0,mlp,core6,10,42
2024-07-02,0.001494541356805712,0.0,0.0,0.001494541356805712,0.6444411773566048,5.0,mlp,core6,10,42
2024-07-03,0.00027360027888789773,1.0,0.0005,-0.00022639972111210228,0.6442952760537781,5.0,mlp,core6,10,42
2024-07-04,-0.002558372332714498,2.0,0.001,-0.003558372332714498,0.6420026335693697,5.0,mlp,core6,10,42
2024-07-05,0.0026592095382511616,1.0,0.0005,0.0021592095382511616,0.6433888517793551,5.0,mlp,core6,10,42
2024-07-08,-0.00018377506057731807,1.0,0.0005,-0.0006837750605773181,0.642948918528255,5.0,mlp,core6,10,42
2024-07-09,-0.0005325172969605774,2.0,0.001,-0.0015325172969605774,0.6419635881895484,5.0,mlp,core6,10,42
2024-07-10,-0.00944618065841496,1.5,0.00075,-0.01019618065841496,0.6354180114682434,5.0,mlp,core6,10,42
2024-07-11,-0.003522610495565459,1.5,0.00075,-0.004272610495565459,0.6327031178033728,5.0,mlp,core6,10,42
2024-07-12,0.0006116432195995003,2.0,0.001,-0.0003883567804004997,0.6324574032575934,5.0,mlp,core6,10,42
2024-07-15,0.0031269544415408745,0.5,0.00025,0.0028769544415408743,0.6342769543929807,5.0,mlp,core6,10,42
2024-07-16,-0.012731107184663415,1.5,0.00075,-0.013481107184663416,0.6257261987860471,5.0,mlp,core6,10,42
2024-07-17,-0.0022695844527333975,1.5,0.00075,-0.0030195844527333973,0.6238367656845247,5.0,mlp,core6,10,42
2024-07-18,0.0018382392008788884,0.5,0.00025,0.0015882392008788884,0.6248275676907343,5.0,mlp,core6,10,42
2024-07-19,0.005406602576840669,0.5,0.00025,0.005156602576840669,0.6280495551363694,5.0,mlp,core6,10,42
2024-07-22,0.00035112129990011454,1.0,0.0005,-0.00014887870009988547,0.6279560519350024,5.0,mlp,core6,10,42
2024-07-23,-0.006027193216141313,2.0,0.001,-0.007027193216141313,0.6235432834268099,5.0,mlp,core6,10,42
2024-07-24,0.00843524857191369,1.5,0.00075,0.00768524857191369,0.6283353685552922,5.0,mlp,core6,10,42
2024-07-25,-0.001402769994456321,1.0,0.0005,-0.001902769994456321,0.6271397908695495,5.0,mlp,core6,10,42
2024-07-26,0.0018803892889991403,1.0,0.0005,0.0013803892889991403,0.628005487919571,5.0,mlp,core6,10,42
2024-07-29,0.0032866125839063898,1.5,0.00075,0.00253661258390639,0.62959849454299,5.0,mlp,core6,10,42
2024-07-30,0.011409438971895725,0.5,0.00025,0.011159438971895724,0.6366244605196398,5.0,mlp,core6,10,42
2024-07-31,0.0034191074082627892,1.0,0.0005,0.0029191074082627892,0.6384828356986241,5.0,mlp,core6,10,42
2024-08-01,0.019218448840547353,1.0,0.0005,0.018718448840547353,0.6504342439942165,5.0,mlp,core6,10,42
2024-08-02,0.004227069846820086,1.0,0.0005,0.0037270698468200862,0.6528584578523465,5.0,mlp,core6,10,42
2024-08-05,0.00837780610891059,1.0,0.0005,0.00787780610891059,0.6580015501998697,5.0,mlp,core6,10,42
2024-08-06,0.003297562478110194,1.5,0.00075,0.0025475624781101944,0.6596778502596973,5.0,mlp,core6,10,42
2024-08-07,0.003184896893799305,1.5,0.00075,0.002434896893799305,0.6612840978082027,5.0,mlp,core6,10,42
2024-08-08,0.0033618365341681056,1.5,0.00075,0.0026118365341681058,0.6630112637743226,5.0,mlp,core6,10,42
2024-08-09,-0.0014602807495975867,0.5,0.00025,-0.0017102807495975867,0.6618773283731231,5.0,mlp,core6,10,42
2024-08-12,0.00021716907212976366,1.5,0.00075,-0.0005328309278702364,0.6615246596621097,5.0,mlp,core6,10,42
2024-08-13,0.00013728502381127328,1.0,0.0005,-0.00036271497618872673,0.6612847147609322,5.0,mlp,core6,10,42
2024-08-14,-0.0008173780515789986,1.5,0.00075,-0.0015673780515789986,0.6602482316131713,5.0,mlp,core6,10,42
2024-08-15,-0.002462609438225627,0.0,0.0,-0.002462609438225627,0.6586222980864289,5.0,mlp,core6,10,42
2024-08-16,0.0006724888226017356,1.0,0.0005,0.00017248882260173558,0.6587359030711651,5.0,mlp,core6,10,42
2024-08-19,0.007566887623397633,0.5,0.00025,0.007316887623397633,0.6635557996474342,5.0,mlp,core6,10,42
2024-08-20,-0.000335115531925112,1.0,0.0005,-0.000835115531925112,0.6630016538928496,5.0,mlp,core6,10,42
2024-08-21,-8.971634088084102e-06,1.5,0.00075,-0.0007589716340880841,0.6624984544441914,5.0,mlp,core6,10,42
2024-08-22,-0.0033198173623532057,0.5,0.00025,-0.003569817362353206,0.6601334559589844,5.0,mlp,core6,10,42
2024-08-23,0.0034185148833785206,0.5,0.00025,0.0031685148833785204,0.6622250986392065,5.0,mlp,core6,10,42
2024-08-26,0.0020581440185196698,2.0,0.001,0.0010581440185196698,0.6629258281662452,5.0,mlp,core6,10,42
2024-08-27,0.003060954622924328,1.5,0.00075,0.002310954622924328,0.6644578196735019,5.0,mlp,core6,10,42
2024-08-28,-0.0018237916519865394,1.0,0.0005,-0.0023237916519865394,0.6629137581390475,5.0,mlp,core6,10,42
2024-08-29,0.0,0.5,0.00025,-0.00025,0.6627480296995127,5.0,mlp,core6,10,42
2024-08-30,0.007219974375402671,1.0,0.0005,0.006719974375402671,0.6672016794764422,5.0,mlp,core6,10,42
2024-09-02,-0.004482236166950315,1.0,0.0005,-0.004982236166950316,0.6638775231383046,5.0,mlp,core6,10,42
2024-09-03,-0.003653286854387261,0.5,0.00025,-0.003903286854387261,0.6612862187293157,5.0,mlp,core6,10,42
2024-09-04,0.0003991504054283723,1.0,0.0005,-0.00010084959457162769,0.661219528282261,5.0,mlp,core6,10,42
2024-09-05,0.007827687950339168,1.5,0.00075,0.0070776879503391685,0.6658994337701133,5.0,mlp,core6,10,42
2024-09-06,0.0001444168228772469,1.0,0.0005,-0.0003555831771227531,0.6656626511338091,5.0,mlp,core6,10,42
2024-09-09,0.001479709055274725,1.0,0.0005,0.000979709055274725,0.6663148068608831,5.0,mlp,core6,10,42
2024-09-10,-0.00275135732954368,1.0,0.0005,-0.00325135732954368,0.6641483793298125,5.0,mlp,core6,10,42
2024-09-11,-0.004259208537405357,1.5,0.00075,-0.0050092085374053566,0.6608215215979697,5.0,mlp,core6,10,42
2024-09-12,0.0003514014824759215,1.0,0.0005,-0.0001485985175240785,0.6607233244995123,5.0,mlp,core6,10,42
2024-09-13,-0.00015892941155470908,2.0,0.001,-0.001158929411554709,0.6599575928058496,5.0,mlp,core6,10,42
2024-09-16,0.0046494991693180054,1.5,0.00075,0.0038994991693180056,0.6625310968907812,5.0,mlp,core6,10,42
2024-09-17,0.0015569395618513227,1.0,0.0005,0.0010569395618513226,0.6632313522180419,5.0,mlp,core6,10,42
2024-09-18,-0.002978856209665537,1.5,0.00075,-0.0037288562096655367,0.6607582578718787,5.0,mlp,core6,10,42
2024-09-19,-0.0069864803554082755,0.5,0.00025,-0.007236480355408276,0.655976693719115,5.0,mlp,core6,10,42
2024-09-20,-0.0009595956653356552,1.5,0.00075,-0.0017095956653356552,0.6548552388069716,5.0,mlp,core6,10,42
2024-09-23,1.5185913071036339e-05,1.0,0.0005,-0.00048481408692896367,0.6545377557622988,5.0,mlp,core6,10,42
2024-09-24,0.005249533336609602,0.5,0.00025,0.004999533336609602,0.657810139092302,5.0,mlp,core6,10,42
2024-09-25,0.004972787734004669,1.5,0.00075,0.004222787734004669,0.6605879316789649,5.0,mlp,core6,10,42
2024-09-26,-0.004650674993172288,1.5,0.00075,-0.005400674993172288,0.6570203109555549,5.0,mlp,core6,10,42
2024-09-27,0.005705318122636527,1.0,0.0005,0.005205318122636526,0.6604403106871122,5.0,mlp,core6,10,42
2024-09-30,-0.005052967520896345,1.0,0.0005,-0.005552967520896346,0.656772907092376,5.0,mlp,core6,10,42
2024-10-01,0.009996210370445624,0.5,0.00025,0.009746210370445624,0.6631739540105074,5.0,mlp,core6,10,42
2024-10-02,0.0006407609907910228,1.0,0.0005,0.00014076099079102277,0.6632673030333407,5.0,mlp,core6,10,42
2024-10-03,0.004955020849592984,0.5,0.00025,0.0047050208495929835,0.6663879895229659,5.0,mlp,core6,10,42
2024-10-04,-0.006526136407046579,0.5,0.00025,-0.006776136407046579,0.6618724536059407,5.0,mlp,core6,10,42
2024-10-07,-0.003292919285740936,1.0,0.0005,-0.003792919285740936,0.6593620248119582,5.0,mlp,core6,10,42
2024-10-08,0.00020683842012658715,1.0,0.0005,-0.00029316157987341286,0.6591687251990558,5.0,mlp,core6,10,42
2024-10-09,-0.0036516370601020753,1.0,0.0005,-0.004151637060102076,0.6564320958906592,5.0,mlp,core6,10,42
2024-10-10,0.004336730751674622,0.5,0.00025,0.004086730751674622,0.6591147571233217,5.0,mlp,core6,10,42
2024-10-11,0.002545822353567928,0.5,0.00025,0.002295822353567928,0.6606279675162918,5.0,mlp,core6,10,42
2024-10-14,-0.0012201005010865629,1.5,0.00075,-0.0019701005010865627,0.6593264640264561,5.0,mlp,core6,10,42
2024-10-15,0.0019351050141267478,1.5,0.00075,0.0011851050141267478,0.6601078351249203,5.0,mlp,core6,10,42
2024-10-16,0.004782867734320462,0.5,0.00025,0.0045328677343204615,0.6631000166319302,5.0,mlp,core6,10,42
2024-10-17,-0.002536646803491749,0.5,0.00025,-0.002786646803491749,0.6612521910901875,5.0,mlp,core6,10,42
2024-10-18,0.001787755056284368,1.0,0.0005,0.001287755056284368,0.662103721942743,5.0,mlp,core6,10,42
2024-10-21,-0.0023632826819266484,2.0,0.001,-0.0033632826819266484,0.6598768799610938,5.0,mlp,core6,10,42
2024-10-22,0.005489099363330752,1.5,0.00075,0.004739099363330752,0.663004102062794,5.0,mlp,core6,10,42
2024-10-23,-0.005354946886654943,1.0,0.0005,-0.005854946886654944,0.6591222482595821,5.0,mlp,core6,10,42
2024-10-24,0.0030038966797292233,0.5,0.00025,0.002753896679729223,0.6609374028305998,5.0,mlp,core6,10,42
2024-10-25,0.0006508084625238553,0.0,0.0,0.0006508084625238553,0.6613675464855605,5.0,mlp,core6,10,42
2024-10-28,0.0008181078883353621,0.0,0.0,0.0008181078883353621,0.6619086164924294,5.0,mlp,core6,10,42
2024-10-29,-0.004207884267088957,0.5,0.00025,-0.004457884267088957,0.6589579044847171,5.0,mlp,core6,10,42
2024-10-30,0.006955499411560595,1.5,0.00075,0.006205499411560595,0.6630470673732403,5.0,mlp,core6,10,42
2024-10-31,0.006096496246755123,2.0,0.001,0.005096496246755123,0.66642628426353,5.0,mlp,core6,10,42
2024-11-01,0.0007881938508944586,1.0,0.0005,0.0002881938508944586,0.6666183442207292,5.0,mlp,core6,10,42
2024-11-04,0.0003275531344115734,0.5,0.00025,7.75531344115734e-05,0.6666700425627797,5.0,mlp,core6,10,42
2024-11-05,0.010040638968348503,0.5,0.00025,0.009790638968348503,0.6731971682605253,5.0,mlp,core6,10,42
2024-11-06,-0.0020136517705395818,0.5,0.00025,-0.002263651770539582,0.6716732842986702,5.0,mlp,core6,10,42
2024-11-07,-0.001146552967838943,0.5,0.00025,-0.001396552967838943,0.6707352569800649,5.0,mlp,core6,10,42
2024-11-08,0.00375005800742656,0.5,0.00025,0.0035000580074265597,0.6730828692871212,5.0,mlp,core6,10,42
2024-11-11,0.0015446991892531514,1.0,0.0005,0.0010446991892531514,0.6737860384149658,5.0,mlp,core6,10,42
2024-11-12,0.0015762813854962587,0.5,0.00025,0.0013262813854962587,0.6746796682955227,5.0,mlp,core6,10,42
2024-11-13,0.0009574391879141331,0.5,0.00025,0.0007074391879141331,0.6751569631321638,5.0,mlp,core6,10,42
2024-11-14,-0.008823821932310238,0.0,0.0,-0.008823821932310238,0.6691994983131262,5.0,mlp,core6,10,42
2024-11-15,-0.001055828994140029,0.5,0.00025,-0.001305828994140029,0.668325638205365,5.0,mlp,core6,10,42
2024-11-18,-0.0005129544297233224,0.5,0.00025,-0.0007629544297233224,0.6678157361991985,5.0,mlp,core6,10,42
2024-11-19,0.0030892701470293105,1.0,0.0005,0.0025892701470293105,0.6695448915486556,5.0,mlp,core6,10,42
2024-11-20,0.0004400922916829586,1.0,0.0005,-5.990770831704141e-05,0.6695047806485875,5.0,mlp,core6,10,42
2024-11-21,-0.00263661946519278,1.5,0.00075,-0.0033866194651927797,0.6672374227264034,5.0,mlp,core6,10,42
2024-11-22,-0.002097220771247521,1.0,0.0005,-0.002597220771247521,0.6655044598327448,5.0,mlp,core6,10,42
2024-11-25,-0.004572932957671583,0.0,0.0,-0.004572932957671583,0.6624611525548981,5.0,mlp,core6,10,42
2024-11-26,-0.0041247582994401455,0.5,0.00025,-0.004374758299440146,0.6595630451297019,5.0,mlp,core6,10,42
2024-11-27,-9.99670537566999e-05,0.5,0.00025,-0.0003499670537566999,0.659332219794031,5.0,mlp,core6,10,42
2024-11-28,0.0016147649148479104,0.0,0.0,0.0016147649148479104,0.6603968863297832,5.0,mlp,core6,10,42
2024-11-29,-0.004444031379534863,1.0,0.0005,-0.004944031379534863,0.6571318634008216,5.0,mlp,core6,10,42
2024-12-02,-0.0019600535088102333,0.5,0.00025,-0.0022100535088102335,0.6556795668203617,5.0,mlp,core6,10,42
2024-12-03,0.0038198089750949293,0.5,0.00025,0.003569808975094929,0.6580202176227833,5.0,mlp,core6,10,42
2024-12-04,-0.004341552470577881,1.5,0.00075,-0.0050915524705778805,0.6546698731580558,5.0,mlp,core6,10,42
2024-12-05,-0.00254877406405285,1.0,0.0005,-0.00304877406405285,0.6526739326282548,5.0,mlp,core6,10,42
2024-12-06,0.005868176715011941,0.5,0.00025,0.005618176715011941,0.6563407701190421,5.0,mlp,core6,10,42
2024-12-09,-0.00246311814407818,0.5,0.00025,-0.0027131181440781804,0.6545600400669339,5.0,mlp,core6,10,42
2024-12-10,0.0016532901499886066,1.0,0.0005,0.0011532901499886066,0.6553149377137193,5.0,mlp,core6,10,42
2024-12-11,-0.0023034197511151433,1.0,0.0005,-0.0028034197511151433,0.6534778148741319,5.0,mlp,core6,10,42
2024-12-12,0.004092028873856179,0.5,0.00025,0.003842028873856179,0.6559884955073028,5.0,mlp,core6,10,42
2024-12-13,-0.005876068316865712,0.5,0.00025,-0.006126068316865713,0.6519698651687471,5.0,mlp,core6,10,42
2024-12-16,-0.0007021294441074133,0.5,0.00025,-0.0009521294441074133,0.6513491054634493,5.0,mlp,core6,10,42
2024-12-17,-0.0029712431132793427,1.0,0.0005,-0.0034712431132793427,0.6490881143667686,5.0,mlp,core6,10,42
2024-12-18,0.01580628356896341,0.5,0.00025,0.015556283568963408,0.6591855131351018,5.0,mlp,core6,10,42
2024-12-19,-0.004279301851056516,1.0,0.0005,-0.004779301851056517,0.6560350665919855,5.0,mlp,core6,10,42
2024-12-20,-4.750024527311325e-05,1.0,0.0005,-0.0005475002452731133,0.6556758872321187,5.0,mlp,core6,10,42
2024-12-23,-0.00019390686793485656,1.0,0.0005,-0.0006939068679348566,0.6552209092308291,5.0,mlp,core6,10,42
2024-12-24,0.0004743147874251008,0.5,0.00025,0.0002243147874251008,0.6553678849697996,5.0,mlp,core6,10,42
2024-12-25,0.002580961285275407,1.0,0.0005,0.002080961285275407,0.6567316801660346,5.0,mlp,core6,10,42
2024-12-26,-0.0028929266845807433,1.0,0.0005,-0.0033929266845807433,0.6545034377237897,5.0,mlp,core6,10,42
2024-12-27,-0.0022424173075705767,1.0,0.0005,-0.0027424173075705767,0.6527085161683116,5.0,mlp,core6,10,42
2024-12-30,0.0,1.5,0.00075,-0.00075,0.6522189847811853,5.0,mlp,core6,10,42
2024-12-31,-0.002425607992336154,1.5,0.00075,-0.0031756079923361538,0.6501477929603608,5.0,mlp,core6,10,42
2025-01-01,0.006312706507742405,2.0,0.001,0.005312706507742405,0.6536018373710157,5.0,mlp,core6,10,42
2025-01-02,0.004490069666644558,1.5,0.00075,0.0037400696666445585,0.6560463537770302,5.0,mlp,core6,10,42
2025-01-03,-0.0006269700825214386,0.5,0.00025,-0.0008769700825214386,0.6554710207520206,5.0,mlp,core6,10,42
2025-01-06,2.6682973839342594e-05,1.0,0.0005,-0.0004733170261606574,0.6551607751577437,5.0,mlp,core6,10,42
2025-01-07,0.0028822930762544274,1.0,0.0005,0.0023822930762544274,0.6567215601362355,5.0,mlp,core6,10,42
2025-01-08,0.001864411635324359,0.0,0.0,0.001864411635324359,0.6579459594541218,5.0,mlp,core6,10,42
2025-01-09,-0.0032145543955266476,1.0,0.0005,-0.0037145543955266476,0.6555019833984126,5.0,mlp,core6,10,42
2025-01-10,-0.00025570415891706944,1.0,0.0005,-0.0007557041589170694,0.6550066178233801,5.0,mlp,core6,10,42
2025-01-13,0.0036618614103645086,0.5,0.00025,0.0034118614103645084,0.657241409626265,5.0,mlp,core6,10,42
2025-01-14,0.005184100416954607,2.0,0.001,0.004184100416954607,0.6599913736823222,5.0,mlp,core6,10,42
2025-01-15,-0.002356678305659443,0.5,0.00025,-0.0026066783056594434,0.6582709884866221,5.0,mlp,core6,10,42
2025-01-16,0.000512739468831569,1.0,0.0005,1.2739468831568946e-05,0.6582793745093627,5.0,mlp,core6,10,42
2025-01-17,0.005068931262940168,0.0,0.0,0.005068931262940168,0.6616161474105619,5.0,mlp,core6,10,42
2025-01-20,-0.000810138022643514,1.0,0.0005,-0.001310138022643514,0.6607493389394444,5.0,mlp,core6,10,42
2025-01-21,0.003170360956573859,0.5,0.00025,0.0029203609565738586,0.6626789655109652,5.0,mlp,core6,10,42
2025-01-22,-0.0025073234864976257,0.5,0.00025,-0.002757323486497626,0.6608517452353538,5.0,mlp,core6,10,42
2025-01-23,-0.00032170338090509176,1.0,0.0005,-0.0008217033809050918,0.660308721122017,5.0,mlp,core6,10,42
2025-01-24,0.003768871261854656,1.0,0.0005,0.003268871261854656,0.6624671853244448,5.0,mlp,core6,10,42
2025-01-27,0.0020196184123051353,0.5,0.00025,0.0017696184123051353,0.6636394994531428,5.0,mlp,core6,10,42
2025-01-28,-0.0003885901824105531,0.5,0.00025,-0.0006385901824105531,0.6632157057841322,5.0,mlp,core6,10,42
2025-01-29,0.00320993535569869,1.0,0.0005,0.00270993535569869,0.6650129774736914,5.0,mlp,core6,10,42
2025-01-30,0.0,1.0,0.0005,-0.0005,0.6646804709849545,5.0,mlp,core6,10,42
2025-01-31,-0.0019647057633847,1.0,0.0005,-0.0024647057633847,0.6630422291973087,5.0,mlp,core6,10,42
2025-02-03,0.000916704535484314,1.0,0.0005,0.00041670453548431395,0.6633185219014329,5.0,mlp,core6,10,42
2025-02-04,-0.0006290033925324678,0.5,0.00025,-0.0008790033925324678,0.662735462670352,5.0,mlp,core6,10,42
2025-02-05,-0.0004672664508689195,0.5,0.00025,-0.0007172664508689195,0.6622601047571774,5.0,mlp,core6,10,42
2025-02-06,-0.0002973133232444525,1.0,0.0005,-0.0007973133232444525,0.6617320759522013,5.0,mlp,core6,10,42
2025-02-07,0.0018355939246248454,0.0,0.0,0.0018355939246248454,0.6629467473305486,5.0,mlp,core6,10,42
2025-02-10,0.006893686018884182,1.5,0.00075,0.006143686018884182,0.667019683993388,5.0,mlp,core6,10,42
2025-02-11,-0.006427964268368669,2.0,0.001,-0.007427964268368669,0.6620650856143865,5.0,mlp,core6,10,42
2025-02-12,-0.004261185240466148,1.5,0.00075,-0.0050111852404661475,0.6587473548291277,5.0,mlp,core6,10,42
2025-02-13,-0.003463784232735634,1.0,0.0005,-0.003963784232735634,0.6561362224506998,5.0,mlp,core6,10,42
2025-02-14,-0.002253931135783205,1.0,0.0005,-0.002753931135783205,0.6543292684783777,5.0,mlp,core6,10,42
2025-02-17,0.0027541426243260503,0.5,0.00025,0.00250414262432605,0.6559678022899185,5.0,mlp,core6,10,42
2025-02-18,-0.0021703517413698137,1.0,0.0005,-0.0026703517413698137,0.6542161375267911,5.0,mlp,core6,10,42
2025-02-19,0.002204705961048603,1.0,0.0005,0.001704705961048603,0.6553313836762472,5.0,mlp,core6,10,42
2025-02-20,-0.001428640418453142,1.5,0.00075,-0.002178640418453142,0.6539036522362893,5.0,mlp,core6,10,42
2025-02-21,0.0014937501982785761,2.0,0.001,0.0004937501982785761,0.6542265172942362,5.0,mlp,core6,10,42
2025-02-24,-0.0009208344854414463,1.0,0.0005,-0.0014208344854414463,0.6532969696971743,5.0,mlp,core6,10,42
2025-02-25,-0.002134420443326235,1.5,0.00075,-0.0028844204433262346,0.6514125865622167,5.0,mlp,core6,10,42
2025-02-26,0.0010084984824061394,1.5,0.00075,0.00025849848240613936,0.6515809757272633,5.0,mlp,core6,10,42
2025-02-27,0.0036095448303967714,0.0,0.0,0.0036095448303967714,0.6539328864697845,5.0,mlp,core6,10,42
2025-02-28,-0.0007717976695857942,0.0,0.0,-0.0007717976695857942,0.6534281825919417,5.0,mlp,core6,10,42
2025-03-03,0.0033577154390513897,1.0,0.0005,0.0028577154390513897,0.655295494397646,5.0,mlp,core6,10,42
2025-03-04,-0.01261320209596306,0.5,0.00025,-0.012863202095963061,0.6468662960206351,5.0,mlp,core6,10,42
2025-03-05,-0.0006719275552313775,1.0,0.0005,-0.0011719275552313775,0.6461082155837781,5.0,mlp,core6,10,42
2025-03-06,0.0060217599384486675,1.0,0.0005,0.005521759938448667,0.6496758700444911,5.0,mlp,core6,10,42
2025-03-07,0.004571678815409541,0.0,0.0,0.004571678815409541,0.6526459794564563,5.0,mlp,core6,10,42
2025-03-10,0.0034225956624140963,1.0,0.0005,0.0029225956624140963,0.6545533997651077,5.0,mlp,core6,10,42
2025-03-11,-0.0039769927388988435,0.5,0.00025,-0.004226992738898844,0.651786607297079,5.0,mlp,core6,10,42
2025-03-12,0.003398734494112432,1.0,0.0005,0.002898734494112432,0.6536759636184516,5.0,mlp,core6,10,42
2025-03-13,0.0019005152862519026,1.5,0.00075,0.0011505152862519026,0.65442802780685,5.0,mlp,core6,10,42
2025-03-14,-0.005682212766259909,2.0,0.001,-0.006682212766259909,0.6500550004848408,5.0,mlp,core6,10,42
2025-03-17,-0.0002538974513299763,2.0,0.001,-0.0012538974513299763,0.6492398981765085,5.0,mlp,core6,10,42
2025-03-18,-0.003201560233719647,1.0,0.0005,-0.003701560233719647,0.6468366975872742,5.0,mlp,core6,10,42
2025-03-19,-0.002313551667612046,1.5,0.00075,-0.003063551667612046,0.644855079943708,5.0,mlp,core6,10,42
2025-03-20,0.0020384720992296934,0.5,0.00025,0.0017884720992296934,0.6460083852622338,5.0,mlp,core6,10,42
2025-03-21,0.0017143575532827526,1.0,0.0005,0.0012143575532827526,0.6467928704243611,5.0,mlp,core6,10,42
2025-03-24,-0.002770389492070535,1.0,0.0005,-0.003270389492070535,0.6446776058173791,5.0,mlp,core6,10,42
2025-03-25,0.0002747204853221774,1.5,0.00075,-0.0004752795146778226,0.6443712037577626,5.0,mlp,core6,10,42
2025-03-26,-0.0024931647567427717,1.0,0.0005,-0.0029931647567427717,0.6424424945804149,5.0,mlp,core6,10,42
2025-03-27,-0.004992415615561185,2.0,0.001,-0.005992415615561185,0.6385927121437911,5.0,mlp,core6,10,42
2025-03-28,-0.005277366377413273,0.5,0.00025,-0.005527366377413273,0.6350629762578264,5.0,mlp,core6,10,42
2025-03-31,0.0030761658999836072,1.0,0.0005,0.0025761658999836072,0.6366990038416039,5.0,mlp,core6,10,42
2025-04-01,-0.005205963971093297,1.0,0.0005,-0.0057059639710932974,0.6330660222652528,5.0,mlp,core6,10,42
2025-04-02,0.009185118484310806,1.0,0.0005,0.008685118484310805,0.6385642756770179,5.0,mlp,core6,10,42
2025-04-03,0.014251945540308952,1.0,0.0005,0.013751945540308952,0.6473457768201151,5.0,mlp,core6,10,42
2025-04-04,0.0053827769588679075,1.0,0.0005,0.004882776958867907,0.6505066218635928,5.0,mlp,core6,10,42
2025-04-07,-0.0018876043614000082,1.0,0.0005,-0.002387604361400008,0.6489534694161117,5.0,mlp,core6,10,42
2025-04-08,-0.011400874122045934,1.5,0.00075,-0.012150874122045935,0.6410681174981715,5.0,mlp,core6,10,42
2025-04-09,0.011289085727185011,0.0,0.0,0.011289085727185011,0.6483051904335735,5.0,mlp,core6,10,42
2025-04-10,-0.0036174149718135595,1.0,0.0005,-0.00411741497181356,0.6456358489361779,5.0,mlp,core6,10,42
2025-04-11,0.00047984899720177054,1.5,0.00075,-0.00027015100279822947,0.6454614297641452,5.0,mlp,core6,10,42
2025-04-14,0.004570277626044117,1.0,0.0005,0.0040702776260441165,0.6480886369801887,5.0,mlp,core6,10,42
2025-04-15,0.005079341535747517,1.0,0.0005,0.0045793415357475165,0.6510564561943581,5.0,mlp,core6,10,42
2025-04-16,0.0005481168627738953,1.5,0.00075,-0.00020188313722610475,0.6509250188744703,5.0,mlp,core6,10,42
2025-04-17,-0.000548718380741775,1.5,0.00075,-0.001298718380741775,0.6500796505879733,5.0,mlp,core6,10,42
2025-04-18,-0.00022323010489344597,2.0,0.001,-0.001223230104893446,0.6492844535887955,5.0,mlp,core6,10,42
2025-04-21,-0.0005032619519624859,2.0,0.001,-0.001503261951962486,0.6483084089737147,5.0,mlp,core6,10,42
2025-04-22,0.0011582272127270699,1.0,0.0005,0.0006582272127270698,0.648735143210741,5.0,mlp,core6,10,42
2025-04-23,-0.0001322990283370018,1.5,0.00075,-0.0008822990283370018,0.6481627648242381,5.0,mlp,core6,10,42
2025-04-24,0.004365140121080913,2.0,0.001,0.0033651401210809126,0.6503439233491389,5.0,mlp,core6,10,42
2025-04-25,-0.005581788020208478,1.0,0.0005,-0.006081788020208478,0.6463886694670988,5.0,mlp,core6,10,42
2025-04-28,-0.0013515478640329093,1.0,0.0005,-0.0018515478640329093,0.645191849906812,5.0,mlp,core6,10,42
2025-04-29,0.005638405214995146,1.5,0.00075,0.004888405214995146,0.6483458091105688,5.0,mlp,core6,10,42
2025-04-30,-0.0005462123081088066,0.5,0.00025,-0.0007962123081088066,0.6478295881974443,5.0,mlp,core6,10,42
2025-05-01,0.004701792495325208,0.5,0.00025,0.0044517924953252075,0.6507135910964312,5.0,mlp,core6,10,42
2025-05-02,0.002546577650718973,1.0,0.0005,0.002046577650718973,0.6520453269889883,5.0,mlp,core6,10,42
2025-05-05,-0.00024181092157959938,1.5,0.00075,-0.0009918109215795994,0.6513986213123156,5.0,mlp,core6,10,42
2025-05-06,0.0014539600815623999,1.0,0.0005,0.0009539600815623999,0.6520200295942324,5.0,mlp,core6,10,42
2025-05-07,0.005392103688791394,1.0,0.0005,0.004892103688791394,0.6552097791861763,5.0,mlp,core6,10,42
2025-05-08,-0.00318653421709314,2.0,0.001,-0.00418653421709314,0.6524667210262394,5.0,mlp,core6,10,42
2025-05-09,-0.004922947380691767,0.5,0.00025,-0.005172947380691767,0.6490915450107182,5.0,mlp,core6,10,42
2025-05-12,-0.0069281551986932755,0.5,0.00025,-0.007178155198693276,0.6444322651624717,5.0,mlp,core6,10,42
2025-05-13,-0.005137225263752043,2.0,0.001,-0.006137225263752043,0.6404772391839396,5.0,mlp,core6,10,42
2025-05-14,-0.003962260612752289,1.5,0.00075,-0.004712260612752288,0.6374591435163688,5.0,mlp,core6,10,42
2025-05-15,-0.002292157798365224,0.0,0.0,-0.002292157798365224,0.6359979865694185,5.0,mlp,core6,10,42
2025-05-16,0.0020183594315312803,0.5,0.00025,0.0017683594315312803,0.6371226596074034,5.0,mlp,core6,10,42
2025-05-19,0.004098511766642332,1.5,0.00075,0.0033485117666423323,0.6392560723298932,5.0,mlp,core6,10,42
2025-05-20,0.00036776711931452155,0.5,0.00025,0.00011776711931452155,0.6393313556760358,5.0,mlp,core6,10,42
2025-05-21,0.0015914390346551954,1.0,0.0005,0.0010914390346551954,0.6400291468736997,5.0,mlp,core6,10,42
2025-05-22,0.0003567484673112631,1.5,0.00075,-0.00039325153268873693,0.6397774544307262,5.0,mlp,core6,10,42
2025-05-23,0.0008697607554495335,1.5,0.00075,0.00011976075544953345,0.6398540746619884,5.0,mlp,core6,10,42
2025-05-26,0.0005441422108560801,2.0,0.001,-0.00045585778914391997,0.6395623921981383,5.0,mlp,core6,10,42
2025-05-27,0.0014648489886894822,1.0,0.0005,0.0009648489886894822,0.6401794733254546,5.0,mlp,core6,10,42
2025-05-28,-0.0003845997853204608,0.0,0.0,-0.0003845997853204608,0.639933260437447,5.0,mlp,core6,10,42
2025-05-29,0.0006989206885918975,1.0,0.0005,0.00019892068859189748,0.6400605564022661,5.0,mlp,core6,10,42
2025-05-30,0.004172527376795188,2.0,0.001,0.0031725273767951876,0.6420911660402592,5.0,mlp,core6,10,42
2025-06-02,-0.00575121893780306,2.0,0.001,-0.00675121893780306,0.6377562680002922,5.0,mlp,core6,10,42
2025-06-03,-0.0026892394525930285,2.0,0.001,-0.0036892394525930286,0.635403432415247,5.0,mlp,core6,10,42
2025-06-04,0.0014905029674991965,1.0,0.0005,0.0009905029674991965,0.6360328014006135,5.0,mlp,core6,10,42
2025-06-05,-0.00167438096832484,1.0,0.0005,-0.00217438096832484,0.6346498237820177,5.0,mlp,core6,10,42
2025-06-06,-0.0002848344847734552,1.0,0.0005,-0.0007848344847734552,0.6341517287145583,5.0,mlp,core6,10,42
2025-06-09,0.0009147820237558335,2.0,0.001,-8.521797624416651e-05,0.6340976875876054,5.0,mlp,core6,10,42
2025-06-10,-0.003077541579841636,1.0,0.0005,-0.003577541579841636,0.6318291767445794,5.0,mlp,core6,10,42
2025-06-11,-0.0013624423299916089,1.0,0.0005,-0.0018624423299916089,0.6306524313404865,5.0,mlp,core6,10,42
2025-06-12,0.004543371440377086,0.5,0.00025,0.004293371440377086,0.6333600564780081,5.0,mlp,core6,10,42
2025-06-13,0.0040054018900264055,0.5,0.00025,0.0037554018900264052,0.6357385780311727,5.0,mlp,core6,10,42
2025-06-16,-0.0014433828182518482,0.5,0.00025,-0.0016933828182518482,0.6346620292462349,5.0,mlp,core6,10,42
2025-06-17,-0.0019018636958207935,1.0,0.0005,-0.0024018636958207935,0.6331376575590725,5.0,mlp,core6,10,42
2025-06-18,-0.0013142283769411733,0.5,0.00025,-0.0015642283769411733,0.6321472856686086,5.0,mlp,core6,10,42
2025-06-19,-0.002636594173964113,0.5,0.00025,-0.0028865941739641132,0.6303225329967104,5.0,mlp,core6,10,42
2025-06-20,-0.007358842500252649,0.0,0.0,-0.007358842500252649,0.6256840887520273,5.0,mlp,core6,10,42
2025-06-23,0.0020476078207138926,0.0,0.0,0.0020476078207138926,0.6269652443854522,5.0,mlp,core6,10,42
2025-06-24,0.0009495677804807201,1.5,0.00075,0.0001995677804807201,0.6270903664477128,5.0,mlp,core6,10,42
2025-06-25,-0.003456132486462593,1.0,0.0005,-0.0039561324864625935,0.6246095138770613,5.0,mlp,core6,10,42
2025-06-26,-0.003976009873440489,2.0,0.001,-0.004976009873440489,0.6215014507689642,5.0,mlp,core6,10,42
2025-06-27,0.0027184293721802533,2.0,0.001,0.0017184293721802532,0.6225694571168183,5.0,mlp,core6,10,42
2025-06-30,-0.0015285530826076865,1.0,0.0005,-0.0020285530826076865,0.6213065419254467,5.0,mlp,core6,10,42
2025-07-01,0.0028877813747385517,1.0,0.0005,0.0023877813747385517,0.6227900861142595,5.0,mlp,core6,10,42
2025-07-02,0.003971401049057022,1.5,0.00075,0.003221401049057022,0.6247963427510103,5.0,mlp,core6,10,42
2025-07-03,-0.0004624822104233317,1.5,0.00075,-0.0012124822104233317,0.624038788300287,5.0,mlp,core6,10,42
2025-07-04,0.001601597759872675,0.0,0.0,0.001601597759872675,0.6250382474257025,5.0,mlp,core6,10,42
2025-07-07,0.00281825392448809,2.0,0.001,0.00181825392448809,0.6261747256720395,5.0,mlp,core6,10,42
2025-07-08,-0.0034065604559145868,1.0,0.0005,-0.003906560455914587,0.6237285362502359,5.0,mlp,core6,10,42
2025-07-09,-0.0038285079644992948,0.5,0.00025,-0.004078507964499295,0.6211846544474539,5.0,mlp,core6,10,42
2025-07-10,0.0005545363019336946,2.0,0.001,-0.0004454636980663054,0.6209079392341017,5.0,mlp,core6,10,42
2025-07-11,0.002694407943636179,2.0,0.001,0.001694407943636179,0.6219600105786068,5.0,mlp,core6,10,42
2025-07-14,0.001283485908061266,1.0,0.0005,0.0007834859080612659,0.6224473074822728,5.0,mlp,core6,10,42
2025-07-15,-0.0027515844121808186,0.5,0.00025,-0.003001584412180819,0.6205789793467301,5.0,mlp,core6,10,42
2025-07-16,-0.0022396594868041575,0.5,0.00025,-0.0024896594868041577,0.6190339490034883,5.0,mlp,core6,10,42
2025-07-17,0.004868068470386788,0.5,0.00025,0.004618068470386788,0.6218926901654803,5.0,mlp,core6,10,42
2025-07-18,-0.001691446639597416,1.0,0.0005,-0.002191446639597416,0.620529845519427,5.0,mlp,core6,10,42
2025-07-21,0.0013879194157198071,1.0,0.0005,0.0008879194157198071,0.6210808260172974,5.0,mlp,core6,10,42
2025-07-22,-0.002235898864455521,1.0,0.0005,-0.002735898864455521,0.6193816116906616,5.0,mlp,core6,10,42
2025-07-23,0.0001231538481079042,1.0,0.0005,-0.0003768461518920958,0.6191482001137433,5.0,mlp,core6,10,42
2025-07-24,-2.5930485207936727e-05,0.0,0.0,-2.5930485207936727e-05,0.6191321453004988,5.0,mlp,core6,10,42
2025-07-25,-0.002409600419923663,1.0,0.0005,-0.002909600419923663,0.6173307181505442,5.0,mlp,core6,10,42
2025-07-28,-0.002118427350069396,0.0,0.0,-0.002118427350069396,0.6160229478731761,5.0,mlp,core6,10,42
2025-07-29,-0.0004008819814771414,0.5,0.00025,-0.0006508819814771414,0.615621989636229,5.0,mlp,core6,10,42
2025-07-30,0.003826302330708131,0.5,0.00025,0.003576302330708131,0.6178236399926003,5.0,mlp,core6,10,42
2025-07-31,-0.009524927008897066,0.5,0.00025,-0.009774927008897066,0.6117844590073015,5.0,mlp,core6,10,42
2025-08-01,0.0026815818491741084,1.5,0.00075,0.0019315818491741083,0.6129661707639268,5.0,mlp,core6,10,42
2025-08-04,-0.0026725729621830396,1.5,0.00075,-0.0034225729621830394,0.6108682493211373,5.0,mlp,core6,10,42
2025-08-05,-0.004295745282433927,0.0,0.0,-0.004295745282433927,0.6082441149209273,5.0,mlp,core6,10,42
2025-08-06,-0.0013211431360105053,1.0,0.0005,-0.0018211431360105053,0.6071364153260204,5.0,mlp,core6,10,42
2025-08-07,-0.0013366361381486058,1.5,0.00075,-0.0020866361381486056,0.6058695425410151,5.0,mlp,core6,10,42
2025-08-08,-0.0007106091361492872,1.5,0.00075,-0.0014606091361492872,0.604984603951865,5.0,mlp,core6,10,42
2025-08-11,0.0019216291839256883,1.5,0.00075,0.0011716291839256883,0.6056934215696808,5.0,mlp,core6,10,42
2025-08-12,-0.000707210332620889,2.0,0.001,-0.001707210332620889,0.6046593755019765,5.0,mlp,core6,10,42
2025-08-13,0.0006214866880327463,1.0,0.0005,0.0001214866880327463,0.6047328335668942,5.0,mlp,core6,10,42
2025-08-14,9.661819785833359e-05,1.0,0.0005,-0.0004033818021416664,0.6044888953466758,5.0,mlp,core6,10,42
2025-08-15,0.003788285452174023,1.0,0.0005,0.003288285452174023,0.6064766273872451,5.0,mlp,core6,10,42
2025-08-18,0.0038985674764262512,1.0,0.0005,0.0033985674764262512,0.6085377791282961,5.0,mlp,core6,10,42
2025-08-19,-0.002289247961016372,1.5,0.00075,-0.0030392479610163716,0.606688281923879,5.0,mlp,core6,10,42
2025-08-20,-0.0015943594626151025,1.0,0.0005,-0.0020943594626151025,0.605417658579774,5.0,mlp,core6,10,42
2025-08-21,-0.0017128796316683292,0.5,0.00025,-0.0019628796316683295,0.6042292965890955,5.0,mlp,core6,10,42
2025-08-22,0.00272633065469563,1.0,0.0005,0.00222633065469563,0.605574510794557,5.0,mlp,core6,10,42
2025-08-25,0.0014963106368668377,1.5,0.00075,0.0007463106368668377,0.6060264574933785,5.0,mlp,core6,10,42
2025-08-26,0.00032790645491331816,1.0,0.0005,-0.00017209354508668185,0.6059221642518922,5.0,mlp,core6,10,42
2025-08-27,0.0009963949742086697,1.5,0.00075,0.0002463949742086697,0.6060714604279255,5.0,mlp,core6,10,42
2025-08-28,-0.0006197668553795666,0.5,0.00025,-0.0008697668553795666,0.6055443195596538,5.0,mlp,core6,10,42
2025-08-29,-0.0010954949357255828,1.0,0.0005,-0.0015954949357255828,0.604578176664439,5.0,mlp,core6,10,42
2025-09-01,0.004105548141524196,1.0,0.0005,0.0036055481415241957,0.6067580123857176,5.0,mlp,core6,10,42
2025-09-02,0.0005643032491207123,0.5,0.00025,0.0003143032491207123,0.6069487184004404,5.0,mlp,core6,10,42
2025-09-03,-0.0003945806820411235,1.0,0.0005,-0.0008945806820411235,0.6064057538019698,5.0,mlp,core6,10,42
2025-09-04,-0.003056486777495593,0.5,0.00025,-0.003306486777495593,0.6044006811952264,5.0,mlp,core6,10,42
2025-09-05,0.002707448787987232,1.0,0.0005,0.002207448787987232,0.6057348647463895,5.0,mlp,core6,10,42
2025-09-08,-0.0006810043705627322,0.5,0.00025,-0.0009310043705627322,0.6051709229399084,5.0,mlp,core6,10,42
2025-09-09,0.0011047864754800685,0.5,0.00025,0.0008547864754800685,0.6056882148601912,5.0,mlp,core6,10,42
2025-09-10,0.00220265903044492,0.5,0.00025,0.00195265903044492,0.6068709174225719,5.0,mlp,core6,10,42
2025-09-11,-0.0009192502475343645,0.5,0.00025,-0.0011692502475343645,0.6061613334521542,5.0,mlp,core6,10,42
2025-09-12,0.0009386555175296962,1.0,0.0005,0.0004386555175296962,0.6064272294655861,5.0,mlp,core6,10,42
2025-09-15,0.0003791492199525237,0.5,0.00025,0.0001291492199525237,0.6065055490692295,5.0,mlp,core6,10,42
2025-09-16,-0.00015760480891913176,0.5,0.00025,-0.00040760480891913176,0.6062583344907927,5.0,mlp,core6,10,42
2025-09-17,-0.002013932913541794,1.0,0.0005,-0.002513932913541794,0.6047342417096073,5.0,mlp,core6,10,42
2025-09-18,0.003691314603202045,0.5,0.00025,0.0034413146032020447,0.6068153224866588,5.0,mlp,core6,10,42
2025-09-19,0.0037351059436332434,1.0,0.0005,0.0032351059436332434,0.6087784343431232,5.0,mlp,core6,10,42
2025-09-22,-0.0010444025101605803,1.0,0.0005,-0.0015444025101605803,0.607838235400992,5.0,mlp,core6,10,42
2025-09-23,-0.0002569353673607111,1.5,0.00075,-0.0010069353673607111,0.6072261815841327,5.0,mlp,core6,10,42
2025-09-24,5.062227137386799e-05,1.0,0.0005,-0.000449377728626132,0.6069533076618902,5.0,mlp,core6,10,42
2025-09-25,-0.003329724189825356,1.0,0.0005,-0.003829724189825356,0.604628843897443,5.0,mlp,core6,10,42
2025-09-26,-0.002743040182394907,1.0,0.0005,-0.003243040182394907,0.6026680082612487,5.0,mlp,core6,10,42
2025-09-29,0.002227654491434805,1.0,0.0005,0.001727654491434805,0.6037092103525653,5.0,mlp,core6,10,42
2025-09-30,-0.0034365656902082264,1.5,0.00075,-0.004186565690208226,0.6011817420856406,5.0,mlp,core6,10,42
2025-10-01,0.002237221247924026,1.0,0.0005,0.001737221247924026,0.6022261277818558,5.0,mlp,core6,10,42
2025-10-02,0.0029144197033019736,1.5,0.00075,0.002164419703301974,0.6035295978786701,5.0,mlp,core6,10,42
2025-10-03,-0.003260652389144525,1.5,0.00075,-0.004010652389144525,0.6011090504550186,5.0,mlp,core6,10,42
2025-10-06,-0.005453289588331245,1.0,0.0005,-0.005953289588331245,0.5975304742034931,5.0,mlp,core6,10,42
2025-10-07,0.0025921238484443165,2.0,0.001,0.0015921238484443165,0.5984818167216448,5.0,mlp,core6,10,42
2025-10-08,-0.0005171931115910411,0.0,0.0,-0.0005171931115910411,0.5981722860486238,5.0,mlp,core6,10,42
2025-10-09,0.0048119863495230675,1.0,0.0005,0.004311986349523067,0.6007515967807285,5.0,mlp,core6,10,42
2025-10-10,-0.001295901442063041,0.5,0.00025,-0.001545901442063041,0.5998228940209436,5.0,mlp,core6,10,42
2025-10-13,-0.0003930328966816887,0.0,0.0,-0.0003930328966816887,0.5995871438914105,5.0,mlp,core6,10,42
2025-10-14,-0.0011116683381260373,0.5,0.00025,-0.0013616683381260373,0.5987707050616262,5.0,mlp,core6,10,42
2025-10-15,0.005968993529677391,1.0,0.0005,0.005468993529677391,0.6020453781733687,5.0,mlp,core6,10,42
2025-10-16,-0.004041700507514179,0.5,0.00025,-0.004291700507514179,0.5994615797183155,5.0,mlp,core6,10,42
2025-10-17,-0.0006568366952706128,1.0,0.0005,-0.0011568366952706128,0.5987681005654925,5.0,mlp,core6,10,42
2025-10-20,-0.0017250359524041414,1.0,0.0005,-0.0022250359524041414,0.5974358200145815,5.0,mlp,core6,10,42
2025-10-21,0.001432778182788752,0.5,0.00025,0.001182778182788752,0.5981424540681112,5.0,mlp,core6,10,42
2025-10-22,-0.001654652296565473,1.0,0.0005,-0.002154652296565473,0.5968536650557801,5.0,mlp,core6,10,42
2025-10-23,0.0008395146287512034,1.0,0.0005,0.0003395146287512034,0.5970563056062903,5.0,mlp,core6,10,42
2025-10-24,-0.0035213590745115653,0.5,0.00025,-0.0037713590745115655,0.5948045918901477,5.0,mlp,core6,10,42
2025-10-27,0.0021608296083286405,0.5,0.00025,0.0019108296083286405,0.5959411621155012,5.0,mlp,core6,10,42
2025-10-28,-0.006582674570381641,1.0,0.0005,-0.007082674570381642,0.5917203048011421,5.0,mlp,core6,10,42
2025-10-29,-0.002157247974537313,0.5,0.00025,-0.002407247974537313,0.590295887295917,5.0,mlp,core6,10,42
2025-10-30,0.0,0.5,0.00025,-0.00025,0.590148313324093,5.0,mlp,core6,10,42
2025-10-31,-0.00016793771646916866,0.0,0.0,-0.00016793771646916866,0.5900492051639752,5.0,mlp,core6,10,42
2025-11-03,0.0065451269038021564,0.0,0.0,0.0065451269038021564,0.593911152091261,5.0,mlp,core6,10,42
2025-11-04,-0.00014001430827192962,1.5,0.00075,-0.0008900143082719296,0.5933825626680574,5.0,mlp,core6,10,42
2025-11-05,-0.0039061309944372624,1.0,0.0005,-0.004406130994437263,0.5907680413671271,5.0,mlp,core6,10,42
2025-11-06,0.0018426438691676594,0.5,0.00025,0.0015926438691676594,0.5917089244663106,5.0,mlp,core6,10,42
2025-11-07,-0.0017681863391771913,1.0,0.0005,-0.0022681863391771913,0.590366818367067,5.0,mlp,core6,10,42
2025-11-10,0.002694559603696689,1.0,0.0005,0.002194559603696689,0.5916624135380183,5.0,mlp,core6,10,42
2025-11-11,-0.0010843233758350834,0.5,0.00025,-0.0013343233758350834,0.5908729445490315,5.0,mlp,core6,10,42
2025-11-12,0.00127546934527345,1.0,0.0005,0.00077546934527345,0.5913311484044808,5.0,mlp,core6,10,42
2025-11-13,-0.0013993328902870417,1.0,0.0005,-0.0018993328902870417,0.590208013705265,5.0,mlp,core6,10,42
2025-11-14,0.0023631041403859854,1.0,0.0005,0.0018631041403859854,0.5913076326992883,5.0,mlp,core6,10,42
2025-11-17,-0.002591025666333735,1.5,0.00075,-0.003341025666333735,0.589332058721741,5.0,mlp,core6,10,42
2025-11-18,0.0008225894998759031,1.0,0.0005,0.0003225894998759031,0.5895221710558249,5.0,mlp,core6,10,42
2025-11-19,0.0005773363991465885,1.0,0.0005,7.733639914658851e-05,0.5895677625777516,5.0,mlp,core6,10,42
2025-11-20,-0.0016249173932010308,0.5,0.00025,-0.0018749173932010308,0.588462371725224,5.0,mlp,core6,10,42
2025-11-21,-0.0010591961436148267,1.0,0.0005,-0.0015591961436148267,0.5875448434645676,5.0,mlp,core6,10,42
2025-11-24,0.000885396875673905,0.0,0.0,0.000885396875673905,0.5880650538332894,5.0,mlp,core6,10,42
2025-11-25,-0.0031115494202822447,0.5,0.00025,-0.003361549420282245,0.5860882440924879,5.0,mlp,core6,10,42
2025-11-26,-0.0011709495447576046,1.0,0.0005,-0.0016709495447576046,0.5851089202078339,5.0,mlp,core6,10,42
2025-11-27,0.0027888003569387365,1.0,0.0005,0.0022888003569387365,0.5864481177132537,5.0,mlp,core6,10,42
2025-11-28,-0.0033356091880705208,0.5,0.00025,-0.003585609188070521,0.5843453439540544,5.0,mlp,core6,10,42
2025-12-01,0.0016546955303056166,1.0,0.0005,0.0011546955303056165,0.585020084910873,5.0,mlp,core6,10,42
2025-12-02,-0.004594753845594823,0.5,0.00025,-0.004844753845594824,0.5821858066047508,5.0,mlp,core6,10,42
2025-12-03,0.0006630554998992011,0.5,0.00025,0.0004130554998992011,0.5824262816541321,5.0,mlp,core6,10,42
2025-12-04,0.004368237758171745,0.5,0.00025,0.004118237758171744,0.5848248515585917,5.0,mlp,core6,10,42
2025-12-05,-0.0016356517662643455,1.0,0.0005,-0.0021356517662643455,0.5835758693314053,5.0,mlp,core6,10,42
2025-12-08,-0.004183022101642564,1.5,0.00075,-0.004933022101642564,0.5806970766700081,5.0,mlp,core6,10,42
2025-12-09,-0.0032943967380560935,1.0,0.0005,-0.0037943967380560935,0.5784936815764928,5.0,mlp,core6,10,42
2025-12-10,0.0027121995808556676,0.5,0.00025,0.0024621995808556674,0.5799180484767981,5.0,mlp,core6,10,42
2025-12-11,0.0027978167054243386,1.0,0.0005,0.0022978167054243386,0.5812505938563651,5.0,mlp,core6,10,42
2025-12-12,-0.002981960504257586,1.0,0.0005,-0.003481960504257586,0.579226702245481,5.0,mlp,core6,10,42
2025-12-15,-0.0014359027554746717,0.5,0.00025,-0.0016859027554746717,0.5782501823521209,5.0,mlp,core6,10,42
2025-12-16,0.0011802349472418427,0.5,0.00025,0.0009302349472418427,0.5787880908799937,5.0,mlp,core6,10,42
2025-12-17,-0.0011961330892518163,1.0,0.0005,-0.0016961330892518163,0.5778063892473874,5.0,mlp,core6,10,42
